_,_,01:750:109:01,Astronomy&cosmology,"Hughes, John",125.0,60.0,1.0,0.0,2.0,18.0,39.0,0.0,1.0,3.0,3.0,15.0,38.0,0.0,2.0,2.0,6.0,20.0,30.0,0.0,2.0,0.0,4.0,16.0,38.0,0.0,1.0,2.0,3.0,21.0,33.0,0.0,2.0,2.0,14.0,16.0,26.0,0.0,1.0,3.0,5.0,26.0,25.0,0.0,3.0,5.0,15.0,21.0,16.0,0.0,1.0,3.0,3.0,28.0,25.0,0.0,0.0,1.0,7.0,28.0,24.0,0.0,4.6,4.4,4.2,4.5,4.4,4.0,4.2,3.7,4.2,4.3
_,_,01:750:109:02,Astronomy&cosmology,"Jerez, Andres",94.0,31.0,0.0,0.0,2.0,10.0,19.0,0.0,0.0,1.0,3.0,11.0,16.0,0.0,0.0,2.0,5.0,8.0,16.0,0.0,0.0,0.0,7.0,7.0,17.0,0.0,0.0,1.0,0.0,11.0,19.0,0.0,0.0,1.0,8.0,9.0,13.0,0.0,0.0,3.0,4.0,8.0,16.0,0.0,0.0,2.0,7.0,9.0,13.0,0.0,0.0,2.0,5.0,11.0,13.0,0.0,0.0,2.0,5.0,11.0,13.0,0.0,4.6,4.4,4.2,4.3,4.6,4.1,4.2,4.1,4.1,4.1
_,_,01:750:115:R1,Extended Analytic I,"Cochran, Geraldine",395.0,337.0,2.0,6.0,21.0,113.0,193.0,2.0,1.0,9.0,19.0,92.0,212.0,4.0,2.0,4.0,46.0,98.0,182.0,5.0,0.0,5.0,18.0,98.0,213.0,3.0,6.0,13.0,32.0,103.0,180.0,3.0,6.0,11.0,37.0,103.0,176.0,4.0,5.0,12.0,55.0,155.0,109.0,1.0,14.0,27.0,88.0,113.0,94.0,1.0,7.0,15.0,24.0,102.0,186.0,3.0,5.0,14.0,44.0,143.0,130.0,1.0,4.45,4.55,4.35,4.6,4.3,4.3,4.05,3.7,4.35,4.15
_,_,01:750:123:01,Analytical Physics I,"Lath, Amitabh",21.0,9.0,0.0,1.0,0.0,1.0,7.0,0.0,1.0,0.0,0.0,2.0,6.0,0.0,0.0,0.0,2.0,2.0,5.0,0.0,0.0,1.0,1.0,2.0,5.0,0.0,0.0,0.0,0.0,4.0,5.0,0.0,0.0,0.0,1.0,2.0,6.0,0.0,0.0,0.0,1.0,5.0,3.0,0.0,0.0,1.0,0.0,6.0,2.0,0.0,0.0,1.0,0.0,3.0,5.0,0.0,0.0,1.0,2.0,3.0,3.0,0.0,4.6,4.3,4.3,4.2,4.6,4.6,4.2,4.0,4.3,3.9
_,_,01:750:123:01,Analytical Physics I,"Friedan, Daniel",729.0,388.0,6.0,15.0,58.0,133.0,170.0,6.0,7.0,9.0,71.0,141.0,150.0,10.0,11.0,15.0,64.0,116.0,177.0,5.0,6.0,5.0,52.0,129.0,187.0,9.0,12.0,10.0,70.0,121.0,118.0,57.0,11.0,25.0,75.0,128.0,145.0,4.0,8.0,28.0,100.0,164.0,82.0,6.0,15.0,36.0,95.0,138.0,98.0,6.0,16.0,17.0,82.0,140.0,127.0,6.0,25.0,30.0,102.0,143.0,85.0,3.0,4.175000000000001,4.125,4.125,4.25,3.975,3.95,3.725,3.75,3.9,3.625
_,_,01:750:123:08,Analytical Physics I,"Zamick, Larry",68.0,31.0,1.0,1.0,3.0,12.0,11.0,3.0,1.0,1.0,6.0,10.0,10.0,3.0,2.0,1.0,7.0,9.0,8.0,4.0,1.0,0.0,8.0,9.0,10.0,3.0,2.0,1.0,4.0,9.0,12.0,3.0,1.0,1.0,5.0,9.0,11.0,4.0,1.0,0.0,7.0,16.0,6.0,1.0,1.0,2.0,6.0,15.0,6.0,1.0,1.0,1.0,8.0,10.0,8.0,3.0,1.0,2.0,7.0,11.0,9.0,1.0,4.15,4.0,3.8,4.0,4.05,4.1,4.0,3.85,3.85,4.0
_,_,01:750:123:H1,Analytical Physics I,"Diaconescu, Duiliu",111.0,69.0,1.0,4.0,6.0,36.0,22.0,0.0,0.0,6.0,12.0,36.0,15.0,0.0,4.0,9.0,12.0,30.0,14.0,0.0,1.0,2.0,9.0,35.0,22.0,0.0,0.0,1.0,11.0,34.0,22.0,1.0,1.0,7.0,19.0,26.0,16.0,0.0,4.0,7.0,15.0,27.0,16.0,0.0,2.0,7.0,15.0,31.0,13.0,1.0,8.0,6.0,14.0,31.0,10.0,0.0,4.0,5.0,15.0,31.0,14.0,0.0,4.1,3.9,3.6,4.1,4.1,3.7,3.6,3.7,3.4,3.7
_,_,01:750:161:01,Elements Of Physics,"Chandra, Premala",378.0,175.0,13.0,29.0,44.0,64.0,24.0,1.0,16.0,37.0,40.0,52.0,28.0,2.0,17.0,29.0,50.0,48.0,29.0,2.0,10.0,16.0,39.0,68.0,39.0,3.0,6.0,9.0,34.0,75.0,41.0,10.0,27.0,31.0,47.0,40.0,27.0,3.0,17.0,25.0,46.0,61.0,23.0,3.0,33.0,34.0,55.0,31.0,17.0,5.0,35.0,37.0,48.0,34.0,19.0,2.0,27.0,32.0,62.0,34.0,17.0,3.0,3.3,3.25,3.25,3.65,3.8,3.05,3.25,2.8,2.8,2.85
_,_,01:750:161:06,Elements Of Physics,"Kloet, Willem",72.0,35.0,0.0,2.0,7.0,11.0,15.0,0.0,0.0,1.0,9.0,11.0,13.0,1.0,2.0,4.0,10.0,12.0,7.0,0.0,0.0,1.0,4.0,12.0,18.0,0.0,0.0,0.0,3.0,11.0,21.0,0.0,0.0,2.0,9.0,12.0,12.0,0.0,3.0,4.0,6.0,14.0,8.0,0.0,6.0,6.0,8.0,11.0,4.0,0.0,0.0,0.0,10.0,14.0,11.0,0.0,2.0,8.0,11.0,7.0,7.0,0.0,4.2,4.1,3.5999999999999996,4.45,4.45,4.0,3.65,2.9000000000000004,4.1,3.2
_,_,01:750:193:01,Physics For Sciences,"Wakim, David",53.0,15.0,0.0,0.0,0.0,1.0,14.0,0.0,0.0,0.0,0.0,3.0,12.0,0.0,0.0,0.0,1.0,4.0,10.0,0.0,0.0,0.0,0.0,2.0,13.0,0.0,0.0,0.0,0.0,0.0,15.0,0.0,0.0,0.0,1.0,0.0,13.0,1.0,0.0,0.0,1.0,6.0,8.0,0.0,4.0,2.0,6.0,1.0,2.0,0.0,0.0,0.0,0.0,2.0,13.0,0.0,0.0,0.0,2.0,6.0,7.0,0.0,4.9,4.8,4.6,4.9,5.0,4.9,4.5,2.7,4.9,4.3
_,_,01:750:193:01,Physics For Sciences,"Gentile, Michael",1639.0,511.0,2.0,10.0,21.0,95.0,355.0,28.0,1.0,1.0,11.0,101.0,368.0,29.0,2.0,5.0,26.0,108.0,339.0,31.0,1.0,1.0,8.0,77.0,393.0,31.0,1.0,4.0,33.0,123.0,313.0,37.0,0.0,5.0,26.0,119.0,329.0,32.0,4.0,23.0,53.0,211.0,188.0,32.0,60.0,124.0,148.0,79.0,70.0,30.0,1.0,3.0,28.0,130.0,335.0,14.0,9.0,12.0,58.0,197.0,218.0,17.0,4.772784423828124,4.739717864990235,4.6567741394042965,4.788045501708984,4.68111572265625,4.7492225646972654,4.309205627441406,3.1261329650878906,4.683919525146484,4.348483276367188
_,_,01:750:202:R6,Extended Gen Physics,"Chishti, Shumaila",88.0,33.0,0.0,0.0,0.0,8.0,24.0,1.0,0.0,0.0,1.0,6.0,25.0,1.0,0.0,0.0,2.0,6.0,24.0,1.0,0.0,2.0,0.0,6.0,24.0,1.0,0.0,0.0,0.0,7.0,25.0,1.0,0.0,1.0,0.0,7.0,24.0,1.0,0.0,0.0,0.0,14.0,17.0,2.0,3.0,1.0,10.0,10.0,7.0,2.0,0.0,0.0,2.0,6.0,24.0,1.0,0.0,1.0,0.0,14.0,16.0,2.0,4.671875,4.71875,4.69375,4.76875,4.721875,4.703125,4.48125,3.478125,4.63125,4.315625000000001
_,_,01:750:203:26,General Physics,"Ruggieri, Charles",20.0,10.0,0.0,0.0,0.0,1.0,9.0,0.0,0.0,0.0,0.0,1.0,9.0,0.0,0.0,0.0,1.0,0.0,9.0,0.0,0.0,0.0,0.0,0.0,10.0,0.0,0.0,0.0,0.0,1.0,9.0,0.0,0.0,0.0,1.0,1.0,8.0,0.0,0.0,0.0,0.0,5.0,5.0,0.0,1.0,2.0,2.0,3.0,2.0,0.0,0.0,0.0,0.0,2.0,8.0,0.0,0.0,1.0,0.0,2.0,7.0,0.0,4.9,4.9,4.8,5.0,4.9,4.7,4.5,3.3,4.8,4.5
_,_,01:750:204:02,General Physics,"Ruggieri, Charles",24.0,10.0,0.0,0.0,0.0,0.0,10.0,0.0,0.0,0.0,0.0,0.0,10.0,0.0,0.0,0.0,0.0,1.0,9.0,0.0,0.0,0.0,0.0,0.0,10.0,0.0,0.0,0.0,0.0,0.0,10.0,0.0,0.0,0.0,0.0,1.0,9.0,0.0,0.0,0.0,0.0,2.0,8.0,0.0,2.0,2.0,2.0,0.0,4.0,0.0,0.0,0.0,0.0,0.0,10.0,0.0,0.0,0.0,0.0,2.0,8.0,0.0,5.0,5.0,4.9,5.0,5.0,4.9,4.8,3.2,5.0,4.8
_,_,01:750:205:19,General Physics Lab,"Eisenchmied, Alexander",100.0,34.0,5.0,1.0,2.0,15.0,10.0,1.0,3.0,1.0,9.0,12.0,9.0,0.0,5.0,3.0,7.0,12.0,7.0,0.0,3.0,0.0,6.0,12.0,13.0,0.0,3.0,1.0,5.0,8.0,15.0,2.0,3.0,2.0,10.0,10.0,9.0,0.0,1.0,4.0,8.0,11.0,10.0,0.0,3.0,8.0,4.0,11.0,8.0,0.0,3.0,2.0,3.0,16.0,10.0,0.0,1.0,4.0,7.0,13.0,9.0,0.0,4.0,3.8,3.675,4.1,4.1375,3.8,3.7875,3.4125,4.012499999999999,3.8625
_,_,01:750:205:30,General Physics Lab,"Rajabi, Samira",74.0,22.0,0.0,1.0,1.0,7.0,11.0,2.0,1.0,0.0,3.0,3.0,13.0,2.0,0.0,0.0,3.0,5.0,12.0,2.0,0.0,0.0,2.0,5.0,12.0,3.0,2.0,1.0,2.0,4.0,11.0,2.0,1.0,1.0,2.0,5.0,11.0,2.0,1.0,3.0,5.0,7.0,4.0,2.0,2.0,3.0,7.0,3.0,5.0,2.0,1.0,1.0,3.0,4.0,12.0,1.0,1.0,1.0,3.0,9.0,7.0,1.0,4.574999999999999,4.425,4.6,4.625,4.225,4.425,3.525,3.5,4.25,3.975
_,_,01:750:206:02,General Physics Lab,"Lee, Brian",337.0,118.0,0.0,0.0,5.0,20.0,86.0,7.0,0.0,0.0,5.0,15.0,91.0,7.0,0.0,1.0,8.0,22.0,80.0,7.0,0.0,0.0,1.0,22.0,88.0,7.0,1.0,0.0,7.0,28.0,75.0,7.0,0.0,1.0,8.0,24.0,78.0,7.0,2.0,2.0,12.0,50.0,45.0,7.0,12.0,19.0,35.0,24.0,20.0,8.0,0.0,0.0,4.0,26.0,85.0,3.0,3.0,0.0,16.0,46.0,49.0,4.0,4.688232421875,4.795166015625,4.5528564453125,4.8593994140625,4.6867919921875,4.6297607421875,4.20166015625,3.14560546875,4.779931640625,3.9946533203124996
_,_,01:750:206:03,General Physics Lab,"Wang, Hao",214.0,72.0,1.0,0.0,9.0,12.0,48.0,2.0,1.0,3.0,8.0,13.0,45.0,2.0,2.0,4.0,6.0,21.0,37.0,2.0,1.0,2.0,7.0,14.0,46.0,2.0,2.0,3.0,11.0,13.0,42.0,1.0,3.0,4.0,8.0,17.0,39.0,1.0,4.0,5.0,11.0,20.0,31.0,1.0,10.0,6.0,23.0,13.0,19.0,1.0,4.0,3.0,6.0,13.0,43.0,3.0,2.0,2.0,14.0,25.0,27.0,2.0,4.373828125,4.270703125,4.13203125,4.229296874999999,4.454296875000001,4.154296875,3.721875,3.4468750000000004,3.9835937500000003,4.003125000000001
_,_,01:750:227:01,Analyt Physics II,"Montalvo, Roy",573.0,434.0,4.0,11.0,51.0,183.0,174.0,11.0,4.0,13.0,63.0,170.0,172.0,12.0,8.0,22.0,80.0,155.0,159.0,10.0,3.0,10.0,59.0,171.0,181.0,10.0,3.0,11.0,61.0,174.0,165.0,20.0,7.0,28.0,82.0,173.0,135.0,9.0,12.0,23.0,84.0,202.0,107.0,6.0,35.0,56.0,141.0,115.0,81.0,6.0,13.0,16.0,84.0,167.0,146.0,8.0,16.0,32.0,107.0,186.0,85.0,8.0,4.2,4.2,4.0,4.2,4.15,3.95,3.9,3.3499999999999996,3.95,3.7
_,_,01:750:227:02,Analyt Physics II,"Mastbaum, Andrew",79.0,70.0,0.0,1.0,0.0,19.0,50.0,0.0,0.0,2.0,1.0,23.0,44.0,0.0,1.0,1.0,10.0,28.0,30.0,0.0,0.0,0.0,2.0,17.0,51.0,0.0,0.0,0.0,3.0,19.0,48.0,0.0,1.0,1.0,6.0,28.0,34.0,0.0,1.0,2.0,11.0,38.0,18.0,0.0,6.0,5.0,27.0,19.0,13.0,0.0,0.0,2.0,4.0,22.0,41.0,1.0,1.0,5.0,20.0,29.0,15.0,0.0,4.7,4.6,4.2,4.7,4.6,4.3,4.0,3.4,4.5,3.7
_,_,01:750:227:14,Analyt Physics II,"Gershenson, Michael",96.0,71.0,0.0,2.0,7.0,33.0,26.0,3.0,0.0,6.0,8.0,26.0,26.0,5.0,0.0,7.0,13.0,22.0,24.0,5.0,0.0,2.0,7.0,32.0,26.0,4.0,0.0,2.0,8.0,31.0,27.0,3.0,0.0,6.0,9.0,29.0,24.0,3.0,2.0,6.0,15.0,29.0,16.0,3.0,6.0,10.0,20.0,21.0,11.0,3.0,1.0,4.0,15.0,23.0,24.0,4.0,4.0,10.0,17.0,24.0,14.0,2.0,4.2,4.05,3.95,4.15,4.199999999999999,4.0,3.75,3.3499999999999996,3.85,3.5
_,_,01:750:227:H1,Analyt Physics II,"Rabe, Karin",89.0,57.0,0.0,0.0,0.0,13.0,44.0,0.0,0.0,0.0,0.0,11.0,46.0,0.0,0.0,0.0,0.0,13.0,44.0,0.0,0.0,0.0,0.0,6.0,51.0,0.0,0.0,0.0,0.0,9.0,46.0,2.0,0.0,0.0,1.0,16.0,40.0,0.0,0.0,0.0,2.0,27.0,27.0,1.0,2.0,5.0,10.0,25.0,13.0,2.0,0.0,0.0,1.0,12.0,44.0,0.0,0.0,1.0,2.0,18.0,35.0,1.0,4.8,4.8,4.8,4.9,4.8,4.7,4.5,3.8,4.8,4.6
_,_,01:750:229:01,Anal Phys II Lab,"Townsend, Peter",55.0,34.0,1.0,2.0,2.0,14.0,15.0,0.0,1.0,8.0,1.0,14.0,10.0,0.0,2.0,2.0,11.0,11.0,7.0,1.0,1.0,3.0,5.0,19.0,6.0,0.0,1.0,6.0,6.0,12.0,9.0,0.0,2.0,3.0,8.0,12.0,9.0,0.0,2.0,4.0,8.0,16.0,4.0,0.0,1.0,6.0,10.0,11.0,6.0,0.0,2.0,4.0,9.0,10.0,8.0,1.0,2.0,5.0,16.0,8.0,3.0,0.0,4.15,3.7,3.6,3.75,3.65,3.7,3.45,3.45,3.5999999999999996,3.15
_,_,01:750:229:02,Anal Phys II Lab,"Mckeegan, Jeremy",267.0,125.0,4.0,3.0,12.0,57.0,49.0,0.0,7.0,8.0,11.0,53.0,46.0,0.0,4.0,6.0,18.0,54.0,42.0,1.0,9.0,9.0,23.0,44.0,39.0,1.0,5.0,1.0,22.0,53.0,43.0,1.0,8.0,5.0,21.0,47.0,43.0,1.0,3.0,6.0,24.0,62.0,29.0,1.0,9.0,17.0,39.0,38.0,20.0,2.0,9.0,0.0,26.0,49.0,39.0,2.0,5.0,11.0,25.0,63.0,21.0,0.0,4.1539062499999995,3.9781249999999995,3.9097656250000004,3.8232421875,4.089648437499999,3.898828125,4.0869140625,3.6287109375,3.978125,3.80546875
_,_,01:750:229:05,Anal Phys II Lab,"Geiko, Aleksandra",224.0,145.0,1.0,1.0,4.0,60.0,77.0,2.0,0.0,3.0,5.0,46.0,90.0,1.0,0.0,5.0,26.0,50.0,62.0,2.0,0.0,0.0,9.0,53.0,82.0,1.0,0.0,1.0,3.0,44.0,94.0,3.0,0.0,2.0,19.0,54.0,69.0,1.0,4.0,9.0,27.0,57.0,44.0,4.0,9.0,27.0,42.0,36.0,29.0,2.0,1.0,2.0,11.0,53.0,74.0,4.0,6.0,6.0,24.0,59.0,47.0,3.0,4.43125,4.515625,4.1921875,4.52890625,4.578906249999999,4.40546875,3.8499999999999996,3.4984375,4.327343750000001,3.94140625
_,_,01:750:271:H3,Honors Physics I,"Kiryukhin, Valery",49.0,29.0,0.0,0.0,3.0,5.0,21.0,0.0,0.0,1.0,5.0,7.0,16.0,0.0,0.0,0.0,0.0,13.0,16.0,0.0,0.0,1.0,1.0,13.0,14.0,0.0,0.0,0.0,0.0,10.0,18.0,1.0,0.0,1.0,3.0,13.0,12.0,0.0,1.0,0.0,4.0,8.0,16.0,0.0,1.0,1.0,2.0,5.0,20.0,0.0,0.0,0.0,4.0,13.0,12.0,0.0,0.0,1.0,2.0,12.0,14.0,0.0,4.6,4.2,4.5,4.3,4.6,4.199999999999999,4.35,4.45,4.300000000000001,4.35
_,_,01:750:273:H1,Honors Physics III,"Chou, John",15.0,7.0,0.0,0.0,0.0,1.0,6.0,0.0,0.0,0.0,0.0,2.0,5.0,0.0,0.0,0.0,1.0,2.0,4.0,0.0,0.0,0.0,0.0,3.0,4.0,0.0,0.0,0.0,0.0,3.0,4.0,0.0,0.0,0.0,1.0,2.0,4.0,0.0,0.0,0.0,0.0,1.0,5.0,1.0,0.0,0.0,0.0,1.0,5.0,1.0,0.0,0.0,1.0,1.0,5.0,0.0,0.0,0.0,1.0,2.0,3.0,1.0,4.9,4.7,4.4,4.6,4.6,4.4,4.8,4.8,4.6,4.3
_,_,01:750:275:H4,Classical Phys Lab I,"Lee, Sang-Hyuk",35.0,23.0,0.0,1.0,0.0,9.0,13.0,0.0,0.0,0.0,2.0,9.0,12.0,0.0,0.0,0.0,1.0,8.0,14.0,0.0,0.0,1.0,0.0,5.0,17.0,0.0,0.0,1.0,2.0,6.0,14.0,0.0,0.0,0.0,2.0,5.0,16.0,0.0,0.0,0.0,3.0,6.0,14.0,0.0,0.0,0.0,2.0,12.0,9.0,0.0,0.0,0.0,2.0,6.0,15.0,0.0,0.0,0.0,1.0,7.0,15.0,0.0,4.35,4.425,4.525,4.574999999999999,4.325,4.550000000000001,4.5249999999999995,4.3,4.5,4.625
_,_,01:750:305:01,Modern Optics,"Blumberg, Girsh",35.0,16.0,0.0,1.0,2.0,9.0,4.0,0.0,1.0,1.0,2.0,5.0,7.0,0.0,2.0,0.0,5.0,4.0,5.0,0.0,2.0,0.0,2.0,5.0,7.0,0.0,0.0,1.0,4.0,4.0,7.0,0.0,2.0,1.0,3.0,5.0,5.0,0.0,1.0,2.0,2.0,6.0,5.0,0.0,0.0,1.0,6.0,6.0,3.0,0.0,2.0,1.0,4.0,6.0,3.0,0.0,2.0,3.0,2.0,7.0,2.0,0.0,4.05,4.1,3.65,4.0,4.1,3.65,3.8,3.7,3.5,3.3
_,_,01:750:323:01,Adv General Phy I,"Schnetzer, Stephen",100.0,63.0,1.0,1.0,2.0,18.0,41.0,0.0,0.0,1.0,3.0,20.0,39.0,0.0,1.0,0.0,4.0,19.0,38.0,1.0,0.0,0.0,1.0,5.0,57.0,0.0,0.0,0.0,1.0,8.0,54.0,0.0,1.0,0.0,4.0,18.0,40.0,0.0,2.0,1.0,2.0,21.0,35.0,2.0,2.0,0.0,6.0,24.0,30.0,1.0,2.0,1.0,5.0,16.0,39.0,0.0,3.0,1.0,2.0,21.0,35.0,1.0,4.625,4.6,4.5,4.9,4.875,4.65,4.55,4.425,4.55,4.525
_,_,01:750:326:01,Computer-Based Exper,"Podzorov, Vitaly",195.0,66.0,1.0,2.0,3.0,24.0,35.0,1.0,2.0,0.0,7.0,22.0,34.0,1.0,3.0,1.0,8.0,21.0,33.0,0.0,0.0,1.0,4.0,24.0,37.0,0.0,1.0,1.0,4.0,26.0,29.0,5.0,2.0,2.0,7.0,24.0,31.0,0.0,3.0,1.0,13.0,24.0,25.0,0.0,3.0,2.0,18.0,21.0,22.0,0.0,3.0,3.0,2.0,23.0,35.0,0.0,4.0,4.0,8.0,27.0,22.0,1.0,4.4125,4.225,4.15,4.475,4.2875,4.300000000000001,4.0,3.9124999999999996,4.5,4.2
_,_,01:750:341:01,Principles Astrophys,"Buckley, Matthew",109.0,46.0,0.0,0.0,0.0,7.0,37.0,2.0,0.0,0.0,1.0,5.0,38.0,2.0,0.0,0.0,0.0,9.0,34.0,3.0,0.0,0.0,1.0,9.0,34.0,2.0,0.0,0.0,2.0,12.0,29.0,3.0,0.0,0.0,0.0,12.0,32.0,2.0,0.0,0.0,0.0,11.0,33.0,2.0,0.0,0.0,2.0,7.0,34.0,3.0,0.0,0.0,1.0,7.0,37.0,1.0,0.0,0.0,1.0,13.0,32.0,0.0,4.85,4.85,4.8,4.75,4.65,4.7,4.75,4.75,4.8,4.65
_,_,01:750:381:01,Mechanics,"Wu, Weida",102.0,42.0,1.0,2.0,3.0,14.0,21.0,1.0,3.0,4.0,4.0,13.0,17.0,1.0,4.0,2.0,8.0,17.0,10.0,1.0,0.0,0.0,8.0,14.0,19.0,1.0,0.0,5.0,6.0,13.0,15.0,3.0,3.0,4.0,7.0,17.0,10.0,1.0,2.0,3.0,6.0,12.0,18.0,1.0,1.0,0.0,10.0,15.0,15.0,1.0,3.0,4.0,10.0,14.0,9.0,2.0,5.0,3.0,10.0,11.0,12.0,1.0,4.300000000000001,3.95,3.7,4.3,4.0,3.7,4.05,4.05,3.55,3.55
_,_,01:750:385:01,Electromagnetism,"Salur, Sevil",90.0,44.0,1.0,1.0,2.0,12.0,27.0,1.0,1.0,1.0,1.0,11.0,29.0,1.0,2.0,2.0,3.0,11.0,25.0,1.0,0.0,0.0,0.0,4.0,39.0,1.0,0.0,1.0,0.0,9.0,33.0,1.0,1.0,3.0,3.0,10.0,26.0,1.0,2.0,2.0,2.0,13.0,23.0,2.0,0.0,2.0,5.0,19.0,16.0,2.0,1.0,2.0,3.0,10.0,27.0,1.0,2.0,3.0,1.0,16.0,19.0,3.0,4.45,4.5,4.3,4.9,4.7,4.35,4.3,4.199999999999999,4.4,4.15
_,_,01:750:387:01,Exp Modern Physics,"Oh, Seongshik",74.0,40.0,0.0,0.0,3.0,14.0,16.0,7.0,0.0,1.0,4.0,13.0,21.0,1.0,0.0,1.0,7.0,10.0,21.0,1.0,0.0,0.0,5.0,9.0,25.0,1.0,0.0,3.0,3.0,15.0,18.0,1.0,0.0,0.0,7.0,13.0,19.0,1.0,0.0,1.0,4.0,14.0,20.0,1.0,1.0,6.0,2.0,12.0,17.0,2.0,0.0,0.0,6.0,14.0,20.0,0.0,0.0,1.0,5.0,17.0,17.0,0.0,4.456250000000001,4.4,4.53125,4.61875,4.3875,4.43125,4.4625,4.31875,4.418749999999999,4.34375
_,_,01:750:444:01,Intro To Cosmology,"Buckley, Matthew",73.0,28.0,0.0,0.0,3.0,3.0,22.0,0.0,0.0,0.0,2.0,3.0,23.0,0.0,0.0,1.0,1.0,3.0,23.0,0.0,0.0,0.0,1.0,4.0,23.0,0.0,0.0,0.0,2.0,11.0,15.0,0.0,0.0,0.0,4.0,5.0,19.0,0.0,0.0,1.0,1.0,6.0,19.0,1.0,1.0,0.0,1.0,9.0,17.0,0.0,0.0,2.0,1.0,4.0,21.0,0.0,0.0,1.0,2.0,7.0,18.0,0.0,4.65,4.8,4.775,4.824999999999999,4.5,4.475,4.8,4.525,4.5,4.55
_,_,01:750:451:01,Physical Oceanograph,"Jackson, Rebecca",20.0,14.0,0.0,0.0,0.0,2.0,12.0,0.0,0.0,0.0,0.0,2.0,12.0,0.0,0.0,0.0,0.0,2.0,12.0,0.0,0.0,0.0,0.0,1.0,13.0,0.0,0.0,0.0,0.0,2.0,12.0,0.0,0.0,0.0,0.0,4.0,10.0,0.0,0.0,0.0,1.0,2.0,11.0,0.0,0.0,0.0,4.0,6.0,4.0,0.0,0.0,0.0,0.0,2.0,12.0,0.0,0.0,0.0,0.0,4.0,10.0,0.0,4.9,4.9,4.9,4.9,4.9,4.7,4.7,4.0,4.9,4.7
_,_,01:750:451:01,Physical Oceanograph,"Chant, Robert",63.0,28.0,0.0,3.0,2.0,14.0,7.0,2.0,0.0,1.0,3.0,7.0,15.0,2.0,0.0,0.0,0.0,7.0,19.0,2.0,0.0,0.0,1.0,5.0,20.0,2.0,0.0,0.0,0.0,7.0,19.0,2.0,0.0,0.0,2.0,10.0,14.0,2.0,0.0,0.0,1.0,10.0,15.0,2.0,0.0,3.0,5.0,8.0,10.0,2.0,0.0,0.0,3.0,9.0,15.0,1.0,0.0,0.0,4.0,9.0,14.0,1.0,3.625,4.275,4.75,4.775,4.75,4.35,4.375,3.9,4.199999999999999,4.05
_,_,01:750:464:01,Mathematical Physics,"Sengupta, Anirvan",11.0,6.0,0.0,2.0,1.0,2.0,1.0,0.0,0.0,2.0,1.0,1.0,2.0,0.0,0.0,0.0,1.0,2.0,3.0,0.0,0.0,0.0,1.0,1.0,4.0,0.0,0.0,0.0,0.0,3.0,3.0,0.0,0.0,1.0,2.0,0.0,3.0,0.0,0.0,1.0,2.0,0.0,3.0,0.0,0.0,1.0,1.0,0.0,4.0,0.0,0.0,1.0,2.0,1.0,2.0,0.0,1.0,2.0,0.0,1.0,2.0,0.0,3.3,3.5,4.3,4.5,4.5,3.8,3.8,4.2,3.7,3.2
_,_,01:750:109:01,Astronomy&cosmology,"Croft, Mark",400.0,164.0,0.0,7.0,14.0,52.0,70.0,21.0,2.0,0.0,8.0,49.0,85.0,20.0,0.0,3.0,22.0,45.0,74.0,20.0,0.0,2.0,5.0,35.0,101.0,21.0,0.0,3.0,13.0,43.0,81.0,24.0,3.0,4.0,20.0,49.0,66.0,22.0,2.0,7.0,32.0,54.0,49.0,20.0,6.0,18.0,25.0,55.0,39.0,21.0,5.0,12.0,17.0,52.0,71.0,7.0,3.0,8.0,31.0,59.0,56.0,7.0,4.50625,4.609375,4.440625,4.69375,4.3375,4.334375,4.153125,3.95625,4.31875,4.14375
_,_,01:750:109:02,Astronomy&cosmology,"Baker, Andrew",167.0,71.0,0.0,0.0,4.0,27.0,40.0,0.0,0.0,0.0,3.0,21.0,47.0,0.0,1.0,1.0,6.0,27.0,36.0,0.0,0.0,0.0,2.0,23.0,46.0,0.0,1.0,1.0,5.0,29.0,34.0,1.0,1.0,2.0,10.0,28.0,29.0,1.0,1.0,3.0,12.0,34.0,20.0,1.0,2.0,10.0,16.0,24.0,18.0,1.0,1.0,3.0,4.0,30.0,31.0,2.0,2.0,2.0,8.0,36.0,22.0,1.0,4.5,4.6,4.4,4.6,4.3,4.2,4.0,3.7,4.3,4.1
_,_,01:750:110:01,Astronomy & Cosmology,"Gawiser, Eric",126.0,62.0,0.0,1.0,0.0,17.0,43.0,1.0,0.0,1.0,3.0,20.0,38.0,0.0,1.0,0.0,1.0,13.0,46.0,1.0,0.0,0.0,1.0,17.0,44.0,0.0,0.0,0.0,1.0,20.0,41.0,0.0,0.0,0.0,1.0,19.0,40.0,2.0,1.0,0.0,7.0,19.0,32.0,3.0,0.0,3.0,9.0,26.0,22.0,2.0,1.0,1.0,1.0,12.0,47.0,0.0,0.0,2.0,2.0,19.0,38.0,1.0,4.7,4.5,4.7,4.7,4.7,4.7,4.4,4.1,4.7,4.5
_,_,01:750:115:R1,Extended Analytic I,"Montalvo, Roy",384.0,146.0,6.0,6.0,17.0,47.0,47.0,23.0,5.0,7.0,30.0,39.0,36.0,29.0,7.0,14.0,20.0,44.0,38.0,23.0,5.0,8.0,28.0,43.0,38.0,24.0,4.0,4.0,25.0,52.0,40.0,21.0,9.0,15.0,26.0,45.0,31.0,20.0,6.0,10.0,24.0,54.0,30.0,22.0,4.0,11.0,37.0,51.0,24.0,19.0,17.0,12.0,30.0,44.0,34.0,9.0,8.0,14.0,29.0,54.0,33.0,8.0,4.0,3.8,3.75,3.8499999999999996,3.9499999999999997,3.5999999999999996,3.75,3.6500000000000004,3.5,3.65
_,_,01:750:123:01,Analytical Physics I,"Ruggieri, Charles",2867.0,1346.0,5.0,1.0,20.0,210.0,928.0,182.0,3.0,1.0,26.0,255.0,874.0,187.0,3.0,5.0,44.0,257.0,850.0,187.0,2.0,2.0,19.0,227.0,912.0,184.0,3.0,7.0,36.0,288.0,821.0,191.0,3.0,7.0,42.0,253.0,852.0,189.0,11.0,18.0,141.0,481.0,507.0,188.0,21.0,90.0,252.0,387.0,408.0,188.0,0.0,9.0,36.0,264.0,973.0,64.0,7.0,17.0,86.0,459.0,709.0,68.0,4.827734375,4.796093750000001,4.780859375,4.85546875,4.764453124999999,4.75625,4.371484375,4.014453125,4.775390625,4.541796874999999
_,_,01:750:123:H1,Analytical Physics I,"Halkiadakis, Eva",138.0,64.0,0.0,1.0,2.0,25.0,33.0,3.0,0.0,0.0,4.0,27.0,31.0,2.0,0.0,2.0,11.0,18.0,31.0,2.0,0.0,0.0,1.0,23.0,38.0,2.0,0.0,1.0,5.0,23.0,33.0,2.0,0.0,0.0,11.0,20.0,29.0,4.0,0.0,6.0,9.0,28.0,20.0,1.0,3.0,4.0,17.0,26.0,13.0,1.0,0.0,4.0,3.0,25.0,29.0,3.0,1.0,1.0,13.0,23.0,26.0,0.0,4.45,4.449999999999999,4.25,4.6,4.4,4.300000000000001,3.95,3.65,4.300000000000001,4.15
_,_,01:750:161:01,Elements Of Physics,"Zamick, Larry",47.0,23.0,3.0,4.0,2.0,11.0,3.0,0.0,1.0,3.0,5.0,9.0,5.0,0.0,4.0,3.0,8.0,3.0,5.0,0.0,1.0,1.0,6.0,8.0,7.0,0.0,1.0,2.0,2.0,10.0,8.0,0.0,4.0,1.0,8.0,4.0,5.0,1.0,2.0,6.0,5.0,7.0,3.0,0.0,4.0,8.0,5.0,4.0,1.0,1.0,4.0,3.0,2.0,10.0,4.0,0.0,4.0,6.0,8.0,3.0,2.0,0.0,3.3,3.6,3.1,3.8,4.0,3.2,3.1,2.6,3.3,2.7
_,_,01:750:193:02,Physics For The Sciences,"Makowski, Patrick",111.0,32.0,0.0,0.0,0.0,3.0,27.0,2.0,0.0,0.0,0.0,4.0,26.0,2.0,0.0,0.0,1.0,4.0,25.0,2.0,0.0,0.0,0.0,3.0,26.0,3.0,0.0,0.0,0.0,7.0,23.0,2.0,0.0,0.0,0.0,5.0,25.0,2.0,1.0,1.0,1.0,15.0,12.0,2.0,7.0,7.0,7.0,4.0,5.0,2.0,0.0,0.0,0.0,3.0,26.0,3.0,1.0,1.0,1.0,12.0,15.0,2.0,4.975,4.95,4.925,4.975,4.65,4.85,4.425,2.7,4.85,4.475
_,_,01:750:202:R1,Extended Gen Physics,"Brahmia, Abdelbaki",275.0,88.0,0.0,0.0,2.0,17.0,63.0,6.0,0.0,0.0,5.0,20.0,56.0,7.0,0.0,0.0,5.0,15.0,63.0,5.0,0.0,0.0,2.0,17.0,64.0,5.0,1.0,3.0,4.0,26.0,49.0,5.0,0.0,1.0,3.0,29.0,50.0,5.0,0.0,0.0,5.0,37.0,38.0,8.0,2.0,11.0,30.0,22.0,14.0,9.0,0.0,0.0,6.0,16.0,65.0,1.0,0.0,2.0,8.0,32.0,41.0,5.0,4.775,4.65,4.7875000000000005,4.775,4.550000000000001,4.5875,4.475,3.4749999999999996,4.699999999999999,4.425
_,_,01:750:202:R1,Extended Gen Physics,"Khan, Hamza",37.0,12.0,0.0,0.0,0.0,4.0,8.0,0.0,0.0,0.0,0.0,4.0,8.0,0.0,0.0,0.0,0.0,5.0,6.0,1.0,0.0,0.0,0.0,4.0,8.0,0.0,0.0,0.0,1.0,4.0,7.0,0.0,0.0,0.0,1.0,3.0,8.0,0.0,0.0,0.0,1.0,6.0,3.0,2.0,0.0,4.0,2.0,4.0,0.0,2.0,0.0,0.0,0.0,3.0,9.0,0.0,0.0,0.0,3.0,3.0,3.0,3.0,4.7,4.7,4.6,4.7,4.5,4.6,4.2,3.0,4.8,4.0
_,_,01:750:203:01,General Physics,"Bunkowski, Klaudia",42.0,14.0,0.0,0.0,1.0,2.0,11.0,0.0,0.0,0.0,1.0,2.0,11.0,0.0,0.0,0.0,1.0,4.0,9.0,0.0,0.0,0.0,1.0,2.0,11.0,0.0,0.0,0.0,1.0,3.0,10.0,0.0,0.0,0.0,1.0,4.0,9.0,0.0,0.0,1.0,1.0,7.0,5.0,0.0,2.0,1.0,6.0,2.0,3.0,0.0,0.0,0.0,1.0,3.0,10.0,0.0,0.0,1.0,2.0,5.0,6.0,0.0,4.75,4.75,4.6,4.75,4.65,4.6,4.1,3.25,4.65,4.15
_,_,01:750:203:01,General Physics,"Brahmia, Abdelbaki",4602.0,1586.0,28.0,29.0,141.0,476.0,691.0,221.0,44.0,66.0,246.0,412.0,535.0,283.0,41.0,65.0,233.0,453.0,586.0,208.0,36.0,39.0,201.0,458.0,602.0,250.0,33.0,80.0,198.0,501.0,556.0,218.0,42.0,77.0,256.0,453.0,540.0,218.0,32.0,56.0,190.0,586.0,524.0,198.0,137.0,266.0,398.0,356.0,239.0,190.0,60.0,80.0,202.0,493.0,683.0,68.0,91.0,112.0,280.0,565.0,471.0,67.0,4.331986758904532,3.823414279008284,4.04343609684147,3.8536433613393455,4.188825152581558,4.015192973334342,4.334731567185372,3.3777701450046154,4.329902836447582,3.9950560716912147
_,_,01:750:203:21,General Physics,"Friedan, Daniel",277.0,97.0,1.0,1.0,10.0,38.0,30.0,17.0,1.0,7.0,19.0,30.0,23.0,17.0,0.0,7.0,13.0,36.0,24.0,17.0,1.0,6.0,9.0,31.0,32.0,18.0,2.0,1.0,16.0,34.0,27.0,17.0,1.0,3.0,15.0,35.0,26.0,17.0,4.0,1.0,8.0,46.0,23.0,15.0,7.0,15.0,28.0,24.0,9.0,14.0,3.0,7.0,13.0,39.0,29.0,6.0,8.0,7.0,11.0,47.0,21.0,3.0,4.278125,3.8843750000000004,3.91875,4.096875,4.046875,4.0875,4.171875,3.2406249999999996,3.8875,3.7281250000000004
_,_,01:750:204:01,General Physics,"Brahmia, Abdelbaki",3732.0,1199.0,16.0,20.0,107.0,348.0,530.0,178.0,30.0,41.0,197.0,285.0,410.0,236.0,34.0,55.0,180.0,340.0,436.0,154.0,21.0,24.0,149.0,354.0,456.0,195.0,30.0,44.0,151.0,375.0,440.0,159.0,39.0,55.0,186.0,346.0,412.0,161.0,24.0,35.0,128.0,436.0,427.0,149.0,110.0,170.0,324.0,231.0,220.0,144.0,39.0,63.0,143.0,374.0,522.0,58.0,57.0,68.0,193.0,430.0,389.0,62.0,4.29768212530762,4.075523089431226,4.0991345949471,4.229126091115177,4.165743012167513,4.045213345810771,4.233881937898696,3.2703020930290223,4.277435217611492,3.9475015122443438
_,_,01:750:204:16,General Physics,"Chishti, Shumaila",134.0,55.0,0.0,0.0,0.0,3.0,48.0,4.0,0.0,0.0,0.0,2.0,49.0,4.0,0.0,0.0,1.0,9.0,41.0,4.0,0.0,0.0,0.0,3.0,48.0,4.0,0.0,0.0,2.0,5.0,44.0,4.0,0.0,0.0,0.0,7.0,44.0,4.0,0.0,0.0,6.0,14.0,30.0,5.0,0.0,8.0,16.0,16.0,11.0,4.0,0.0,0.0,0.0,7.0,46.0,2.0,1.0,1.0,7.0,23.0,21.0,2.0,4.975,4.975,4.8875,4.95,4.875,4.9125,4.4,3.8125,4.8375,4.2
_,_,01:750:206:02,General Physics Laboratory,"Mainiero, Thomas",52.0,11.0,0.0,0.0,0.0,0.0,11.0,0.0,0.0,0.0,0.0,1.0,10.0,0.0,0.0,0.0,0.0,1.0,10.0,0.0,0.0,0.0,0.0,0.0,11.0,0.0,0.0,1.0,0.0,1.0,9.0,0.0,0.0,0.0,0.0,1.0,10.0,0.0,0.0,1.0,0.0,3.0,7.0,0.0,1.0,0.0,3.0,1.0,6.0,0.0,0.0,0.0,0.0,2.0,9.0,0.0,0.0,0.0,2.0,2.0,7.0,0.0,5.0,4.95,4.95,5.0,4.6,4.95,4.55,4.0,4.85,4.55
_,_,01:750:227:01,Analytical Physics II,"Chakhalian, Jak",738.0,213.0,6.0,20.0,46.0,81.0,49.0,11.0,6.0,25.0,49.0,62.0,41.0,30.0,11.0,23.0,45.0,79.0,47.0,8.0,4.0,11.0,46.0,82.0,57.0,13.0,5.0,8.0,41.0,93.0,46.0,20.0,13.0,23.0,58.0,64.0,45.0,10.0,9.0,21.0,38.0,95.0,46.0,4.0,11.0,42.0,52.0,71.0,33.0,4.0,16.0,14.0,57.0,73.0,43.0,10.0,21.0,25.0,52.0,77.0,34.0,4.0,4.15,4.1,4.2375,4.325,4.2625,4.0625,3.875,3.5,4.1,3.7125
_,_,01:750:227:03,Analytical Physics II,"Neuberger, Herbert",121.0,36.0,0.0,1.0,5.0,11.0,3.0,16.0,0.0,2.0,4.0,11.0,3.0,16.0,0.0,2.0,6.0,9.0,3.0,16.0,0.0,2.0,4.0,10.0,4.0,16.0,0.0,1.0,4.0,12.0,3.0,16.0,0.0,1.0,6.0,10.0,3.0,16.0,2.0,6.0,6.0,20.0,2.0,0.0,1.0,7.0,6.0,19.0,2.0,1.0,0.0,2.0,5.0,10.0,3.0,16.0,6.0,5.0,8.0,15.0,2.0,0.0,3.8,3.8,3.7,3.8,3.9,3.8,3.4,3.4,3.7,3.1
_,_,01:750:227:H1,Analytical Physics II,"Chou, John Paul",59.0,31.0,0.0,4.0,5.0,12.0,9.0,1.0,0.0,2.0,1.0,12.0,15.0,1.0,0.0,2.0,4.0,9.0,15.0,1.0,1.0,0.0,1.0,10.0,17.0,2.0,0.0,4.0,5.0,13.0,8.0,1.0,2.0,1.0,5.0,13.0,9.0,1.0,2.0,2.0,5.0,14.0,6.0,2.0,2.0,7.0,9.0,11.0,0.0,2.0,1.0,6.0,2.0,9.0,12.0,1.0,1.0,4.0,7.0,15.0,2.0,2.0,3.9,4.3,4.2,4.5,3.8,3.9,3.7,3.0,3.8,3.5
_,_,01:750:227:H1,Analytical Physics II,"Haule, Kristjan",59.0,31.0,0.0,1.0,0.0,8.0,21.0,1.0,1.0,1.0,3.0,11.0,14.0,1.0,2.0,0.0,9.0,13.0,6.0,1.0,0.0,0.0,3.0,12.0,15.0,1.0,0.0,0.0,2.0,6.0,21.0,2.0,1.0,1.0,5.0,13.0,9.0,2.0,2.0,2.0,5.0,14.0,6.0,2.0,2.0,7.0,9.0,11.0,0.0,2.0,0.0,1.0,2.0,15.0,11.0,2.0,1.0,4.0,7.0,15.0,2.0,2.0,4.6,4.2,3.7,4.4,4.7,4.0,3.7,3.0,4.2,3.5
_,_,01:750:229:01,Analytical Physics II Laboratory,"Wang, Hao",301.0,73.0,1.0,0.0,5.0,25.0,35.0,7.0,0.0,1.0,6.0,24.0,35.0,7.0,1.0,1.0,14.0,22.0,28.0,7.0,0.0,1.0,7.0,27.0,31.0,7.0,1.0,1.0,6.0,23.0,35.0,7.0,0.0,2.0,14.0,20.0,30.0,7.0,1.0,1.0,8.0,33.0,23.0,7.0,2.0,8.0,23.0,19.0,15.0,6.0,1.0,1.0,12.0,26.0,31.0,2.0,2.0,1.0,13.0,33.0,23.0,1.0,4.44404296875,4.531884765625,4.349072265625,4.0939453125,4.36796875,4.2083984375,4.221630859375,3.707373046875,4.352197265625,4.151904296874999
_,_,01:750:229:09,Analytical Physics II Laboratory,"Kabir, Adeeb",25.0,12.0,0.0,0.0,0.0,4.0,8.0,0.0,0.0,0.0,0.0,3.0,9.0,0.0,0.0,0.0,0.0,5.0,7.0,0.0,0.0,0.0,0.0,3.0,9.0,0.0,0.0,0.0,0.0,2.0,10.0,0.0,0.0,0.0,0.0,4.0,8.0,0.0,0.0,0.0,0.0,6.0,6.0,0.0,0.0,2.0,3.0,2.0,5.0,0.0,0.0,0.0,0.0,4.0,8.0,0.0,0.0,0.0,0.0,5.0,7.0,0.0,4.7,4.8,4.6,4.8,4.8,4.7,4.5,3.8,4.7,4.6
_,_,01:750:229:14,Analytical Physics II Laboratory,"Lee, Brian",170.0,62.0,0.0,0.0,1.0,15.0,46.0,0.0,0.0,0.0,0.0,10.0,52.0,0.0,0.0,0.0,3.0,13.0,46.0,0.0,0.0,0.0,1.0,11.0,50.0,0.0,1.0,0.0,1.0,13.0,47.0,0.0,0.0,1.0,3.0,12.0,46.0,0.0,0.0,1.0,7.0,30.0,24.0,0.0,2.0,14.0,20.0,15.0,10.0,1.0,0.0,0.0,3.0,12.0,47.0,0.0,0.0,1.0,4.0,28.0,29.0,0.0,4.7718750000000005,4.8640625,4.678125,4.85625,4.69375,4.668749999999999,4.165625,3.096875,4.731249999999999,4.2640625
_,_,01:750:229:25,Analytical Physics II Laboratory,"Makowski, Patrick",70.0,21.0,0.0,0.0,0.0,6.0,15.0,0.0,0.0,0.0,0.0,5.0,16.0,0.0,0.0,0.0,0.0,5.0,16.0,0.0,0.0,0.0,0.0,5.0,16.0,0.0,0.0,0.0,0.0,7.0,14.0,0.0,0.0,0.0,0.0,6.0,15.0,0.0,0.0,0.0,0.0,10.0,11.0,0.0,0.0,3.0,4.0,9.0,5.0,0.0,0.0,0.0,1.0,4.0,15.0,1.0,0.0,0.0,2.0,5.0,14.0,0.0,4.65,4.725,4.725,4.725,4.625,4.65,4.55,3.875,4.65,4.6
_,_,01:750:273:H1,Honors Physics III,"Pixley, Jedediah",93.0,32.0,2.0,5.0,5.0,12.0,6.0,2.0,2.0,4.0,7.0,9.0,7.0,3.0,1.0,3.0,6.0,14.0,6.0,2.0,1.0,3.0,2.0,17.0,7.0,2.0,1.0,1.0,6.0,9.0,12.0,3.0,3.0,6.0,3.0,12.0,6.0,2.0,3.0,1.0,6.0,8.0,12.0,2.0,1.0,1.0,3.0,7.0,18.0,2.0,7.0,3.0,9.0,6.0,6.0,1.0,7.0,4.0,7.0,7.0,6.0,1.0,3.475,3.5,3.7249999999999996,3.85,3.975,3.3499999999999996,3.8499999999999996,4.4,3.0,3.025
_,_,01:750:275:H2,Classical Physics Lab I,"Rabe, Karin",5.0,1.0,0.0,0.0,0.0,1.0,0.0,0.0,0.0,0.0,0.0,0.0,1.0,0.0,0.0,0.0,0.0,0.0,1.0,0.0,0.0,0.0,0.0,0.0,1.0,0.0,0.0,0.0,0.0,0.0,1.0,0.0,0.0,0.0,0.0,0.0,1.0,0.0,0.0,0.0,0.0,1.0,0.0,0.0,0.0,0.0,0.0,1.0,0.0,0.0,0.0,0.0,0.0,0.0,1.0,0.0,0.0,0.0,0.0,1.0,0.0,0.0,4.0,5.0,5.0,5.0,5.0,5.0,4.0,4.0,5.0,4.0
_,_,01:750:313:01,Modern Physics,"Andrei, Eva",111.0,38.0,1.0,2.0,6.0,11.0,18.0,0.0,2.0,4.0,6.0,10.0,16.0,0.0,1.0,2.0,8.0,12.0,15.0,0.0,2.0,2.0,6.0,11.0,17.0,0.0,2.0,1.0,7.0,11.0,16.0,1.0,4.0,2.0,7.0,11.0,14.0,0.0,0.0,1.0,10.0,13.0,14.0,0.0,0.0,0.0,5.0,14.0,18.0,1.0,4.0,2.0,7.0,9.0,16.0,0.0,3.0,3.0,7.0,10.0,15.0,0.0,3.9625,3.7,3.85,3.8625000000000003,3.8249999999999997,3.5999999999999996,4.0375,4.3875,3.6625,3.6375
_,_,01:750:323:01,Advanced General Physics I,"Gershenson, Michael",24.0,4.0,1.0,0.0,0.0,2.0,1.0,0.0,0.0,1.0,1.0,1.0,1.0,0.0,0.0,0.0,2.0,1.0,1.0,0.0,0.0,0.0,1.0,1.0,2.0,0.0,0.0,0.0,0.0,2.0,2.0,0.0,0.0,1.0,2.0,0.0,1.0,0.0,0.0,0.0,2.0,0.0,2.0,0.0,0.0,0.0,0.0,1.0,3.0,0.0,0.0,1.0,1.0,1.0,1.0,0.0,0.0,1.0,1.0,1.0,1.0,0.0,3.5,3.5,3.8,4.3,4.5,3.3,4.0,4.8,3.5,3.5
_,_,01:750:341:01,Principles Astrophys,"Mcquinn, Kristen",101.0,66.0,1.0,0.0,0.0,11.0,52.0,2.0,0.0,0.0,1.0,8.0,53.0,4.0,1.0,0.0,2.0,10.0,50.0,3.0,0.0,0.0,0.0,5.0,57.0,4.0,0.0,0.0,1.0,18.0,44.0,3.0,0.0,2.0,1.0,12.0,48.0,3.0,0.0,0.0,3.0,18.0,43.0,2.0,0.0,3.0,2.0,15.0,43.0,3.0,0.0,1.0,2.0,9.0,51.0,3.0,0.0,2.0,3.0,11.0,47.0,3.0,4.800000000000001,4.85,4.699999999999999,4.9,4.699999999999999,4.699999999999999,4.6,4.55,4.75,4.65
_,_,01:750:345:01,Computational Astrophysics,"Keeton, Charles",26.0,7.0,0.0,0.0,0.0,2.0,5.0,0.0,0.0,0.0,0.0,1.0,6.0,0.0,0.0,0.0,0.0,1.0,6.0,0.0,0.0,0.0,0.0,1.0,6.0,0.0,0.0,0.0,0.0,2.0,5.0,0.0,0.0,0.0,0.0,2.0,5.0,0.0,0.0,0.0,0.0,1.0,6.0,0.0,0.0,0.0,0.0,1.0,6.0,0.0,0.0,0.0,0.0,1.0,6.0,0.0,0.0,0.0,0.0,2.0,5.0,0.0,4.7,4.9,4.9,4.9,4.7,4.7,4.9,4.9,4.9,4.7
_,_,01:750:361:01,Quantum & Atomic Phy,"Gershtein, Yuri",61.0,21.0,0.0,1.0,4.0,6.0,10.0,0.0,0.0,0.0,1.0,7.0,13.0,0.0,0.0,0.0,5.0,5.0,11.0,0.0,0.0,0.0,1.0,8.0,12.0,0.0,0.0,0.0,0.0,12.0,9.0,0.0,0.0,0.0,8.0,6.0,7.0,0.0,0.0,2.0,1.0,9.0,9.0,0.0,1.0,1.0,4.0,6.0,9.0,0.0,0.0,2.0,5.0,4.0,10.0,0.0,0.0,2.0,6.0,5.0,8.0,0.0,4.050000000000001,4.6,4.3,4.550000000000001,4.4,3.9,4.15,4.0,4.05,3.85
_,_,01:750:368:01,Junior Seminar,"Cizewski, Jolie",53.0,28.0,0.0,0.0,0.0,7.0,20.0,1.0,0.0,0.0,0.0,9.0,18.0,1.0,0.0,0.0,1.0,8.0,18.0,1.0,0.0,1.0,2.0,8.0,16.0,1.0,0.0,1.0,4.0,5.0,17.0,1.0,0.0,0.0,2.0,7.0,18.0,1.0,0.0,0.0,2.0,8.0,17.0,1.0,0.0,1.0,4.0,7.0,15.0,1.0,0.0,0.0,0.0,12.0,16.0,0.0,0.0,0.0,1.0,11.0,16.0,0.0,4.79375,4.71875,4.753125000000001,4.5687500000000005,4.5375,4.709375,4.6875,4.590625,4.690625,4.684375
_,_,01:750:418:01,Nuclei And Particles,"Somalwar, Sunil",12.0,6.0,0.0,0.0,0.0,0.0,6.0,0.0,0.0,0.0,0.0,0.0,6.0,0.0,0.0,0.0,0.0,1.0,5.0,0.0,0.0,0.0,0.0,0.0,5.0,1.0,0.0,0.0,0.0,0.0,6.0,0.0,0.0,0.0,0.0,0.0,6.0,0.0,0.0,0.0,0.0,1.0,5.0,0.0,0.0,1.0,0.0,1.0,4.0,0.0,0.0,0.0,0.0,0.0,6.0,0.0,0.0,0.0,0.0,0.0,6.0,0.0,5.0,5.0,4.8,5.0,5.0,5.0,4.8,4.3,5.0,5.0
_,_,01:750:464:01,Mathematical Physics,"Mastbaum, Andrew",12.0,7.0,0.0,0.0,0.0,1.0,6.0,0.0,0.0,0.0,0.0,2.0,5.0,0.0,0.0,0.0,0.0,3.0,4.0,0.0,0.0,0.0,0.0,0.0,7.0,0.0,0.0,0.0,0.0,1.0,6.0,0.0,0.0,0.0,0.0,0.0,7.0,0.0,0.0,0.0,0.0,2.0,5.0,0.0,0.0,0.0,0.0,2.0,5.0,0.0,0.0,0.0,0.0,2.0,5.0,0.0,0.0,0.0,0.0,3.0,4.0,0.0,4.9,4.7,4.6,5.0,4.9,5.0,4.7,4.7,4.7,4.6
_,_,01:750:109:01,Astronomy&cosmology,"Zimmermann, Frank",111.0,53.0,2.0,4.0,7.0,28.0,12.0,0.0,3.0,10.0,20.0,12.0,8.0,0.0,4.0,5.0,23.0,13.0,8.0,0.0,1.0,10.0,17.0,16.0,9.0,0.0,2.0,3.0,20.0,19.0,9.0,0.0,4.0,15.0,20.0,7.0,6.0,1.0,3.0,9.0,16.0,15.0,8.0,2.0,1.0,4.0,8.0,24.0,14.0,2.0,8.0,11.0,15.0,13.0,5.0,1.0,5.0,11.0,17.0,15.0,3.0,2.0,3.8,3.2,3.3,3.4,3.6,2.9,3.3,3.9,2.9,3.0
_,_,01:750:110:01,Astronomy And Cosmology,"Jerez, Andres",186.0,51.0,1.0,0.0,4.0,15.0,19.0,12.0,1.0,1.0,10.0,14.0,13.0,12.0,3.0,3.0,8.0,11.0,14.0,12.0,2.0,2.0,7.0,15.0,13.0,12.0,1.0,3.0,7.0,15.0,13.0,12.0,2.0,4.0,7.0,16.0,10.0,12.0,3.0,2.0,5.0,17.0,12.0,12.0,2.0,2.0,12.0,8.0,14.0,13.0,3.0,6.0,10.0,14.0,17.0,1.0,2.0,5.0,13.0,12.0,17.0,2.0,4.449999999999999,4.1,3.95,4.0249999999999995,4.05,3.9,4.025,3.95,3.8875,3.8625
_,_,01:750:123:05,Analytical Physics I,"Montalvo, Grace",23.0,10.0,0.0,1.0,1.0,4.0,4.0,0.0,1.0,1.0,1.0,3.0,4.0,0.0,1.0,0.0,2.0,1.0,6.0,0.0,0.0,1.0,2.0,2.0,5.0,0.0,0.0,1.0,0.0,4.0,4.0,1.0,1.0,0.0,3.0,1.0,5.0,0.0,0.0,0.0,1.0,4.0,5.0,0.0,0.0,0.0,2.0,2.0,6.0,0.0,1.0,0.0,2.0,2.0,5.0,0.0,0.0,0.0,2.0,5.0,3.0,0.0,4.1,3.8,4.1,4.1,4.2,3.9,4.4,4.4,4.0,4.1
_,_,01:750:161:01,Elements Of Physics,"Lath, Amitabh",337.0,168.0,14.0,16.0,20.0,43.0,18.0,57.0,20.0,21.0,18.0,35.0,17.0,57.0,18.0,14.0,19.0,40.0,20.0,57.0,19.0,9.0,22.0,40.0,21.0,57.0,13.0,5.0,29.0,44.0,18.0,59.0,17.0,19.0,23.0,37.0,15.0,57.0,15.0,23.0,42.0,53.0,21.0,14.0,39.0,40.0,43.0,24.0,8.0,14.0,30.0,13.0,21.0,31.0,17.0,56.0,35.0,31.0,39.0,38.0,15.0,10.0,3.15,3.05,3.15,3.2,3.3,3.0,3.3,2.5,2.8,2.8
_,_,01:750:193:02,Physics For The Sciences Laboratory,"Koft, Julie",28.0,6.0,0.0,0.0,0.0,0.0,6.0,0.0,0.0,0.0,0.0,0.0,6.0,0.0,0.0,0.0,0.0,0.0,6.0,0.0,0.0,0.0,0.0,0.0,6.0,0.0,0.0,0.0,0.0,0.0,6.0,0.0,0.0,0.0,0.0,0.0,6.0,0.0,0.0,1.0,1.0,3.0,1.0,0.0,0.0,3.0,0.0,2.0,1.0,0.0,0.0,0.0,0.0,0.0,6.0,0.0,1.0,0.0,0.0,3.0,2.0,0.0,5.0,5.0,5.0,5.0,5.0,5.0,3.7,3.2,5.0,3.8
_,_,01:750:193:07,Physics For The Sciences Laboratory,"Baker, John",55.0,15.0,0.0,0.0,2.0,3.0,9.0,1.0,1.0,0.0,1.0,5.0,8.0,0.0,0.0,1.0,2.0,3.0,7.0,2.0,1.0,0.0,0.0,7.0,7.0,0.0,0.0,1.0,1.0,3.0,10.0,0.0,0.0,1.0,2.0,4.0,6.0,2.0,0.0,1.0,2.0,5.0,7.0,0.0,2.0,4.0,4.0,2.0,2.0,1.0,1.0,0.0,2.0,3.0,8.0,1.0,2.0,1.0,2.0,4.0,6.0,0.0,4.5,4.25,4.25,4.25,4.449999999999999,4.15,4.2,2.9,4.2,3.7
_,_,01:750:193:08,Physics For The Sciences Laboratory,"Shang, Fangze",220.0,67.0,1.0,2.0,4.0,21.0,31.0,8.0,2.0,1.0,2.0,20.0,35.0,7.0,1.0,2.0,9.0,14.0,33.0,8.0,1.0,1.0,4.0,24.0,30.0,7.0,1.0,1.0,4.0,25.0,29.0,7.0,1.0,2.0,7.0,22.0,28.0,7.0,1.0,2.0,10.0,26.0,22.0,6.0,7.0,14.0,19.0,11.0,10.0,6.0,0.0,2.0,5.0,23.0,35.0,2.0,2.0,1.0,13.0,24.0,25.0,2.0,4.48125,4.51875,4.421875,4.375,4.293749999999999,4.46875,4.2,3.06875,4.565625,4.396875
_,_,01:750:203:01,General Physics,"Diaconescu, Duiliu",49.0,22.0,0.0,0.0,0.0,1.0,0.0,21.0,0.0,0.0,0.0,1.0,0.0,21.0,0.0,0.0,0.0,1.0,0.0,21.0,0.0,0.0,0.0,0.0,1.0,21.0,0.0,0.0,0.0,1.0,0.0,21.0,0.0,0.0,0.0,1.0,0.0,21.0,1.0,1.0,0.0,7.0,12.0,1.0,0.0,6.0,5.0,7.0,3.0,1.0,0.0,1.0,0.0,0.0,0.0,21.0,1.0,0.0,0.0,12.0,8.0,1.0,4.0,4.0,4.0,5.0,4.0,4.0,4.3,3.3,2.0,4.2
_,_,01:750:203:02,General Physics,"Bhanot, Gyan",67.0,19.0,0.0,1.0,2.0,9.0,7.0,0.0,0.0,1.0,1.0,8.0,9.0,0.0,0.0,0.0,4.0,6.0,9.0,0.0,0.0,0.0,2.0,10.0,7.0,0.0,0.0,0.0,1.0,9.0,9.0,0.0,0.0,0.0,6.0,4.0,8.0,1.0,0.0,0.0,0.0,10.0,9.0,0.0,1.0,3.0,6.0,6.0,3.0,0.0,0.0,1.0,3.0,7.0,8.0,0.0,0.0,0.0,1.0,10.0,8.0,0.0,4.2,4.3,4.3,4.3,4.4,4.1,4.5,3.4,4.2,4.4
_,_,01:750:203:12,General Physics,"Rabe, Karin",45.0,18.0,0.0,0.0,0.0,1.0,2.0,15.0,0.0,0.0,0.0,1.0,2.0,15.0,0.0,0.0,0.0,1.0,2.0,15.0,0.0,0.0,0.0,1.0,2.0,15.0,0.0,0.0,0.0,1.0,2.0,15.0,0.0,0.0,0.0,1.0,2.0,15.0,0.0,1.0,2.0,5.0,9.0,1.0,1.0,4.0,2.0,3.0,7.0,1.0,0.0,0.0,0.0,0.0,3.0,15.0,0.0,1.0,1.0,8.0,7.0,1.0,4.75,4.75,4.75,4.75,4.75,4.75,4.199999999999999,3.55,5.0,4.2
_,_,01:750:204:10,General Physics,"Zanzoul, Sarah",115.0,45.0,0.0,0.0,0.0,1.0,41.0,3.0,0.0,0.0,0.0,1.0,42.0,2.0,0.0,0.0,2.0,1.0,40.0,2.0,0.0,0.0,0.0,1.0,42.0,2.0,0.0,0.0,0.0,4.0,39.0,2.0,0.0,0.0,0.0,1.0,41.0,3.0,0.0,0.0,2.0,15.0,24.0,4.0,1.0,8.0,12.0,7.0,13.0,4.0,0.0,0.0,1.0,2.0,42.0,0.0,0.0,1.0,3.0,18.0,21.0,2.0,4.975,4.975,4.85,4.95,4.9125000000000005,4.95,4.574999999999999,3.6,4.9,4.325
_,_,01:750:205:03,General Physics Laboratory,"Zhakenova, Yelena",112.0,36.0,0.0,1.0,2.0,13.0,20.0,0.0,0.0,1.0,3.0,10.0,22.0,0.0,0.0,2.0,2.0,15.0,17.0,0.0,1.0,0.0,1.0,14.0,20.0,0.0,0.0,0.0,3.0,12.0,21.0,0.0,0.0,1.0,2.0,10.0,23.0,0.0,0.0,3.0,6.0,17.0,10.0,0.0,2.0,7.0,12.0,9.0,6.0,0.0,1.0,0.0,3.0,10.0,22.0,0.0,1.0,0.0,7.0,14.0,14.0,0.0,4.5,4.475,4.375,4.53125,4.53125,4.637499999999999,4.1,3.5124999999999997,4.59375,4.24375
_,_,01:750:205:16,General Physics Laboratory,"Wang, Hao",349.0,93.0,2.0,0.0,5.0,34.0,43.0,9.0,1.0,0.0,10.0,29.0,44.0,9.0,1.0,2.0,16.0,30.0,35.0,9.0,1.0,0.0,12.0,26.0,44.0,10.0,1.0,2.0,5.0,30.0,46.0,9.0,2.0,2.0,13.0,33.0,34.0,9.0,1.0,2.0,18.0,39.0,24.0,9.0,6.0,18.0,30.0,20.0,10.0,9.0,2.0,1.0,8.0,32.0,47.0,3.0,3.0,3.0,11.0,42.0,31.0,3.0,4.30269775390625,4.165277099609375,4.273297119140625,4.3344482421875,4.29168701171875,4.243743896484375,4.01126708984375,3.0967651367187496,4.37677001953125,4.043115234375
_,_,01:750:206:03,General Physics Laboratory,"Rajabi, Samira",194.0,59.0,0.0,1.0,5.0,24.0,21.0,8.0,0.0,0.0,9.0,21.0,21.0,8.0,0.0,2.0,13.0,17.0,19.0,8.0,0.0,2.0,4.0,20.0,25.0,8.0,0.0,3.0,5.0,17.0,26.0,8.0,0.0,0.0,9.0,17.0,25.0,8.0,0.0,3.0,16.0,15.0,17.0,8.0,4.0,6.0,16.0,12.0,13.0,8.0,0.0,1.0,6.0,24.0,25.0,3.0,0.0,2.0,11.0,21.0,20.0,5.0,4.196093749999999,4.1734375,4.0140625,4.27109375,4.18984375,4.307812500000001,3.74609375,3.20390625,4.311718750000001,4.12890625
_,_,01:750:206:05,General Physics Laboratory,"Zhakenova, Yelena",26.0,8.0,0.0,0.0,2.0,4.0,2.0,0.0,0.0,1.0,2.0,1.0,4.0,0.0,0.0,0.0,3.0,2.0,3.0,0.0,0.0,0.0,2.0,1.0,4.0,1.0,0.0,0.0,2.0,2.0,4.0,0.0,0.0,0.0,2.0,2.0,4.0,0.0,0.0,0.0,1.0,5.0,2.0,0.0,0.0,2.0,4.0,1.0,1.0,0.0,0.0,1.0,1.0,3.0,3.0,0.0,0.0,0.0,1.0,5.0,1.0,1.0,4.0,4.0,4.0,4.3,4.3,4.3,4.1,3.1,4.0,4.0
_,_,01:750:227:01,Analytical Physics II,"Bartynski, Robert",1733.0,682.0,16.0,33.0,89.0,251.0,194.0,99.0,15.0,32.0,126.0,222.0,183.0,104.0,25.0,44.0,130.0,178.0,208.0,97.0,14.0,19.0,102.0,226.0,218.0,103.0,23.0,27.0,130.0,205.0,187.0,110.0,35.0,45.0,137.0,185.0,178.0,102.0,30.0,43.0,114.0,246.0,150.0,99.0,36.0,102.0,165.0,174.0,103.0,102.0,52.0,60.0,122.0,226.0,177.0,45.0,56.0,81.0,165.0,227.0,113.0,40.0,4.128125,4.078125,4.0375,4.199999999999999,4.1875,4.021875,4.0,3.5,3.875,3.715625
_,_,01:750:227:17,Analytical Physics II,"Hijazi, Hussein",197.0,172.0,11.0,10.0,27.0,48.0,70.0,6.0,17.0,14.0,34.0,45.0,55.0,7.0,14.0,11.0,41.0,33.0,66.0,7.0,15.0,11.0,32.0,35.0,71.0,8.0,8.0,4.0,18.0,46.0,89.0,7.0,15.0,13.0,33.0,41.0,59.0,11.0,8.0,13.0,36.0,62.0,46.0,7.0,12.0,34.0,39.0,52.0,26.0,9.0,14.0,13.0,32.0,46.0,61.0,6.0,14.0,18.0,41.0,62.0,32.0,5.0,3.9499999999999997,3.6374999999999997,3.7625,3.775,4.1875,3.675,4.050000000000001,3.55,3.7874999999999996,3.8499999999999996
_,_,01:750:227:H1,Analytical Physics II,"Chou, John",67.0,18.0,1.0,4.0,3.0,9.0,1.0,0.0,0.0,1.0,6.0,6.0,5.0,0.0,1.0,0.0,5.0,7.0,5.0,0.0,1.0,0.0,1.0,8.0,8.0,0.0,1.0,1.0,4.0,6.0,6.0,0.0,1.0,3.0,5.0,6.0,3.0,0.0,0.0,2.0,9.0,5.0,2.0,0.0,1.0,5.0,8.0,4.0,0.0,0.0,2.0,4.0,3.0,7.0,2.0,0.0,2.0,2.0,7.0,4.0,3.0,0.0,3.3,3.8,3.8,4.2,3.8,3.4,3.4,2.8,3.2,3.2
_,_,01:750:271:H1,Honors Physics I,"Roy, Ananda",96.0,49.0,0.0,4.0,4.0,15.0,26.0,0.0,1.0,0.0,9.0,13.0,26.0,0.0,1.0,6.0,7.0,14.0,20.0,1.0,0.0,1.0,3.0,19.0,26.0,0.0,0.0,2.0,7.0,20.0,19.0,1.0,2.0,5.0,12.0,9.0,21.0,0.0,4.0,7.0,10.0,11.0,17.0,0.0,6.0,7.0,6.0,14.0,16.0,0.0,4.0,7.0,7.0,16.0,15.0,0.0,4.0,9.0,5.0,16.0,15.0,0.0,4.3,4.3,4.0,4.4,4.2,3.9,3.6,3.6,3.6,3.6
_,_,01:750:305:01,Modern Optics,"Wu, Weida",68.0,28.0,0.0,1.0,1.0,12.0,12.0,2.0,1.0,0.0,2.0,9.0,14.0,2.0,1.0,0.0,3.0,9.0,12.0,3.0,0.0,0.0,2.0,10.0,14.0,2.0,0.0,1.0,2.0,11.0,12.0,2.0,0.0,2.0,7.0,6.0,10.0,3.0,1.0,2.0,2.0,7.0,14.0,2.0,0.0,2.0,7.0,8.0,9.0,2.0,1.0,0.0,3.0,12.0,12.0,0.0,2.0,2.0,3.0,11.0,10.0,0.0,4.375,4.375,4.3,4.425,4.2749999999999995,3.875,4.25,3.9749999999999996,4.275,3.925
_,_,01:750:341:01,Principles Astrophys,"Keeton, Charles",53.0,15.0,0.0,0.0,0.0,0.0,15.0,0.0,0.0,0.0,0.0,0.0,15.0,0.0,0.0,0.0,1.0,1.0,13.0,0.0,0.0,0.0,0.0,0.0,15.0,0.0,0.0,1.0,2.0,5.0,7.0,0.0,0.0,1.0,0.0,2.0,12.0,0.0,0.0,0.0,0.0,5.0,9.0,1.0,0.0,0.0,0.0,3.0,11.0,1.0,0.0,1.0,0.0,2.0,12.0,0.0,0.0,2.0,0.0,2.0,10.0,1.0,5.0,5.0,4.8,5.0,4.2,4.7,4.6,4.8,4.7,4.4
_,_,01:750:345:01,Computational Astrophysics,"Burkhart, Blakesley",69.0,49.0,0.0,0.0,2.0,6.0,36.0,5.0,0.0,1.0,1.0,3.0,39.0,5.0,0.0,1.0,3.0,5.0,34.0,6.0,0.0,1.0,1.0,3.0,39.0,5.0,0.0,0.0,0.0,7.0,36.0,6.0,0.0,1.0,3.0,6.0,34.0,5.0,0.0,0.0,3.0,9.0,32.0,5.0,1.0,1.0,5.0,11.0,26.0,5.0,0.0,0.0,3.0,5.0,37.0,4.0,0.0,2.0,1.0,6.0,36.0,4.0,4.8,4.875,4.7250000000000005,4.8500000000000005,4.875,4.699999999999999,4.6499999999999995,4.375,4.800000000000001,4.725
_,_,01:750:381:01,Mechanics,"Kiryukhin, Valery",136.0,41.0,0.0,0.0,4.0,9.0,24.0,4.0,0.0,2.0,4.0,13.0,18.0,4.0,0.0,1.0,3.0,11.0,22.0,4.0,0.0,1.0,7.0,10.0,18.0,5.0,1.0,0.0,5.0,8.0,23.0,4.0,0.0,0.0,6.0,10.0,21.0,4.0,0.0,1.0,4.0,13.0,19.0,4.0,1.0,2.0,8.0,9.0,17.0,4.0,0.0,1.0,5.0,11.0,24.0,0.0,1.0,1.0,7.0,11.0,21.0,0.0,4.574999999999999,4.25,4.5,4.3,4.425,4.4,4.35,4.125,4.425,4.25
_,_,01:750:385:01,Electromagnetism,"Vanderbilt, David",74.0,24.0,0.0,0.0,1.0,6.0,13.0,4.0,0.0,0.0,0.0,8.0,12.0,4.0,0.0,2.0,3.0,7.0,8.0,4.0,0.0,0.0,1.0,7.0,12.0,4.0,0.0,1.0,2.0,5.0,11.0,5.0,0.0,0.0,4.0,4.0,12.0,4.0,0.0,1.0,2.0,7.0,10.0,4.0,1.0,3.0,6.0,4.0,6.0,4.0,0.0,1.0,1.0,8.0,14.0,0.0,0.0,0.0,3.0,7.0,14.0,0.0,4.6,4.6,4.05,4.55,4.35,4.4,4.3,3.55,4.45,4.4
_,_,01:750:418:01,Nuclei And Particles,"Salur, Sevil",19.0,9.0,0.0,0.0,0.0,0.0,9.0,0.0,0.0,0.0,0.0,0.0,9.0,0.0,0.0,0.0,0.0,0.0,9.0,0.0,0.0,0.0,0.0,0.0,9.0,0.0,0.0,0.0,0.0,1.0,8.0,0.0,0.0,0.0,0.0,1.0,8.0,0.0,0.0,0.0,0.0,1.0,8.0,0.0,0.0,0.0,1.0,4.0,4.0,0.0,0.0,0.0,0.0,1.0,8.0,0.0,0.0,0.0,0.0,1.0,8.0,0.0,5.0,5.0,5.0,5.0,4.9,4.9,4.9,4.25,4.9,4.9
_,_,01:750:442:01,High Energy Astrophysics And Radiative  Processes,"Baker, Andrew",37.0,19.0,1.0,0.0,1.0,8.0,9.0,0.0,0.0,1.0,2.0,4.0,12.0,0.0,0.0,1.0,1.0,5.0,12.0,0.0,0.0,0.0,0.0,6.0,13.0,0.0,0.0,0.0,2.0,7.0,10.0,0.0,1.0,0.0,2.0,7.0,9.0,0.0,0.0,0.0,2.0,6.0,9.0,2.0,0.0,0.0,2.0,7.0,9.0,1.0,0.0,1.0,2.0,5.0,11.0,0.0,1.0,0.0,2.0,4.0,11.0,1.0,4.3,4.45,4.5,4.7,4.45,4.25,4.4,4.4,4.4,4.35
_,_,01:750:109:01,Astronomy&cosmology,"Keeton, Charles",129.0,45.0,0.0,0.0,1.0,6.0,30.0,8.0,0.0,0.0,3.0,6.0,28.0,8.0,0.0,0.0,2.0,13.0,22.0,8.0,0.0,0.0,1.0,8.0,28.0,8.0,0.0,0.0,2.0,9.0,26.0,8.0,0.0,0.0,2.0,13.0,21.0,9.0,1.0,0.0,3.0,16.0,17.0,8.0,1.0,1.0,9.0,16.0,10.0,8.0,0.0,0.0,5.0,10.0,29.0,1.0,0.0,1.0,4.0,12.0,27.0,1.0,4.8,4.7,4.5,4.7,4.7,4.5,4.3,3.9,4.6,4.5
_,_,01:750:115:R1,Extended Analytic I,"Zhakenova, Yelena",124.0,64.0,0.0,0.0,2.0,13.0,16.0,33.0,0.0,0.0,2.0,11.0,20.0,31.0,0.0,0.0,5.0,11.0,18.0,30.0,0.0,0.0,1.0,13.0,19.0,31.0,1.0,0.0,4.0,12.0,17.0,30.0,0.0,0.0,5.0,11.0,17.0,31.0,3.0,6.0,8.0,16.0,13.0,18.0,4.0,5.0,17.0,12.0,9.0,17.0,1.0,3.0,2.0,19.0,19.0,20.0,1.0,9.0,9.0,26.0,13.0,6.0,4.5,4.55,4.4,4.550000000000001,4.35,4.35,3.7,3.3499999999999996,4.199999999999999,3.7
_,_,01:750:123:11,Analytical Physics I,"Zimmermann, Frank",71.0,32.0,0.0,0.0,3.0,9.0,9.0,11.0,0.0,0.0,5.0,7.0,9.0,11.0,0.0,0.0,6.0,7.0,8.0,11.0,0.0,0.0,3.0,9.0,9.0,11.0,0.0,0.0,1.0,7.0,13.0,11.0,0.0,0.0,5.0,9.0,7.0,11.0,0.0,1.0,2.0,13.0,11.0,5.0,1.0,2.0,9.0,6.0,9.0,5.0,0.0,1.0,4.0,10.0,9.0,8.0,1.0,0.0,2.0,10.0,15.0,4.0,4.3,4.2,4.1,4.3,4.6,4.1,4.3,3.7,4.1,4.4
_,_,01:750:161:01,Elements Of Physics,"Bhanot, Gyan",161.0,80.0,6.0,11.0,9.0,19.0,7.0,28.0,8.0,7.0,11.0,13.0,13.0,28.0,7.0,5.0,9.0,15.0,16.0,28.0,4.0,4.0,7.0,17.0,20.0,28.0,5.0,3.0,14.0,16.0,12.0,30.0,9.0,7.0,11.0,12.0,13.0,28.0,4.0,12.0,18.0,24.0,8.0,14.0,16.0,22.0,16.0,8.0,4.0,14.0,9.0,7.0,16.0,17.0,6.0,25.0,14.0,19.0,19.0,16.0,3.0,9.0,3.2,3.3,3.5,3.9,3.5,3.3,3.3,2.4,3.1,2.7
_,_,01:750:203:01,General Physics,"Mysore, Sachin",45.0,13.0,0.0,1.0,0.0,4.0,5.0,3.0,0.0,2.0,0.0,4.0,4.0,3.0,0.0,0.0,4.0,2.0,4.0,3.0,0.0,0.0,0.0,6.0,4.0,3.0,0.0,1.0,0.0,3.0,6.0,3.0,0.0,1.0,3.0,1.0,5.0,3.0,0.0,0.0,0.0,5.0,7.0,1.0,1.0,2.0,4.0,2.0,3.0,1.0,0.0,1.0,2.0,2.0,5.0,3.0,0.0,0.0,1.0,3.0,8.0,1.0,4.300000000000001,4.0,4.0,4.4,4.4,4.0,4.550000000000001,3.3,4.1,4.550000000000001
_,_,01:750:203:06,General Physics,"Zanzoul, Sarah",45.0,20.0,0.0,0.0,0.0,2.0,14.0,4.0,0.0,0.0,0.0,1.0,15.0,4.0,0.0,0.0,1.0,1.0,14.0,4.0,0.0,0.0,0.0,1.0,15.0,4.0,0.0,0.0,0.0,2.0,14.0,4.0,0.0,0.0,0.0,2.0,14.0,4.0,0.0,0.0,0.0,9.0,7.0,4.0,0.0,4.0,6.0,3.0,3.0,4.0,0.0,0.0,0.0,2.0,18.0,0.0,0.0,0.0,2.0,4.0,14.0,0.0,4.9,4.9,4.8,4.9,4.9,4.9,4.4,3.3,4.9,4.6
_,_,01:750:203:09,General Physics,"Akhtar, Aimun",69.0,18.0,0.0,0.0,0.0,6.0,8.0,4.0,0.0,0.0,0.0,5.0,9.0,4.0,0.0,0.0,2.0,5.0,7.0,4.0,0.0,0.0,0.0,4.0,10.0,4.0,0.0,0.0,0.0,3.0,11.0,4.0,0.0,0.0,1.0,5.0,8.0,4.0,0.0,0.0,0.0,10.0,7.0,1.0,1.0,1.0,6.0,7.0,2.0,1.0,0.0,0.0,1.0,5.0,8.0,4.0,0.0,0.0,3.0,7.0,8.0,0.0,4.6,4.7,4.35,4.8,4.85,4.5,4.35,3.5,4.5,4.15
_,_,01:750:203:30,General Physics,"Falcone, Nicole",22.0,4.0,0.0,0.0,0.0,1.0,1.0,2.0,0.0,0.0,0.0,0.0,2.0,2.0,0.0,0.0,1.0,0.0,1.0,2.0,0.0,0.0,0.0,1.0,1.0,2.0,0.0,0.0,0.0,0.0,2.0,2.0,0.0,0.0,1.0,0.0,1.0,2.0,0.0,0.0,0.0,1.0,2.0,1.0,0.0,0.0,2.0,1.0,0.0,1.0,0.0,0.0,1.0,1.0,1.0,1.0,0.0,0.0,2.0,0.0,2.0,0.0,4.5,5.0,4.0,4.5,5.0,4.0,4.7,3.3,4.0,4.0
_,_,01:750:203:36,General Physics,"Chainani, Shailendra",65.0,27.0,1.0,1.0,1.0,6.0,10.0,8.0,1.0,1.0,2.0,4.0,11.0,8.0,1.0,0.0,3.0,6.0,9.0,8.0,1.0,0.0,0.0,8.0,10.0,8.0,1.0,0.0,1.0,6.0,11.0,8.0,1.0,1.0,1.0,4.0,12.0,8.0,0.0,0.0,7.0,5.0,9.0,6.0,3.0,3.0,7.0,4.0,4.0,6.0,1.0,1.0,2.0,9.0,9.0,5.0,2.0,1.0,7.0,10.0,5.0,2.0,4.225,4.225,3.975,4.175,4.175,4.15,4.2,3.225,4.15,3.675
_,_,01:750:204:14,General Physics,"Lee, Brian",197.0,66.0,0.0,1.0,3.0,16.0,32.0,14.0,0.0,2.0,3.0,11.0,36.0,14.0,0.0,0.0,5.0,15.0,32.0,14.0,0.0,1.0,1.0,14.0,35.0,15.0,0.0,2.0,3.0,14.0,33.0,14.0,0.0,2.0,3.0,14.0,33.0,14.0,1.0,0.0,5.0,22.0,25.0,13.0,5.0,7.0,12.0,15.0,14.0,13.0,0.0,1.0,7.0,10.0,40.0,8.0,2.0,1.0,12.0,17.0,28.0,6.0,4.475,4.5,4.5,4.625,4.449999999999999,4.475,4.325,3.575,4.5,4.25
_,_,01:750:205:20,General Physics Laboratory,"Mendelsohn, Eric",229.0,73.0,3.0,4.0,4.0,30.0,25.0,7.0,4.0,3.0,9.0,24.0,26.0,7.0,6.0,2.0,8.0,20.0,29.0,8.0,3.0,4.0,8.0,25.0,25.0,8.0,9.0,13.0,11.0,18.0,14.0,8.0,5.0,6.0,14.0,24.0,16.0,8.0,5.0,7.0,14.0,29.0,9.0,9.0,10.0,14.0,24.0,12.0,5.0,8.0,6.0,6.0,12.0,22.0,24.0,3.0,9.0,8.0,17.0,25.0,11.0,3.0,3.8609375,3.930859375,3.89140625,3.977734375,3.284765625,3.6984375,3.511328125,3.036328125,3.722265625,3.601953125
_,_,01:750:206:01,General Physics Laboratory,"Mendelsohn, Eric",316.0,113.0,3.0,7.0,12.0,32.0,39.0,20.0,5.0,7.0,14.0,27.0,40.0,20.0,3.0,10.0,15.0,28.0,36.0,21.0,2.0,8.0,13.0,29.0,40.0,21.0,11.0,13.0,12.0,29.0,28.0,20.0,6.0,8.0,22.0,26.0,31.0,20.0,3.0,10.0,22.0,41.0,16.0,21.0,7.0,19.0,34.0,22.0,8.0,23.0,11.0,9.0,13.0,38.0,36.0,6.0,5.0,15.0,25.0,42.0,20.0,6.0,4.202075195312499,4.285791015625,4.201806640625,4.2516845703125,4.0333251953125,3.9888427734375,3.642431640625,2.90556640625,3.9875732421874996,3.83818359375
_,_,01:750:206:04,General Physics Laboratory,"Mysore, Sachin",46.0,14.0,0.0,0.0,0.0,1.0,9.0,4.0,0.0,0.0,0.0,1.0,9.0,4.0,0.0,0.0,0.0,1.0,9.0,4.0,0.0,0.0,0.0,1.0,9.0,4.0,0.0,0.0,0.0,2.0,8.0,4.0,0.0,0.0,0.0,1.0,9.0,4.0,0.0,0.0,2.0,1.0,7.0,4.0,0.0,0.0,4.0,3.0,3.0,4.0,0.0,0.0,0.0,2.0,10.0,2.0,0.0,0.0,2.0,3.0,7.0,2.0,4.9,4.9,4.9,4.9,4.8,4.9,4.5,3.9,4.85,4.4
_,_,01:750:206:11,General Physics Laboratory,"Montalvo, Grace",191.0,57.0,0.0,2.0,4.0,15.0,27.0,9.0,1.0,4.0,4.0,8.0,31.0,9.0,0.0,1.0,7.0,15.0,25.0,9.0,0.0,1.0,2.0,12.0,32.0,10.0,0.0,1.0,1.0,13.0,32.0,10.0,0.0,1.0,5.0,19.0,23.0,9.0,0.0,2.0,10.0,18.0,18.0,9.0,3.0,8.0,13.0,16.0,8.0,9.0,0.0,2.0,9.0,15.0,31.0,0.0,0.0,3.0,10.0,24.0,20.0,0.0,4.40234375,4.3953125,4.284375000000001,4.509375,4.715624999999999,4.32421875,4.124218750000001,3.28046875,4.339062500000001,4.028125
_,_,01:750:228:01,Analytical Physics Iib,"Kotliar, B",60.0,14.0,0.0,0.0,3.0,5.0,3.0,3.0,0.0,1.0,3.0,3.0,4.0,3.0,0.0,2.0,4.0,1.0,4.0,3.0,0.0,0.0,0.0,6.0,5.0,3.0,0.0,0.0,1.0,0.0,10.0,3.0,0.0,0.0,1.0,6.0,4.0,3.0,0.0,1.0,2.0,5.0,4.0,2.0,0.0,2.0,3.0,4.0,3.0,2.0,0.0,1.0,3.0,4.0,5.0,1.0,1.0,0.0,2.0,7.0,3.0,1.0,4.0,3.9,3.6,4.5,4.8,4.3,4.0,3.7,4.0,3.9
_,_,01:750:228:01,Analytical Physics Iib,"Mastbaum, Andrew",141.0,51.0,0.0,0.0,3.0,9.0,29.0,10.0,0.0,1.0,4.0,8.0,27.0,11.0,0.0,3.0,1.0,14.0,21.0,12.0,0.0,0.0,2.0,5.0,33.0,11.0,0.0,1.0,1.0,11.0,26.0,12.0,0.0,2.0,4.0,8.0,25.0,12.0,0.0,1.0,6.0,13.0,21.0,10.0,0.0,4.0,8.0,15.0,14.0,10.0,0.0,3.0,3.0,14.0,27.0,4.0,1.0,1.0,5.0,19.0,19.0,6.0,4.65,4.55,4.25,4.8,4.6,4.25,4.25,3.9,4.25,4.1
_,_,01:750:230:01,Analytical Physics II Laboratory,"Wang, Hao",117.0,32.0,0.0,0.0,1.0,9.0,14.0,8.0,0.0,1.0,1.0,7.0,15.0,8.0,0.0,2.0,3.0,7.0,12.0,8.0,0.0,1.0,0.0,7.0,16.0,8.0,0.0,0.0,1.0,9.0,14.0,8.0,0.0,1.0,1.0,10.0,11.0,9.0,0.0,1.0,3.0,9.0,11.0,8.0,0.0,2.0,5.0,8.0,9.0,8.0,0.0,0.0,2.0,10.0,16.0,4.0,0.0,2.0,2.0,10.0,13.0,5.0,4.51875,4.44375,4.20625,4.54375,4.6,4.293749999999999,4.268750000000001,4.13125,4.575,4.35
_,_,01:750:271:H1,Honors Physics I,"Diaconescu, Duiliu",115.0,65.0,0.0,1.0,4.0,15.0,31.0,14.0,0.0,0.0,4.0,16.0,31.0,14.0,0.0,0.0,12.0,9.0,30.0,14.0,0.0,0.0,4.0,14.0,33.0,14.0,0.0,1.0,2.0,5.0,40.0,17.0,0.0,0.0,7.0,16.0,28.0,14.0,0.0,6.0,14.0,18.0,19.0,8.0,2.0,8.0,9.0,23.0,15.0,8.0,0.0,2.0,2.0,15.0,31.0,15.0,4.0,12.0,15.0,21.0,10.0,3.0,4.45,4.5,4.35,4.550000000000001,4.7,4.35,3.9,3.7,4.449999999999999,3.3499999999999996
_,_,01:750:271:H1,Honors Physics I,"Chou, John",207.0,110.0,4.0,12.0,25.0,34.0,18.0,17.0,1.0,10.0,12.0,37.0,33.0,17.0,1.0,9.0,19.0,30.0,34.0,17.0,1.0,7.0,12.0,36.0,37.0,17.0,2.0,10.0,18.0,39.0,24.0,17.0,3.0,15.0,23.0,32.0,19.0,18.0,0.0,7.0,20.0,33.0,32.0,18.0,3.0,11.0,18.0,34.0,26.0,18.0,10.0,16.0,21.0,35.0,21.0,7.0,7.0,19.0,24.0,35.0,18.0,7.0,3.55,4.0,3.95,4.1,3.75,3.55,3.95,3.75,3.4,3.3499999999999996
_,_,01:750:275:H1,Classical Physics Lab I,"Podzorov, Vitaly",226.0,120.0,2.0,0.0,5.0,11.0,20.0,82.0,2.0,0.0,5.0,12.0,19.0,82.0,2.0,2.0,7.0,12.0,15.0,82.0,1.0,0.0,5.0,11.0,21.0,82.0,1.0,2.0,8.0,12.0,15.0,82.0,2.0,0.0,8.0,14.0,14.0,82.0,6.0,10.0,24.0,34.0,19.0,27.0,3.0,9.0,34.0,29.0,17.0,28.0,1.0,0.0,5.0,13.0,26.0,75.0,5.0,11.0,33.0,38.0,22.0,11.0,3.0724609375,3.313671875,3.02548828125,3.57216796875,3.500390625,3.0283203125,3.5228515624999996,3.5935546875,3.88251953125,3.2857421875000004
_,_,01:750:326:01,Introduction To Computer-Based          Experimentation And Physics Computing,"Gershtein, Yuri",59.0,21.0,0.0,0.0,4.0,10.0,4.0,3.0,0.0,1.0,3.0,14.0,1.0,2.0,0.0,2.0,4.0,11.0,1.0,3.0,0.0,1.0,2.0,12.0,3.0,3.0,0.0,1.0,2.0,13.0,2.0,3.0,0.0,1.0,6.0,8.0,3.0,3.0,0.0,1.0,7.0,6.0,4.0,3.0,0.0,3.0,3.0,7.0,5.0,3.0,1.0,3.0,2.0,12.0,2.0,1.0,0.0,3.0,4.0,9.0,4.0,1.0,4.0,3.8,3.6,3.9,3.9,3.7,3.7,3.8,3.6,3.7
_,_,01:750:361:01,Quantum & Atomic Phy,"Somalwar, Sunil",64.0,22.0,0.0,0.0,1.0,3.0,17.0,1.0,1.0,0.0,1.0,1.0,18.0,1.0,0.0,0.0,0.0,5.0,16.0,1.0,0.0,0.0,0.0,2.0,19.0,1.0,0.0,0.0,0.0,1.0,20.0,1.0,0.0,0.0,0.0,2.0,18.0,2.0,0.0,1.0,3.0,6.0,11.0,1.0,0.0,1.0,2.0,7.0,11.0,1.0,0.0,0.0,2.0,4.0,16.0,0.0,0.0,1.0,2.0,6.0,13.0,0.0,4.75,4.65,4.75,4.9,4.95,4.9,4.3,4.35,4.65,4.4
_,_,01:750:451:01,Physical Oceanograph,"Miller, James",43.0,14.0,0.0,1.0,2.0,5.0,4.0,2.0,0.0,2.0,2.0,4.0,4.0,2.0,0.0,0.0,3.0,4.0,5.0,2.0,0.0,0.0,2.0,5.0,5.0,2.0,0.0,0.0,0.0,4.0,8.0,2.0,0.0,0.0,2.0,6.0,4.0,2.0,0.0,0.0,0.0,8.0,4.0,2.0,0.0,3.0,1.0,2.0,6.0,2.0,0.0,0.0,3.0,7.0,3.0,1.0,0.0,0.0,4.0,5.0,4.0,1.0,3.95,3.85,4.15,4.25,4.699999999999999,4.15,4.300000000000001,3.9,3.95,3.95
_,_,01:750:464:01,Mathematical Physics,"Andrei, Natan",14.0,6.0,0.0,1.0,2.0,1.0,1.0,1.0,0.0,1.0,1.0,2.0,1.0,1.0,1.0,0.0,1.0,1.0,2.0,1.0,0.0,0.0,1.0,1.0,3.0,1.0,0.0,1.0,1.0,0.0,2.0,2.0,0.0,1.0,1.0,2.0,1.0,1.0,0.0,2.0,1.0,0.0,2.0,1.0,0.0,0.0,2.0,1.0,2.0,1.0,1.0,0.0,1.0,2.0,1.0,1.0,1.0,1.0,1.0,1.0,1.0,1.0,3.35,3.65,3.6,4.35,4.15,3.65,3.25,3.85,3.4,2.9
_,_,01:750:110:01,Astronomy And Cosmology,"Jha, Saurabh",107.0,44.0,0.0,0.0,0.0,7.0,33.0,4.0,0.0,0.0,0.0,7.0,33.0,4.0,0.0,0.0,2.0,8.0,30.0,4.0,0.0,0.0,0.0,11.0,29.0,4.0,0.0,0.0,0.0,10.0,30.0,4.0,0.0,0.0,2.0,9.0,29.0,4.0,0.0,0.0,2.0,14.0,24.0,4.0,0.0,6.0,4.0,14.0,16.0,4.0,0.0,0.0,0.0,9.0,34.0,1.0,0.0,0.0,0.0,13.0,30.0,1.0,4.8,4.8,4.7,4.7,4.8,4.7,4.6,4.0,4.8,4.7
_,_,01:750:115:R1,Extended Analytic I,"Halkiadakis, Eva",196.0,109.0,1.0,3.0,10.0,38.0,33.0,24.0,0.0,2.0,10.0,33.0,40.0,24.0,0.0,2.0,18.0,27.0,38.0,24.0,0.0,1.0,10.0,26.0,48.0,24.0,2.0,2.0,10.0,30.0,41.0,24.0,0.0,5.0,14.0,33.0,33.0,24.0,0.0,4.0,11.0,35.0,33.0,26.0,2.0,4.0,26.0,26.0,26.0,25.0,3.0,6.0,15.0,44.0,34.0,7.0,1.0,6.0,18.0,51.0,25.0,8.0,4.2,4.3,4.2,4.4,4.3,4.1,4.2,3.8,4.0,3.9
_,_,01:750:123:29,Analytical Physics I,"Webb, Trinity",89.0,50.0,0.0,0.0,1.0,6.0,30.0,13.0,0.0,0.0,1.0,4.0,33.0,12.0,0.0,0.0,3.0,5.0,30.0,12.0,0.0,0.0,2.0,5.0,30.0,13.0,0.0,0.0,2.0,3.0,33.0,12.0,0.0,0.0,3.0,6.0,29.0,12.0,0.0,0.0,2.0,12.0,24.0,12.0,1.0,3.0,7.0,11.0,16.0,12.0,0.0,0.0,3.0,9.0,35.0,3.0,0.0,0.0,3.0,11.0,33.0,3.0,4.85,4.9,4.8,4.85,4.9,4.8,4.65,4.15,4.65,4.65
_,_,01:750:155:01,Introduction To Research And Research Communities In Physics & Astronomy,"Brooks, Alyson",20.0,8.0,0.0,0.0,0.0,2.0,6.0,0.0,0.0,0.0,0.0,5.0,2.0,1.0,0.0,0.0,0.0,1.0,7.0,0.0,0.0,0.0,0.0,2.0,6.0,0.0,0.0,0.0,0.0,3.0,5.0,0.0,0.0,0.0,0.0,3.0,5.0,0.0,0.0,0.0,1.0,1.0,5.0,1.0,0.0,0.0,2.0,1.0,4.0,1.0,0.0,0.0,0.0,2.0,5.0,1.0,0.0,0.0,1.0,2.0,4.0,1.0,4.8,4.3,4.9,4.8,4.6,4.6,4.6,4.3,4.7,4.4
_,_,01:750:161:01,Elements Of Physics,"Wang, Hao",57.0,22.0,0.0,0.0,2.0,10.0,8.0,2.0,0.0,0.0,1.0,9.0,10.0,2.0,0.0,3.0,1.0,9.0,7.0,2.0,0.0,2.0,0.0,10.0,8.0,2.0,0.0,0.0,4.0,7.0,9.0,2.0,0.0,1.0,2.0,9.0,8.0,2.0,2.0,6.0,8.0,3.0,1.0,2.0,5.0,9.0,5.0,1.0,0.0,2.0,0.0,1.0,5.0,11.0,4.0,1.0,3.0,11.0,3.0,4.0,0.0,1.0,4.3,4.5,4.0,4.2,4.3,4.2,2.8,2.1,3.9,2.4
_,_,01:750:161:01,Elements Of Physics,"Zimmermann, Frank",198.0,89.0,9.0,12.0,11.0,19.0,14.0,24.0,7.0,9.0,12.0,28.0,9.0,24.0,12.0,11.0,16.0,18.0,8.0,24.0,7.0,10.0,12.0,24.0,12.0,24.0,9.0,6.0,22.0,17.0,9.0,26.0,13.0,9.0,18.0,18.0,7.0,24.0,12.0,13.0,17.0,19.0,4.0,24.0,18.0,24.0,17.0,5.0,1.0,24.0,19.0,18.0,12.0,24.0,8.0,8.0,17.0,23.0,18.0,21.0,2.0,8.0,3.3,3.4,3.0,3.4,3.2,3.0,2.9,2.2,2.8,2.6
_,_,01:750:193:02,Physics For The Sciences,"Lee, June",27.0,6.0,0.0,0.0,1.0,1.0,2.0,2.0,0.0,0.0,1.0,1.0,2.0,2.0,0.0,0.0,1.0,2.0,1.0,2.0,0.0,0.0,1.0,1.0,2.0,2.0,0.0,0.0,1.0,1.0,2.0,2.0,0.0,0.0,1.0,1.0,2.0,2.0,0.0,0.0,1.0,3.0,0.0,2.0,0.0,2.0,2.0,0.0,0.0,2.0,0.0,0.0,0.0,2.0,3.0,1.0,0.0,0.0,1.0,2.0,1.0,2.0,4.3,4.3,4.0,4.3,4.3,4.3,3.8,2.5,4.6,4.0
_,_,01:750:193:21,Physics For The Sciences Laboratory,"Regalon, Juan",28.0,8.0,0.0,0.0,2.0,2.0,4.0,0.0,0.0,2.0,0.0,1.0,5.0,0.0,0.0,1.0,0.0,2.0,5.0,0.0,0.0,1.0,1.0,0.0,6.0,0.0,1.0,1.0,0.0,2.0,4.0,0.0,1.0,0.0,1.0,1.0,5.0,0.0,0.0,0.0,1.0,5.0,2.0,0.0,0.0,2.0,4.0,2.0,0.0,0.0,0.0,2.0,0.0,0.0,6.0,0.0,0.0,1.0,0.0,4.0,3.0,0.0,4.3,4.1,4.4,4.4,3.9,4.1,4.1,3.0,4.3,4.1
_,_,01:750:193:28,Physics For The Sciences Laboratory,"Young, Benjamin",28.0,11.0,0.0,0.0,1.0,2.0,6.0,2.0,0.0,0.0,1.0,1.0,7.0,2.0,0.0,0.0,1.0,3.0,5.0,2.0,0.0,0.0,0.0,2.0,7.0,2.0,0.0,2.0,1.0,2.0,4.0,2.0,0.0,0.0,2.0,2.0,5.0,2.0,0.0,0.0,1.0,5.0,3.0,2.0,1.0,3.0,2.0,3.0,0.0,2.0,0.0,0.0,1.0,4.0,6.0,0.0,0.0,0.0,0.0,7.0,4.0,0.0,4.6,4.7,4.4,4.8,3.9,4.3,4.2,2.8,4.5,4.4
_,_,01:750:203:23,General Physics,"Yazigi, Justin",46.0,12.0,0.0,0.0,0.0,2.0,6.0,4.0,0.0,0.0,0.0,1.0,7.0,4.0,0.0,0.0,1.0,1.0,6.0,4.0,0.0,0.0,0.0,3.0,5.0,4.0,0.0,0.0,0.0,2.0,6.0,4.0,0.0,0.0,1.0,1.0,6.0,4.0,3.0,1.0,0.0,4.0,1.0,3.0,3.0,1.0,4.0,0.0,1.0,3.0,0.0,0.0,1.0,1.0,7.0,3.0,3.0,1.0,2.0,4.0,0.0,2.0,4.8,4.9,4.6,4.6,4.8,4.6,2.9,2.4,4.7,2.7
_,_,01:750:204:05,General Physics,"Jerez, Andres",35.0,4.0,1.0,0.0,1.0,1.0,0.0,1.0,1.0,1.0,1.0,0.0,0.0,1.0,1.0,1.0,1.0,0.0,0.0,1.0,0.0,0.0,2.0,1.0,0.0,1.0,0.0,0.0,2.0,0.0,1.0,1.0,0.0,0.0,2.0,1.0,0.0,1.0,1.0,1.0,0.0,1.0,0.0,1.0,1.0,0.0,2.0,0.0,0.0,1.0,1.0,1.0,0.0,1.0,1.0,0.0,2.0,0.0,0.0,1.0,1.0,0.0,2.7,2.0,2.0,3.3,3.7,3.3,2.3,2.3,3.0,2.8
_,_,01:750:204:20,General Physics,"Falcone, Nicole",46.0,13.0,0.0,0.0,0.0,2.0,5.0,6.0,0.0,0.0,0.0,2.0,5.0,6.0,0.0,0.0,0.0,4.0,3.0,6.0,0.0,0.0,0.0,1.0,6.0,6.0,0.0,0.0,0.0,1.0,6.0,6.0,0.0,0.0,0.0,1.0,6.0,6.0,0.0,0.0,0.0,5.0,2.0,6.0,0.0,2.0,2.0,2.0,1.0,6.0,0.0,0.0,0.0,4.0,8.0,1.0,1.0,0.0,2.0,5.0,4.0,1.0,4.75,4.75,4.5,4.9,4.9,4.9,4.35,3.35,4.7,3.9
_,_,01:750:205:23,General Physics Laboratory,"Rechani, Phillip",53.0,14.0,0.0,0.0,1.0,5.0,6.0,2.0,0.0,0.0,3.0,1.0,8.0,2.0,0.0,0.0,3.0,2.0,7.0,2.0,0.0,0.0,1.0,3.0,8.0,2.0,0.0,2.0,1.0,1.0,8.0,2.0,0.0,1.0,1.0,2.0,8.0,2.0,0.0,0.0,3.0,5.0,4.0,2.0,1.0,2.0,3.0,4.0,2.0,2.0,0.0,0.0,2.0,3.0,8.0,1.0,1.0,0.0,0.0,5.0,7.0,1.0,4.449999999999999,4.5,4.45,4.65,4.35,4.5,4.15,3.3,4.5,4.35
_,_,01:750:206:05,General Physics Laboratory,"Rechani, Phillip",54.0,15.0,0.0,1.0,0.0,6.0,7.0,1.0,0.0,1.0,0.0,4.0,9.0,1.0,0.0,1.0,3.0,5.0,5.0,1.0,0.0,0.0,1.0,5.0,8.0,1.0,0.0,0.0,2.0,4.0,8.0,1.0,0.0,1.0,0.0,7.0,6.0,1.0,0.0,2.0,2.0,6.0,4.0,1.0,1.0,2.0,4.0,4.0,3.0,1.0,0.0,1.0,3.0,5.0,6.0,0.0,0.0,1.0,5.0,4.0,5.0,0.0,4.4,4.55,4.05,4.55,4.449999999999999,4.35,3.95,3.5,4.1,3.95
_,_,01:750:206:08,General Physics Laboratory,"Martinez Cespedes, Dirson",24.0,9.0,0.0,0.0,0.0,1.0,6.0,2.0,0.0,0.0,0.0,1.0,6.0,2.0,0.0,0.0,0.0,3.0,4.0,2.0,0.0,0.0,0.0,2.0,5.0,2.0,0.0,0.0,0.0,0.0,7.0,2.0,0.0,0.0,0.0,2.0,5.0,2.0,0.0,0.0,0.0,2.0,5.0,2.0,1.0,1.0,1.0,0.0,4.0,2.0,0.0,0.0,0.0,1.0,7.0,1.0,0.0,1.0,0.0,2.0,6.0,0.0,4.9,4.9,4.6,4.7,5.0,4.7,4.7,3.7,4.9,4.4
_,_,01:750:229:16,Analytical Physics II Laboratory,"Martinez Cespedes, Dirson",49.0,13.0,0.0,0.0,0.0,4.0,4.0,5.0,0.0,0.0,0.0,3.0,5.0,5.0,0.0,0.0,1.0,3.0,4.0,5.0,0.0,0.0,0.0,4.0,4.0,5.0,0.0,0.0,0.0,3.0,5.0,5.0,0.0,0.0,0.0,4.0,4.0,5.0,0.0,0.0,2.0,2.0,4.0,5.0,0.0,0.0,4.0,0.0,4.0,5.0,0.0,0.0,0.0,3.0,7.0,3.0,0.0,0.0,0.0,4.0,6.0,3.0,4.5,4.6,4.25,4.5,4.75,4.5,4.15,4.0,4.75,4.65
_,_,01:750:273:H1,Honors Physics III,"Lath, Amitabh",65.0,25.0,0.0,0.0,0.0,8.0,14.0,3.0,0.0,0.0,3.0,10.0,9.0,3.0,0.0,0.0,0.0,7.0,14.0,4.0,0.0,0.0,3.0,7.0,12.0,3.0,0.0,0.0,1.0,5.0,16.0,3.0,0.0,0.0,2.0,7.0,13.0,3.0,0.0,0.0,1.0,7.0,15.0,2.0,2.0,1.0,3.0,5.0,12.0,2.0,0.0,0.0,1.0,8.0,16.0,0.0,0.0,0.0,2.0,10.0,13.0,0.0,4.6,4.3,4.7,4.4,4.7,4.5,4.6,4.0,4.6,4.4
_,_,01:750:323:01,Advanced General Physics I,"Rabe, Karin",39.0,12.0,0.0,0.0,3.0,2.0,6.0,1.0,0.0,1.0,0.0,2.0,8.0,1.0,0.0,0.0,1.0,3.0,7.0,1.0,0.0,0.0,0.0,1.0,10.0,1.0,0.0,0.0,0.0,5.0,6.0,1.0,0.0,1.0,0.0,4.0,6.0,1.0,0.0,0.0,2.0,4.0,5.0,1.0,0.0,0.0,2.0,4.0,5.0,1.0,0.0,1.0,2.0,2.0,7.0,0.0,0.0,1.0,1.0,4.0,6.0,0.0,4.3,4.6,4.6,4.9,4.6,4.4,4.3,4.3,4.3,4.3
_,_,01:750:326:01,Introduction To Computer-Based          Experimentation And Physics Computing,"Lee, Sang-Hyuk",51.0,43.0,0.0,1.0,3.0,18.0,19.0,2.0,1.0,4.0,3.0,14.0,19.0,2.0,1.0,4.0,5.0,11.0,20.0,2.0,0.0,2.0,5.0,12.0,23.0,1.0,0.0,0.0,8.0,8.0,21.0,6.0,1.0,2.0,7.0,15.0,17.0,1.0,0.0,1.0,5.0,19.0,17.0,1.0,0.0,3.0,9.0,17.0,13.0,1.0,3.0,2.0,5.0,16.0,16.0,1.0,2.0,4.0,6.0,20.0,10.0,1.0,4.35,4.2,4.3,4.35,4.35,4.15,4.25,3.95,4.1,3.9
_,_,01:750:385:01,Electromagnetism,"Gershtein, Yuri",38.0,10.0,0.0,0.0,0.0,5.0,4.0,1.0,0.0,0.0,1.0,3.0,5.0,1.0,0.0,0.0,0.0,5.0,4.0,1.0,0.0,0.0,0.0,4.0,5.0,1.0,0.0,0.0,2.0,3.0,4.0,1.0,0.0,0.0,2.0,2.0,5.0,1.0,0.0,0.0,0.0,2.0,7.0,1.0,0.0,0.0,0.0,5.0,4.0,1.0,0.0,0.0,1.0,4.0,5.0,0.0,0.0,0.0,1.0,6.0,3.0,0.0,4.4,4.4,4.4,4.6,4.2,4.3,4.8,4.4,4.4,4.2
_,_,01:750:387:01,Exp Modern Physics,"Rechani, Phillip",11.0,5.0,0.0,0.0,0.0,1.0,3.0,1.0,0.0,0.0,0.0,1.0,3.0,1.0,0.0,0.0,0.0,2.0,2.0,1.0,0.0,0.0,0.0,1.0,3.0,1.0,0.0,0.0,0.0,2.0,2.0,1.0,0.0,0.0,0.0,1.0,3.0,1.0,0.0,0.0,0.0,2.0,2.0,1.0,0.0,0.0,0.0,2.0,2.0,1.0,0.0,0.0,1.0,1.0,3.0,0.0,0.0,0.0,1.0,2.0,2.0,0.0,4.8,4.8,4.5,4.8,4.5,4.8,4.5,4.5,4.4,4.2
_,_,01:750:106:01,Concepts Of Physics,"Zimmermann, Frank",59.0,25.0,1.0,4.0,2.0,9.0,9.0,0.0,1.0,3.0,3.0,7.0,11.0,0.0,1.0,2.0,4.0,8.0,10.0,0.0,1.0,1.0,4.0,9.0,10.0,0.0,0.0,3.0,2.0,8.0,11.0,1.0,2.0,2.0,6.0,6.0,9.0,0.0,2.0,4.0,3.0,7.0,8.0,1.0,0.0,3.0,7.0,9.0,6.0,0.0,5.0,2.0,2.0,5.0,11.0,0.0,1.0,5.0,3.0,8.0,8.0,0.0,3.975,4.125,4.025,4.1,4.225,3.8,3.825,3.75,3.925,3.975
_,_,01:750:110:01,Astronomy And Cosmology,"Buckley, Matthew",74.0,31.0,0.0,0.0,0.0,7.0,24.0,0.0,0.0,0.0,0.0,7.0,24.0,0.0,0.0,0.0,1.0,8.0,22.0,0.0,0.0,0.0,0.0,6.0,25.0,0.0,0.0,0.0,2.0,7.0,22.0,0.0,0.0,1.0,0.0,10.0,20.0,0.0,0.0,1.0,1.0,12.0,17.0,0.0,0.0,5.0,4.0,11.0,11.0,0.0,0.0,0.0,1.0,7.0,23.0,0.0,1.0,0.0,0.0,11.0,19.0,0.0,4.8,4.8,4.7,4.8,4.7,4.6,4.5,3.9,4.7,4.5
_,_,01:750:110:02,Astronomy And Cosmology,"Hughes, John",52.0,19.0,0.0,0.0,1.0,2.0,16.0,0.0,0.0,0.0,3.0,2.0,14.0,0.0,0.0,0.0,1.0,3.0,15.0,0.0,0.0,0.0,1.0,5.0,13.0,0.0,0.0,0.0,1.0,4.0,14.0,0.0,0.0,1.0,3.0,1.0,12.0,2.0,0.0,0.0,3.0,3.0,12.0,1.0,0.0,1.0,5.0,4.0,9.0,0.0,0.0,0.0,2.0,3.0,14.0,0.0,0.0,0.0,2.0,3.0,14.0,0.0,4.8,4.6,4.7,4.6,4.7,4.4,4.5,4.1,4.6,4.6
_,_,01:750:116:R1,Extended Analytic I,"Cochran, Geraldine",347.0,242.0,2.0,1.0,17.0,64.0,157.0,1.0,2.0,2.0,14.0,50.0,172.0,2.0,5.0,1.0,21.0,58.0,155.0,2.0,2.0,0.0,13.0,53.0,173.0,1.0,3.0,2.0,17.0,63.0,152.0,5.0,2.0,4.0,18.0,69.0,144.0,5.0,3.0,0.0,23.0,111.0,101.0,4.0,8.0,17.0,65.0,87.0,64.0,1.0,2.0,3.0,18.0,48.0,170.0,1.0,1.0,2.0,24.0,103.0,111.0,1.0,4.550000000000001,4.65,4.550000000000001,4.65,4.550000000000001,4.5,4.300000000000001,3.75,4.65,4.35
_,_,01:750:124:01,Analytical Physics I,"Gershenson, Michael",485.0,155.0,4.0,14.0,43.0,53.0,35.0,6.0,5.0,15.0,36.0,63.0,30.0,6.0,13.0,24.0,35.0,48.0,29.0,6.0,4.0,6.0,37.0,65.0,38.0,5.0,2.0,3.0,34.0,61.0,42.0,13.0,11.0,25.0,47.0,45.0,22.0,5.0,3.0,5.0,28.0,83.0,33.0,3.0,4.0,10.0,44.0,60.0,34.0,3.0,12.0,31.0,33.0,50.0,22.0,7.0,2.0,8.0,41.0,70.0,30.0,4.0,3.6500000000000004,3.65,3.35,3.85,3.9499999999999997,3.25,3.9,3.7,3.25,3.75
_,_,01:750:124:H1,Analytical Physics I,"Halkiadakis, Eva",124.0,51.0,0.0,0.0,2.0,10.0,36.0,3.0,0.0,0.0,2.0,13.0,33.0,3.0,0.0,0.0,2.0,18.0,28.0,3.0,0.0,0.0,0.0,15.0,32.0,4.0,0.0,0.0,3.0,14.0,30.0,4.0,0.0,0.0,1.0,13.0,33.0,4.0,0.0,0.0,3.0,22.0,26.0,0.0,0.0,1.0,13.0,20.0,17.0,0.0,0.0,0.0,2.0,9.0,37.0,3.0,0.0,0.0,2.0,16.0,33.0,0.0,4.7,4.65,4.550000000000001,4.699999999999999,4.550000000000001,4.65,4.4,4.0,4.7,4.6
_,_,01:750:140:01,Greenhouse Effect,"Lath, Amitabh",86.0,36.0,0.0,0.0,0.0,7.0,28.0,1.0,0.0,0.0,0.0,7.0,28.0,1.0,0.0,0.0,1.0,7.0,28.0,0.0,0.0,0.0,1.0,7.0,28.0,0.0,0.0,0.0,0.0,8.0,28.0,0.0,0.0,0.0,1.0,8.0,27.0,0.0,0.0,0.0,3.0,11.0,22.0,0.0,1.0,3.0,5.0,12.0,15.0,0.0,0.0,0.0,0.0,7.0,28.0,1.0,0.0,0.0,1.0,8.0,27.0,0.0,4.825,4.75,4.725,4.725,4.775,4.725,4.5,4.0,4.800000000000001,4.75
_,_,01:750:194:01,Physics For The Sciences,"Gentile, Michael",959.0,289.0,0.0,3.0,12.0,63.0,201.0,10.0,0.0,2.0,12.0,47.0,216.0,12.0,0.0,4.0,19.0,54.0,199.0,13.0,0.0,2.0,6.0,54.0,216.0,11.0,0.0,5.0,12.0,68.0,189.0,15.0,0.0,5.0,15.0,64.0,194.0,11.0,3.0,8.0,23.0,108.0,131.0,16.0,35.0,71.0,63.0,44.0,62.0,14.0,1.0,5.0,16.0,56.0,205.0,6.0,4.0,4.0,23.0,91.0,159.0,8.0,4.671875,4.73125,4.66875,4.6812499999999995,4.60625,4.64375,4.49375,3.36875,4.653125,4.56875
_,_,01:750:194:07,Physics For The Sciences,"Makowski, Patrick",82.0,19.0,0.0,0.0,1.0,3.0,15.0,0.0,0.0,0.0,0.0,3.0,16.0,0.0,0.0,0.0,2.0,1.0,16.0,0.0,0.0,0.0,1.0,1.0,17.0,0.0,0.0,0.0,0.0,3.0,16.0,0.0,0.0,1.0,0.0,3.0,15.0,0.0,0.0,1.0,5.0,5.0,8.0,0.0,2.0,5.0,5.0,2.0,5.0,0.0,0.0,0.0,0.0,2.0,17.0,0.0,0.0,1.0,2.0,6.0,10.0,0.0,4.75,4.85,4.75,4.9,4.800000000000001,4.699999999999999,4.1,3.1,4.85,4.35
_,_,01:750:201:R1,Extended Gen Physics,"Brahmia, Abdelbaki",404.0,148.0,0.0,2.0,3.0,29.0,98.0,16.0,0.0,3.0,7.0,23.0,97.0,18.0,0.0,3.0,5.0,28.0,96.0,16.0,0.0,2.0,4.0,26.0,99.0,17.0,1.0,3.0,13.0,38.0,78.0,15.0,2.0,1.0,8.0,36.0,86.0,15.0,0.0,2.0,15.0,49.0,67.0,15.0,7.0,24.0,31.0,35.0,35.0,16.0,0.0,3.0,6.0,29.0,107.0,3.0,1.0,2.0,19.0,51.0,70.0,5.0,4.699999999999999,4.675,4.675,4.699999999999999,4.425,4.550000000000001,4.4,3.5,4.699999999999999,4.35
_,_,01:750:201:R1,Extended Gen Physics,"Bunkowski, Klaudia",36.0,16.0,0.0,0.0,0.0,3.0,13.0,0.0,0.0,0.0,0.0,2.0,14.0,0.0,0.0,0.0,1.0,4.0,11.0,0.0,0.0,0.0,0.0,2.0,14.0,0.0,0.0,0.0,1.0,3.0,12.0,0.0,0.0,0.0,0.0,5.0,11.0,0.0,0.0,0.0,0.0,7.0,9.0,0.0,0.0,1.0,6.0,4.0,5.0,0.0,0.0,0.0,1.0,2.0,13.0,0.0,0.0,0.0,2.0,5.0,9.0,0.0,4.8,4.9,4.6,4.9,4.7,4.7,4.6,3.8,4.8,4.4
_,_,01:750:201:RF,Extended Gen Physics Lab,"Chishti, Shumaila",58.0,26.0,0.0,1.0,1.0,5.0,14.0,5.0,0.0,0.0,3.0,4.0,14.0,5.0,0.0,2.0,1.0,4.0,14.0,5.0,0.0,1.0,3.0,4.0,13.0,5.0,0.0,1.0,2.0,6.0,12.0,5.0,0.0,0.0,3.0,5.0,13.0,5.0,0.0,1.0,4.0,7.0,10.0,4.0,1.0,7.0,3.0,3.0,7.0,5.0,0.0,1.0,2.0,5.0,15.0,3.0,0.0,2.0,2.0,7.0,13.0,2.0,4.6000000000000005,4.6000000000000005,4.55,4.425000000000001,4.5,4.55,4.3,3.45,4.525,4.4
_,_,01:750:203:05,General Physics,"Chishti, Shumaila",91.0,54.0,0.0,0.0,2.0,11.0,35.0,6.0,0.0,0.0,2.0,9.0,37.0,6.0,0.0,0.0,4.0,15.0,29.0,6.0,0.0,1.0,2.0,10.0,35.0,6.0,0.0,0.0,3.0,12.0,34.0,5.0,0.0,0.0,2.0,15.0,31.0,6.0,1.0,4.0,11.0,18.0,17.0,3.0,10.0,3.0,14.0,18.0,7.0,2.0,0.0,0.0,3.0,15.0,32.0,4.0,5.0,7.0,7.0,20.0,14.0,1.0,4.675,4.7,4.525,4.6,4.65,4.6,3.9,3.2,4.525,3.575
_,_,01:750:203:11,General Physics,"Khan, Hamza",31.0,20.0,0.0,0.0,0.0,3.0,17.0,0.0,0.0,0.0,0.0,1.0,19.0,0.0,0.0,0.0,0.0,4.0,16.0,0.0,0.0,0.0,0.0,1.0,18.0,1.0,0.0,0.0,0.0,3.0,17.0,0.0,0.0,0.0,0.0,3.0,17.0,0.0,0.0,0.0,2.0,10.0,8.0,0.0,0.0,5.0,5.0,5.0,5.0,0.0,0.0,0.0,0.0,0.0,20.0,0.0,0.0,0.0,3.0,10.0,6.0,1.0,4.9,5.0,4.8,5.0,4.9,4.9,4.3,3.5,5.0,4.2
_,_,01:750:204:23,General Physics,"Finley, Jacqueline",48.0,18.0,0.0,0.0,1.0,4.0,13.0,0.0,0.0,0.0,1.0,5.0,12.0,0.0,0.0,0.0,2.0,6.0,10.0,0.0,0.0,0.0,2.0,4.0,12.0,0.0,0.0,0.0,1.0,4.0,13.0,0.0,0.0,0.0,1.0,5.0,12.0,0.0,1.0,1.0,2.0,5.0,8.0,1.0,1.0,2.0,3.0,5.0,7.0,0.0,0.0,0.0,1.0,4.0,13.0,0.0,1.0,1.0,3.0,6.0,7.0,0.0,4.7,4.6,4.4,4.6,4.7,4.6,4.1,3.8,4.7,3.9
_,_,01:750:205:04,General Physics Laboratory,"Kabir, Adeeb",26.0,14.0,0.0,0.0,2.0,4.0,8.0,0.0,0.0,0.0,1.0,7.0,6.0,0.0,0.0,0.0,1.0,6.0,6.0,1.0,0.0,0.0,0.0,7.0,7.0,0.0,1.0,0.0,0.0,4.0,9.0,0.0,0.0,1.0,0.0,7.0,6.0,0.0,0.0,1.0,2.0,11.0,0.0,0.0,0.0,1.0,7.0,5.0,1.0,0.0,0.0,1.0,0.0,6.0,7.0,0.0,0.0,1.0,4.0,6.0,3.0,0.0,4.4,4.4,4.4,4.5,4.4,4.3,3.7,3.4,4.4,3.8
_,_,01:750:206:03,General Physics Laboratory,"Jerez, Andres",25.0,13.0,0.0,0.0,1.0,4.0,7.0,1.0,0.0,0.0,1.0,6.0,5.0,1.0,1.0,0.0,3.0,2.0,6.0,1.0,0.0,1.0,2.0,3.0,6.0,1.0,0.0,2.0,0.0,4.0,6.0,1.0,0.0,2.0,2.0,2.0,6.0,1.0,0.0,3.0,2.0,4.0,3.0,1.0,3.0,0.0,2.0,4.0,3.0,1.0,0.0,1.0,2.0,3.0,6.0,1.0,0.0,2.0,2.0,3.0,5.0,1.0,4.5,4.3,4.0,4.2,4.2,4.0,3.6,3.3,4.2,3.9
_,_,01:750:227:03,Analytical Physics II,"Lee, Brian",26.0,8.0,0.0,0.0,1.0,0.0,7.0,0.0,0.0,0.0,1.0,0.0,7.0,0.0,0.0,0.0,1.0,0.0,7.0,0.0,0.0,0.0,1.0,0.0,7.0,0.0,0.0,0.0,1.0,0.0,7.0,0.0,0.0,0.0,1.0,0.0,7.0,0.0,0.0,0.0,2.0,4.0,2.0,0.0,0.0,1.0,2.0,4.0,1.0,0.0,0.0,0.0,1.0,0.0,7.0,0.0,0.0,0.0,2.0,3.0,3.0,0.0,4.8,4.8,4.8,4.8,4.8,4.8,4.0,3.6,4.8,4.1
_,_,01:750:228:01,Analytical Physics IIb,"Montalvo, Roy",593.0,145.0,1.0,4.0,20.0,57.0,56.0,7.0,1.0,5.0,20.0,49.0,61.0,9.0,2.0,9.0,32.0,46.0,50.0,6.0,1.0,4.0,18.0,47.0,68.0,7.0,2.0,4.0,21.0,54.0,57.0,7.0,1.0,10.0,30.0,44.0,53.0,7.0,4.0,4.0,26.0,68.0,40.0,3.0,7.0,19.0,44.0,39.0,33.0,3.0,4.0,9.0,21.0,44.0,63.0,4.0,7.0,8.0,33.0,60.0,35.0,2.0,4.4125,4.449999999999999,4.225,4.525,4.3875,4.262499999999999,3.8625000000000003,3.4375,4.35,3.7125
_,_,01:750:228:01,Analytical Physics IIb,"Sengupta, Anirvan",82.0,16.0,0.0,1.0,2.0,9.0,3.0,1.0,0.0,0.0,3.0,7.0,5.0,1.0,0.0,1.0,3.0,8.0,3.0,1.0,0.0,0.0,3.0,8.0,4.0,1.0,0.0,1.0,3.0,8.0,3.0,1.0,0.0,0.0,5.0,8.0,2.0,1.0,0.0,1.0,5.0,8.0,2.0,0.0,1.0,1.0,8.0,4.0,2.0,0.0,0.0,0.0,3.0,9.0,3.0,1.0,1.0,1.0,4.0,7.0,2.0,1.0,3.9,4.1,3.9,4.1,3.9,3.8,3.7,3.3,4.0,3.5
_,_,01:750:228:02,Analytical Physics IIb,"Neuberger, Herbert",91.0,15.0,1.0,0.0,1.0,4.0,5.0,4.0,0.0,1.0,1.0,5.0,4.0,4.0,0.0,1.0,1.0,4.0,5.0,4.0,0.0,0.0,1.0,5.0,5.0,4.0,0.0,0.0,1.0,4.0,6.0,4.0,0.0,0.0,3.0,3.0,5.0,4.0,0.0,1.0,2.0,6.0,6.0,0.0,0.0,2.0,4.0,4.0,5.0,0.0,0.0,0.0,2.0,4.0,5.0,4.0,1.0,0.0,4.0,8.0,2.0,0.0,4.1,4.1,4.2,4.4,4.5,4.2,4.1,3.8,4.3,3.7
_,_,01:750:228:03,Analytical Physics IIb,"Roy, Ananda",88.0,32.0,2.0,1.0,3.0,7.0,19.0,0.0,2.0,0.0,5.0,3.0,21.0,1.0,1.0,0.0,6.0,7.0,16.0,2.0,2.0,0.0,4.0,4.0,21.0,1.0,1.0,1.0,6.0,4.0,19.0,1.0,1.0,1.0,7.0,3.0,19.0,1.0,1.0,1.0,8.0,11.0,11.0,0.0,4.0,6.0,7.0,5.0,10.0,0.0,2.0,1.0,4.0,4.0,20.0,1.0,2.0,4.0,7.0,13.0,6.0,0.0,4.3,4.3,4.2,4.4,4.3,4.2,3.9,3.3,4.3,3.5
_,_,01:750:228:H1,Analytical Physics IIb,"Chou, John Paul",25.0,4.0,0.0,1.0,0.0,1.0,2.0,0.0,0.0,0.0,1.0,0.0,3.0,0.0,0.0,0.0,1.0,0.0,3.0,0.0,0.0,0.0,0.0,1.0,3.0,0.0,0.0,0.0,0.0,2.0,2.0,0.0,0.0,0.0,1.0,1.0,2.0,0.0,0.0,1.0,0.0,0.0,3.0,0.0,1.0,0.0,0.0,1.0,2.0,0.0,0.0,0.0,1.0,0.0,3.0,0.0,0.0,1.0,0.0,0.0,3.0,0.0,4.0,4.5,4.5,4.8,4.5,4.3,4.3,3.8,4.5,4.3
_,_,01:750:272:H1,Honors Physics II,"Chakram Sundar, Srivatsan",206.0,100.0,0.0,1.0,8.0,37.0,49.0,5.0,0.0,1.0,8.0,36.0,50.0,5.0,1.0,1.0,12.0,33.0,48.0,5.0,0.0,0.0,6.0,25.0,64.0,5.0,2.0,2.0,10.0,36.0,45.0,5.0,0.0,2.0,11.0,35.0,47.0,5.0,1.0,4.0,9.0,35.0,47.0,4.0,6.0,7.0,20.0,31.0,32.0,4.0,0.0,4.0,6.0,47.0,41.0,2.0,2.0,5.0,16.0,40.0,35.0,2.0,4.4750000000000005,4.4750000000000005,4.4,4.625,4.225,4.375,4.35,3.875,4.3,4.15
_,_,01:750:276:H1,Classical Physics Lab II,"Blumberg, Girsh",73.0,27.0,0.0,4.0,6.0,8.0,4.0,5.0,2.0,6.0,3.0,8.0,3.0,5.0,3.0,5.0,5.0,5.0,3.0,6.0,1.0,7.0,6.0,6.0,2.0,5.0,1.0,7.0,2.0,8.0,4.0,5.0,1.0,5.0,8.0,5.0,3.0,5.0,1.0,3.0,8.0,11.0,4.0,0.0,1.0,2.0,13.0,5.0,5.0,1.0,4.0,2.0,9.0,5.0,2.0,5.0,5.0,5.0,9.0,4.0,4.0,0.0,3.8499999999999996,3.5625,3.4625000000000004,3.4375,3.6375,3.55,3.575,3.5625,3.3499999999999996,2.8625
_,_,01:750:301:01,Physics Of Sound,"Cheong, Sang-Wook",9.0,4.0,1.0,1.0,1.0,1.0,0.0,0.0,0.0,2.0,2.0,0.0,0.0,0.0,0.0,0.0,2.0,1.0,1.0,0.0,0.0,0.0,2.0,2.0,0.0,0.0,0.0,1.0,1.0,2.0,0.0,0.0,1.0,2.0,0.0,1.0,0.0,0.0,0.0,2.0,0.0,2.0,0.0,0.0,0.0,0.0,1.0,2.0,1.0,0.0,1.0,2.0,1.0,0.0,0.0,0.0,1.0,1.0,1.0,1.0,0.0,0.0,2.5,2.5,3.8,3.5,3.3,2.3,3.0,4.0,2.0,2.5
_,_,01:750:324:01,Advanced General Physics II,"Gershtein, Yuri",47.0,13.0,2.0,0.0,2.0,5.0,4.0,0.0,2.0,0.0,2.0,4.0,5.0,0.0,1.0,1.0,3.0,6.0,2.0,0.0,1.0,1.0,1.0,6.0,4.0,0.0,1.0,0.0,2.0,5.0,5.0,0.0,2.0,0.0,2.0,7.0,2.0,0.0,2.0,2.0,0.0,6.0,3.0,0.0,1.0,0.0,3.0,4.0,5.0,0.0,2.0,1.0,1.0,7.0,2.0,0.0,2.0,1.0,2.0,6.0,2.0,0.0,4.0,4.05,3.75,4.1,4.15,3.75,3.75,4.1,3.75,3.65
_,_,01:750:327:01,Mod Instrumentation,"Mastbaum, Andrew",165.0,81.0,1.0,0.0,0.0,12.0,65.0,3.0,1.0,0.0,2.0,9.0,65.0,4.0,1.0,0.0,2.0,13.0,61.0,4.0,1.0,0.0,0.0,11.0,66.0,3.0,1.0,0.0,2.0,12.0,62.0,4.0,1.0,0.0,1.0,19.0,57.0,3.0,2.0,0.0,2.0,20.0,54.0,3.0,4.0,6.0,16.0,28.0,24.0,3.0,0.0,0.0,1.0,13.0,66.0,1.0,0.0,2.0,1.0,21.0,54.0,3.0,4.800000000000001,4.800000000000001,4.725,4.800000000000001,4.775,4.725,4.625,3.825,4.8500000000000005,4.625
_,_,01:750:342:01,Principles Astrophys,"Mcquinn, Kristen",43.0,36.0,0.0,0.0,2.0,9.0,25.0,0.0,0.0,0.0,0.0,9.0,27.0,0.0,0.0,1.0,2.0,4.0,27.0,2.0,0.0,0.0,2.0,6.0,28.0,0.0,0.0,0.0,3.0,9.0,24.0,0.0,1.0,0.0,3.0,7.0,24.0,1.0,1.0,0.0,1.0,12.0,22.0,0.0,0.0,0.0,3.0,18.0,15.0,0.0,1.0,1.0,0.0,7.0,27.0,0.0,1.0,0.0,2.0,9.0,24.0,0.0,4.6,4.8,4.7,4.7,4.6,4.5,4.5,4.3,4.6,4.5
_,_,01:750:346:01,Observational Astronomy,"Gawiser, Eric",54.0,14.0,0.0,0.0,0.0,2.0,12.0,0.0,0.0,0.0,0.0,1.0,13.0,0.0,0.0,0.0,0.0,4.0,10.0,0.0,0.0,0.0,0.0,2.0,11.0,1.0,0.0,0.0,1.0,2.0,11.0,0.0,0.0,0.0,1.0,2.0,11.0,0.0,0.0,0.0,0.0,4.0,10.0,0.0,0.0,0.0,0.0,2.0,12.0,0.0,0.0,0.0,0.0,3.0,11.0,0.0,0.0,0.0,1.0,2.0,11.0,0.0,4.875,4.95,4.675,4.85,4.65,4.625,4.675,4.824999999999999,4.775,4.675
_,_,01:750:351:01,Thermal Physics,"Kiryukhin, Valery",51.0,22.0,0.0,0.0,1.0,4.0,16.0,1.0,0.0,1.0,2.0,5.0,14.0,0.0,0.0,0.0,1.0,6.0,15.0,0.0,0.0,0.0,2.0,5.0,15.0,0.0,0.0,0.0,2.0,4.0,15.0,1.0,0.0,1.0,2.0,4.0,14.0,1.0,0.0,0.0,2.0,6.0,14.0,0.0,1.0,0.0,2.0,6.0,13.0,0.0,0.0,1.0,2.0,5.0,14.0,0.0,0.0,1.0,1.0,8.0,12.0,0.0,4.7,4.5,4.6,4.6,4.6,4.5,4.6,4.4,4.5,4.4
_,_,01:750:382:01,Mechanics,"Wu, Weida",40.0,18.0,0.0,1.0,1.0,6.0,10.0,0.0,1.0,1.0,0.0,8.0,8.0,0.0,2.0,1.0,1.0,7.0,7.0,0.0,0.0,0.0,3.0,4.0,11.0,0.0,0.0,0.0,4.0,6.0,8.0,0.0,1.0,2.0,1.0,7.0,7.0,0.0,0.0,0.0,3.0,4.0,11.0,0.0,0.0,1.0,7.0,0.0,10.0,0.0,1.0,2.0,3.0,4.0,8.0,0.0,2.0,0.0,3.0,6.0,7.0,0.0,4.4,4.2,3.9,4.4,4.2,3.9,4.4,4.1,3.9,3.9
_,_,01:750:386:01,Electromagnetism,"Salur, Sevil",42.0,17.0,0.0,0.0,0.0,4.0,13.0,0.0,0.0,0.0,0.0,4.0,13.0,0.0,0.0,0.0,0.0,4.0,12.0,1.0,0.0,0.0,0.0,3.0,14.0,0.0,0.0,0.0,0.0,3.0,14.0,0.0,0.0,0.0,0.0,4.0,13.0,0.0,0.0,0.0,1.0,4.0,11.0,1.0,0.0,0.0,4.0,5.0,8.0,0.0,0.0,0.0,0.0,3.0,14.0,0.0,0.0,0.0,0.0,5.0,12.0,0.0,4.8,4.8,4.8,4.8,4.8,4.8,4.6,4.2,4.8,4.7
_,_,01:750:388:01,Exp Modern Physics,"Oh, Seongshik",45.0,30.0,0.0,1.0,5.0,12.0,9.0,3.0,0.0,1.0,4.0,18.0,7.0,0.0,0.0,3.0,8.0,10.0,8.0,1.0,0.0,1.0,3.0,17.0,9.0,0.0,0.0,1.0,9.0,12.0,8.0,0.0,0.0,1.0,10.0,13.0,6.0,0.0,0.0,0.0,2.0,20.0,8.0,0.0,0.0,1.0,7.0,14.0,8.0,0.0,1.0,0.0,3.0,17.0,9.0,0.0,1.0,1.0,6.0,13.0,9.0,0.0,4.075,4.1,3.875,4.175000000000001,3.975,3.875,4.225,4.025,4.199999999999999,4.025
_,_,01:750:397:01,Phys Of Mod Devices,"Podzorov, Vitaly",51.0,20.0,1.0,1.0,0.0,6.0,11.0,1.0,2.0,0.0,0.0,6.0,11.0,1.0,1.0,1.0,0.0,2.0,15.0,1.0,1.0,0.0,0.0,5.0,13.0,1.0,1.0,1.0,2.0,5.0,9.0,2.0,1.0,0.0,1.0,7.0,10.0,1.0,0.0,0.0,0.0,6.0,13.0,1.0,0.0,0.0,2.0,10.0,7.0,1.0,0.0,0.0,1.0,6.0,11.0,2.0,0.0,0.0,0.0,9.0,9.0,2.0,4.3,4.25,4.449999999999999,4.449999999999999,4.15,4.3,4.775,4.25,4.65,4.574999999999999
_,_,01:750:417:01,Intermed Quantum,"Yuzbashyan, Emil",25.0,13.0,0.0,0.0,0.0,7.0,6.0,0.0,0.0,0.0,0.0,3.0,10.0,0.0,0.0,0.0,0.0,4.0,9.0,0.0,0.0,0.0,1.0,2.0,10.0,0.0,0.0,0.0,0.0,9.0,4.0,0.0,0.0,0.0,1.0,3.0,9.0,0.0,1.0,0.0,0.0,3.0,9.0,0.0,0.0,0.0,2.0,2.0,9.0,0.0,0.0,0.0,1.0,4.0,8.0,0.0,1.0,0.0,0.0,6.0,6.0,0.0,4.5,4.8,4.699999999999999,4.699999999999999,4.300000000000001,4.6,4.4,4.55,4.55,4.2
_,_,01:750:421:01,Introduction To Quantum Computing,"Schnetzer, Stephen",24.0,12.0,0.0,0.0,0.0,4.0,8.0,0.0,0.0,0.0,0.0,3.0,9.0,0.0,0.0,0.0,1.0,2.0,9.0,0.0,0.0,0.0,0.0,0.0,12.0,0.0,0.0,0.0,0.0,4.0,8.0,0.0,0.0,0.0,0.0,4.0,8.0,0.0,0.0,0.0,1.0,6.0,5.0,0.0,0.0,0.0,4.0,2.0,6.0,0.0,0.0,0.0,0.0,2.0,10.0,0.0,0.0,0.0,1.0,4.0,7.0,0.0,4.4,4.85,4.8,5.0,4.8,4.8,4.6,4.1,4.9,4.7
_,_,01:750:441:01,Stars & Star Formation,"Jha, Saurabh",39.0,20.0,0.0,0.0,0.0,2.0,18.0,0.0,0.0,0.0,0.0,1.0,19.0,0.0,0.0,0.0,0.0,3.0,17.0,0.0,0.0,0.0,0.0,1.0,19.0,0.0,0.0,0.0,0.0,1.0,19.0,0.0,0.0,0.0,0.0,2.0,18.0,0.0,0.0,0.0,0.0,2.0,18.0,0.0,0.0,0.0,2.0,5.0,12.0,1.0,0.0,0.0,0.0,2.0,18.0,0.0,0.0,0.0,0.0,5.0,15.0,0.0,4.95,4.95,4.9,4.95,4.95,4.95,4.9,4.55,4.95,4.75
_,_,01:750:109:01,Astronomy&cosmology,"Chainani, Shailendra",44.0,12.0,1.0,1.0,7.0,1.0,2.0,0.0,0.0,2.0,6.0,2.0,2.0,0.0,2.0,1.0,4.0,1.0,4.0,0.0,0.0,0.0,4.0,4.0,4.0,0.0,0.0,0.0,0.0,6.0,6.0,0.0,0.0,2.0,6.0,1.0,3.0,0.0,1.0,1.0,7.0,0.0,3.0,0.0,0.0,0.0,5.0,4.0,3.0,0.0,3.0,2.0,4.0,1.0,2.0,0.0,2.0,1.0,5.0,3.0,1.0,0.0,3.2,3.3,3.3,4.0,4.5,3.4,3.3,3.8,2.8,3.0
_,_,01:750:110:01,Astronomy And Cosmology,"Wang, Hao",110.0,40.0,0.0,0.0,3.0,14.0,16.0,7.0,0.0,3.0,5.0,12.0,13.0,7.0,2.0,1.0,6.0,12.0,12.0,7.0,0.0,2.0,3.0,12.0,16.0,7.0,0.0,0.0,3.0,10.0,20.0,7.0,2.0,3.0,5.0,12.0,11.0,7.0,2.0,0.0,6.0,15.0,10.0,7.0,0.0,3.0,11.0,12.0,7.0,7.0,2.0,3.0,6.0,16.0,12.0,1.0,1.0,4.0,6.0,16.0,12.0,1.0,4.4,4.05,3.9499999999999997,4.25,4.55,3.8,3.9000000000000004,3.65,3.9,3.9
_,_,01:750:124:01,Analytical Physics I,"Ruggieri, Charles",1294.0,547.0,3.0,0.0,6.0,64.0,402.0,72.0,2.0,0.0,8.0,83.0,380.0,74.0,2.0,1.0,11.0,71.0,388.0,74.0,2.0,0.0,5.0,73.0,394.0,73.0,3.0,0.0,8.0,75.0,383.0,78.0,2.0,1.0,8.0,79.0,381.0,76.0,0.0,0.0,24.0,142.0,307.0,74.0,6.0,10.0,74.0,183.0,201.0,73.0,0.0,0.0,9.0,64.0,445.0,29.0,1.0,2.0,11.0,135.0,371.0,27.0,4.84375,4.840625,4.8187500000000005,4.85625,4.84375,4.8187500000000005,4.606249999999999,4.209375,4.859375,4.668749999999999
_,_,01:750:124:40,Analytical Physics I,"Cheong, Sang-Wook",69.0,30.0,1.0,0.0,3.0,14.0,11.0,1.0,1.0,0.0,7.0,10.0,11.0,1.0,1.0,0.0,7.0,9.0,12.0,1.0,0.0,0.0,6.0,11.0,12.0,1.0,0.0,2.0,3.0,8.0,16.0,1.0,0.0,0.0,6.0,14.0,9.0,1.0,0.0,0.0,3.0,7.0,20.0,0.0,0.0,1.0,6.0,12.0,11.0,0.0,0.0,1.0,5.0,12.0,11.0,1.0,0.0,0.0,0.0,5.0,25.0,0.0,4.2,4.0,4.1,4.2,4.3,4.1,4.6,4.1,4.1,4.8
_,_,01:750:194:08,Physics For The Sciences,"Baker, John",56.0,14.0,0.0,1.0,3.0,3.0,6.0,1.0,0.0,0.0,3.0,3.0,7.0,1.0,0.0,1.0,2.0,4.0,6.0,1.0,0.0,1.0,2.0,3.0,7.0,1.0,0.0,1.0,2.0,4.0,6.0,1.0,0.0,1.0,2.0,4.0,5.0,2.0,0.0,1.0,1.0,7.0,4.0,1.0,2.0,3.0,5.0,2.0,1.0,1.0,0.0,1.0,2.0,4.0,6.0,1.0,0.0,1.0,0.0,6.0,6.0,1.0,4.1,4.35,4.15,4.2,4.15,4.05,4.05,2.8,4.15,4.25
_,_,01:750:194:09,Physics For The Sciences,"Shang, Fangze",210.0,52.0,0.0,4.0,2.0,13.0,30.0,3.0,0.0,3.0,4.0,12.0,30.0,3.0,0.0,2.0,5.0,12.0,30.0,3.0,0.0,3.0,3.0,10.0,33.0,3.0,0.0,3.0,3.0,12.0,30.0,4.0,1.0,1.0,6.0,10.0,30.0,4.0,0.0,2.0,2.0,19.0,24.0,5.0,4.0,10.0,12.0,13.0,8.0,5.0,0.0,4.0,3.0,12.0,30.0,3.0,0.0,0.0,5.0,16.0,28.0,3.0,4.234375,4.103125,4.33125,4.415625,4.53125,4.387499999999999,4.5375,3.284375,4.221875000000001,4.5
_,_,01:750:205:01,General Physics Laboratory,"Lee, Brian",104.0,39.0,0.0,0.0,2.0,7.0,30.0,0.0,0.0,0.0,3.0,9.0,27.0,0.0,0.0,0.0,0.0,12.0,27.0,0.0,0.0,0.0,3.0,8.0,28.0,0.0,0.0,0.0,1.0,12.0,26.0,0.0,0.0,1.0,2.0,9.0,27.0,0.0,1.0,0.0,7.0,17.0,13.0,1.0,6.0,7.0,12.0,8.0,5.0,1.0,0.0,0.0,3.0,8.0,28.0,0.0,0.0,1.0,3.0,18.0,17.0,0.0,4.7625,4.637499999999999,4.675000000000001,4.6125,4.65,4.625,4.15,3.1875,4.6125,4.3375
_,_,01:750:227:01,Analytical Physics II,"Lee, Sang-Hyuk",103.0,35.0,1.0,6.0,11.0,11.0,5.0,1.0,2.0,5.0,8.0,12.0,7.0,1.0,0.0,4.0,12.0,11.0,7.0,1.0,0.0,2.0,8.0,12.0,12.0,1.0,1.0,2.0,7.0,14.0,10.0,1.0,2.0,2.0,14.0,10.0,5.0,2.0,2.0,5.0,9.0,14.0,4.0,1.0,2.0,5.0,10.0,9.0,8.0,1.0,4.0,8.0,8.0,8.0,6.0,1.0,5.0,5.0,11.0,7.0,6.0,1.0,3.4,3.5,3.6,4.0,3.9,3.4,3.4,3.5,3.1,3.1
_,_,01:750:228:H1,Analytical Physics Iib,"Falcone, Nicole",30.0,7.0,0.0,0.0,0.0,2.0,5.0,0.0,0.0,1.0,0.0,1.0,5.0,0.0,0.0,1.0,1.0,3.0,2.0,0.0,0.0,0.0,0.0,3.0,4.0,0.0,1.0,0.0,0.0,1.0,5.0,0.0,0.0,1.0,0.0,2.0,4.0,0.0,0.0,0.0,0.0,5.0,2.0,0.0,0.0,1.0,2.0,3.0,1.0,0.0,0.0,1.0,0.0,0.0,6.0,0.0,0.0,0.0,1.0,2.0,4.0,0.0,4.7,4.4,3.9,4.6,4.3,4.3,4.3,3.6,4.6,4.4
_,_,01:750:228:H1,Analytical Physics Iib,"Chou, John",30.0,7.0,0.0,0.0,2.0,3.0,2.0,0.0,0.0,0.0,1.0,3.0,3.0,0.0,0.0,0.0,1.0,3.0,3.0,0.0,0.0,0.0,1.0,2.0,4.0,0.0,0.0,0.0,2.0,2.0,3.0,0.0,0.0,1.0,2.0,2.0,2.0,0.0,0.0,0.0,0.0,5.0,2.0,0.0,0.0,1.0,2.0,3.0,1.0,0.0,0.0,0.0,2.0,3.0,2.0,0.0,0.0,0.0,1.0,2.0,4.0,0.0,4.0,4.3,4.3,4.4,4.1,3.7,4.3,3.6,4.0,4.4
_,_,01:750:272:H4,Honors Physics II,"Hijazi, Hussein",57.0,51.0,0.0,7.0,7.0,13.0,21.0,3.0,3.0,6.0,6.0,12.0,21.0,3.0,3.0,6.0,4.0,14.0,21.0,3.0,1.0,8.0,8.0,11.0,19.0,4.0,1.0,3.0,5.0,16.0,23.0,3.0,1.0,7.0,7.0,13.0,20.0,3.0,0.0,2.0,7.0,23.0,17.0,2.0,3.0,2.0,14.0,17.0,13.0,2.0,4.0,3.0,10.0,16.0,16.0,2.0,0.0,3.0,10.0,24.0,12.0,2.0,3.9499999999999997,3.8499999999999996,3.85,3.8,4.2,3.9,4.1,3.65,3.7,3.9
_,_,01:750:342:01,Principles Astrophysics,"McQuinn, Kristen",38.0,29.0,0.0,0.0,0.0,6.0,23.0,0.0,0.0,0.0,0.0,6.0,23.0,0.0,0.0,0.0,0.0,4.0,25.0,0.0,0.0,0.0,0.0,3.0,26.0,0.0,0.0,0.0,2.0,7.0,20.0,0.0,0.0,0.0,0.0,6.0,23.0,0.0,0.0,0.0,1.0,5.0,20.0,3.0,0.0,0.0,2.0,6.0,18.0,3.0,0.0,0.0,0.0,6.0,23.0,0.0,0.0,0.0,1.0,5.0,20.0,3.0,4.8,4.8,4.9,4.9,4.6,4.8,4.7,4.6,4.8,4.7
_,_,01:750:351:01,Thermal Physics,"Wu, Weida",89.0,32.0,1.0,1.0,1.0,7.0,18.0,4.0,2.0,1.0,3.0,4.0,18.0,4.0,3.0,2.0,2.0,5.0,16.0,4.0,1.0,0.0,3.0,7.0,17.0,4.0,1.0,0.0,5.0,4.0,16.0,6.0,3.0,1.0,2.0,7.0,15.0,4.0,0.0,0.0,3.0,8.0,17.0,4.0,1.0,2.0,4.0,7.0,14.0,4.0,2.0,2.0,5.0,4.0,18.0,1.0,2.0,2.0,7.0,5.0,15.0,1.0,4.5,4.3,4.1,4.4,4.35,4.1,4.5,4.1,4.15,4.0
_,_,01:750:382:01,Mechanics,"Kiryukhin, Valery",75.0,27.0,0.0,0.0,1.0,5.0,19.0,2.0,0.0,0.0,2.0,6.0,17.0,2.0,0.0,0.0,0.0,10.0,15.0,2.0,0.0,0.0,4.0,5.0,15.0,3.0,0.0,0.0,1.0,6.0,17.0,3.0,0.0,1.0,1.0,7.0,16.0,2.0,0.0,0.0,1.0,9.0,15.0,2.0,0.0,1.0,3.0,6.0,15.0,2.0,0.0,0.0,2.0,6.0,19.0,0.0,0.0,1.0,1.0,7.0,18.0,0.0,4.75,4.6,4.6,4.45,4.7,4.550000000000001,4.6,4.45,4.65,4.55
_,_,01:750:386:01,Electromagnetism,"Vanderbilt, David",58.0,19.0,0.0,0.0,0.0,3.0,15.0,1.0,0.0,0.0,0.0,2.0,16.0,1.0,0.0,0.0,1.0,1.0,16.0,1.0,0.0,0.0,0.0,2.0,16.0,1.0,0.0,0.0,0.0,4.0,14.0,1.0,0.0,0.0,0.0,5.0,13.0,1.0,0.0,1.0,0.0,4.0,13.0,1.0,1.0,1.0,0.0,7.0,9.0,1.0,0.0,0.0,0.0,4.0,15.0,0.0,0.0,1.0,0.0,6.0,12.0,0.0,4.85,4.9,4.85,4.9,4.75,4.699999999999999,4.65,4.25,4.8,4.55
_,_,01:750:406:01,Intro Sol State Phys,"Andrei, Eva",8.0,4.0,0.0,0.0,0.0,2.0,2.0,0.0,0.0,1.0,0.0,1.0,2.0,0.0,0.0,1.0,0.0,1.0,2.0,0.0,0.0,0.0,0.0,2.0,2.0,0.0,0.0,0.0,1.0,1.0,2.0,0.0,0.0,1.0,1.0,0.0,2.0,0.0,0.0,0.0,0.0,2.0,2.0,0.0,0.0,0.0,0.0,1.0,3.0,0.0,0.0,1.0,0.0,1.0,2.0,0.0,0.0,1.0,1.0,0.0,2.0,0.0,4.5,4.0,4.0,4.5,4.3,3.8,4.5,4.8,4.0,3.8
_,_,01:750:443:01,Galaxies & Milky Way,"Baker, Andrew",17.0,9.0,0.0,0.0,0.0,3.0,6.0,0.0,0.0,0.0,0.0,2.0,7.0,0.0,0.0,0.0,1.0,3.0,5.0,0.0,0.0,0.0,0.0,2.0,7.0,0.0,0.0,0.0,0.0,3.0,5.0,1.0,0.0,0.0,0.0,4.0,5.0,0.0,0.0,0.0,0.0,3.0,6.0,0.0,0.0,0.0,0.0,2.0,7.0,0.0,0.0,0.0,1.0,3.0,5.0,0.0,0.0,0.0,1.0,3.0,5.0,0.0,4.7,4.8,4.4,4.8,4.6,4.6,4.7,4.8,4.4,4.4
_,_,01:750:116:R1,Extended Analytic I,"Zhakenova, Yelena",63.0,15.0,0.0,0.0,1.0,6.0,2.0,6.0,0.0,0.0,0.0,7.0,2.0,6.0,0.0,0.0,0.0,7.0,2.0,6.0,0.0,0.0,1.0,5.0,3.0,6.0,0.0,0.0,0.0,7.0,2.0,6.0,0.0,0.0,1.0,6.0,1.0,7.0,0.0,0.0,1.0,7.0,4.0,3.0,2.0,1.0,4.0,3.0,2.0,3.0,0.0,0.0,2.0,5.0,6.0,2.0,1.0,0.0,1.0,10.0,3.0,0.0,4.1,4.2,4.2,4.2,4.2,4.0,4.3,3.2,4.3,3.9
_,_,01:750:116:R1,Extended Analytic I,"Salur, Sevil",129.0,42.0,1.0,0.0,2.0,9.0,20.0,10.0,0.0,0.0,3.0,9.0,20.0,10.0,0.0,0.0,3.0,11.0,18.0,10.0,0.0,0.0,1.0,9.0,22.0,10.0,0.0,0.0,3.0,8.0,20.0,11.0,0.0,1.0,3.0,9.0,18.0,11.0,0.0,0.0,2.0,16.0,13.0,11.0,3.0,2.0,10.0,9.0,8.0,10.0,1.0,0.0,7.0,12.0,17.0,5.0,2.0,0.0,8.0,15.0,15.0,2.0,4.5,4.5,4.5,4.7,4.6,4.4,4.4,3.5,4.2,4.0
_,_,01:750:206:05,General Physics Laboratory,"Kuehler, Ethan",26.0,13.0,0.0,1.0,3.0,4.0,2.0,3.0,0.0,0.0,3.0,5.0,3.0,2.0,0.0,1.0,5.0,3.0,1.0,3.0,0.0,0.0,1.0,7.0,3.0,2.0,0.0,0.0,3.0,4.0,4.0,2.0,0.0,0.0,5.0,3.0,3.0,2.0,0.0,0.0,8.0,2.0,1.0,2.0,1.0,1.0,5.0,3.0,1.0,2.0,0.0,2.0,3.0,4.0,3.0,1.0,0.0,1.0,6.0,4.0,1.0,1.0,3.7,4.0,3.4,4.2,4.1,3.8,3.4,3.2,3.7,3.4
_,_,01:750:227:01,Analytical Physics II,"Gershtein, Yuri",109.0,23.0,1.0,1.0,4.0,6.0,5.0,6.0,0.0,4.0,1.0,8.0,4.0,6.0,1.0,2.0,3.0,5.0,5.0,7.0,0.0,0.0,3.0,9.0,5.0,6.0,0.0,1.0,3.0,6.0,5.0,8.0,0.0,1.0,6.0,5.0,3.0,8.0,1.0,2.0,3.0,8.0,4.0,5.0,2.0,2.0,7.0,6.0,1.0,5.0,3.0,0.0,5.0,7.0,2.0,6.0,2.0,1.0,7.0,7.0,1.0,5.0,3.8,3.7,3.7,4.1,4.0,3.7,3.7,3.1,3.3,3.2
_,_,01:750:228:01,Analytical Physics Iib,"Cheong, Sang-Wook",292.0,111.0,9.0,15.0,29.0,22.0,13.0,23.0,7.0,16.0,29.0,22.0,14.0,23.0,11.0,11.0,29.0,24.0,13.0,23.0,4.0,5.0,34.0,27.0,18.0,23.0,3.0,1.0,18.0,40.0,23.0,26.0,15.0,11.0,27.0,22.0,13.0,23.0,7.0,5.0,16.0,42.0,20.0,21.0,5.0,15.0,24.0,26.0,20.0,21.0,24.0,16.0,26.0,22.0,12.0,11.0,12.0,13.0,29.0,35.0,14.0,8.0,3.2,3.2,3.2,3.6,3.9,3.1,3.7,3.5,2.8,3.3
_,_,01:750:324:02,Advanced General Physics II,"Chou, John",28.0,14.0,0.0,0.0,0.0,5.0,5.0,4.0,0.0,0.0,0.0,4.0,6.0,4.0,0.0,0.0,1.0,1.0,8.0,4.0,0.0,0.0,0.0,3.0,7.0,4.0,0.0,0.0,2.0,3.0,5.0,4.0,0.0,1.0,1.0,2.0,6.0,4.0,0.0,1.0,1.0,4.0,4.0,4.0,0.0,0.0,0.0,4.0,6.0,4.0,0.0,1.0,1.0,4.0,5.0,3.0,1.0,0.0,1.0,6.0,3.0,3.0,4.5,4.6,4.7,4.7,4.3,4.3,4.1,4.6,4.2,3.9
_,_,01:750:342:01,Principles Astrophys,"Prince, Heather",40.0,16.0,1.0,0.0,0.0,4.0,6.0,5.0,0.0,0.0,1.0,3.0,7.0,5.0,0.0,1.0,0.0,2.0,8.0,5.0,0.0,0.0,0.0,4.0,7.0,5.0,0.0,0.0,0.0,4.0,7.0,5.0,0.0,1.0,0.0,4.0,6.0,5.0,0.0,0.0,1.0,4.0,6.0,5.0,0.0,0.0,1.0,1.0,9.0,5.0,0.0,1.0,0.0,5.0,8.0,2.0,0.0,0.0,1.0,6.0,7.0,2.0,4.3,4.6,4.6,4.6,4.6,4.4,4.5,4.7,4.4,4.4
_,_,01:750:406:01,Intro Sol State Phys,"Chakhalian, Jak",11.0,4.0,1.0,1.0,0.0,1.0,1.0,0.0,1.0,1.0,1.0,0.0,1.0,0.0,2.0,0.0,0.0,1.0,1.0,0.0,0.0,1.0,1.0,1.0,1.0,0.0,0.0,1.0,1.0,1.0,1.0,0.0,1.0,1.0,0.0,1.0,1.0,0.0,0.0,1.0,1.0,1.0,1.0,0.0,0.0,1.0,0.0,1.0,2.0,0.0,2.0,0.0,0.0,1.0,1.0,0.0,1.0,1.0,1.0,0.0,1.0,0.0,3.0,2.8,2.8,3.5,3.5,3.0,3.5,4.0,2.8,2.8
_,_,01:750:417:01,Intermed Quantum,"Schnetzer, Stephen",26.0,8.0,0.0,1.0,1.0,2.0,4.0,0.0,0.0,0.0,1.0,3.0,4.0,0.0,0.0,1.0,1.0,3.0,3.0,0.0,0.0,0.0,0.0,4.0,4.0,0.0,0.0,1.0,1.0,3.0,3.0,0.0,0.0,1.0,1.0,4.0,2.0,0.0,0.0,1.0,1.0,2.0,4.0,0.0,0.0,1.0,0.0,4.0,3.0,0.0,1.0,0.0,1.0,0.0,5.0,1.0,0.0,1.0,1.0,3.0,2.0,1.0,4.1,4.4,4.0,4.5,4.0,3.9,4.1,4.1,4.1,3.9
_,_,01:750:421:01,Introduction To Quantum Computing,"Roy, Ananda",17.0,4.0,0.0,0.0,0.0,1.0,3.0,0.0,0.0,0.0,0.0,0.0,4.0,0.0,0.0,0.0,0.0,0.0,4.0,0.0,0.0,0.0,0.0,1.0,3.0,0.0,0.0,0.0,0.0,1.0,3.0,0.0,0.0,0.0,0.0,1.0,3.0,0.0,0.0,0.0,0.0,0.0,4.0,0.0,0.0,0.0,1.0,0.0,3.0,0.0,0.0,0.0,0.0,1.0,3.0,0.0,0.0,0.0,0.0,1.0,3.0,0.0,4.8,5.0,5.0,4.8,4.8,4.8,5.0,4.5,4.8,4.8
_,_,01:750:488:01,Special Topics In Physics,"Haule, Kristjan",20.0,15.0,0.0,0.0,0.0,6.0,8.0,1.0,0.0,0.0,1.0,3.0,10.0,1.0,0.0,0.0,2.0,5.0,7.0,1.0,0.0,0.0,0.0,5.0,9.0,1.0,0.0,0.0,1.0,2.0,7.0,5.0,0.0,0.0,4.0,5.0,5.0,1.0,0.0,0.0,2.0,5.0,4.0,4.0,0.0,0.0,1.0,6.0,4.0,4.0,0.0,1.0,1.0,4.0,5.0,4.0,0.0,2.0,1.0,2.0,6.0,4.0,4.6,4.6,4.4,4.6,4.6,4.1,4.2,4.3,4.2,4.1
