_,_,_,_,"Hughes, John",177.0,79.0,1.0,0.0,3.0,20.0,55.0,0.0,1.0,3.0,6.0,17.0,52.0,0.0,2.0,2.0,7.0,23.0,45.0,0.0,2.0,0.0,5.0,21.0,51.0,0.0,1.0,2.0,4.0,25.0,47.0,0.0,2.0,3.0,17.0,17.0,38.0,2.0,1.0,3.0,8.0,29.0,37.0,1.0,3.0,6.0,20.0,25.0,25.0,0.0,1.0,3.0,5.0,31.0,39.0,0.0,0.0,1.0,9.0,31.0,38.0,0.0,4.699999999999999,4.5,4.45,4.55,4.550000000000001,4.2,4.35,3.9,4.4,4.449999999999999
_,_,_,_,"Jerez, Andres",340.0,99.0,2.0,0.0,8.0,30.0,45.0,14.0,2.0,3.0,15.0,31.0,34.0,14.0,5.0,6.0,17.0,21.0,36.0,14.0,2.0,3.0,18.0,26.0,36.0,14.0,1.0,6.0,9.0,30.0,39.0,14.0,2.0,7.0,19.0,28.0,29.0,14.0,4.0,9.0,11.0,30.0,31.0,14.0,6.0,4.0,23.0,21.0,30.0,15.0,4.0,10.0,17.0,29.0,37.0,2.0,4.0,9.0,20.0,27.0,36.0,3.0,4.4015625,4.0625,3.8984375,4.0953125,4.109375,4.003125,3.9593749999999996,3.8421875,3.9703125000000004,3.8921875
_,_,_,_,"Cochran, Geraldine",742.0,579.0,4.0,7.0,38.0,177.0,350.0,3.0,3.0,11.0,33.0,142.0,384.0,6.0,7.0,5.0,67.0,156.0,337.0,7.0,2.0,5.0,31.0,151.0,386.0,4.0,9.0,15.0,49.0,166.0,332.0,8.0,8.0,15.0,55.0,172.0,320.0,9.0,8.0,12.0,78.0,266.0,210.0,5.0,22.0,44.0,153.0,200.0,158.0,2.0,9.0,18.0,42.0,150.0,356.0,4.0,6.0,16.0,68.0,246.0,241.0,2.0,4.487500000000001,4.5875,4.4625,4.6,4.45,4.425,4.2125,3.7750000000000004,4.5375,4.2875
_,_,_,_,"Lath, Amitabh",509.0,238.0,14.0,17.0,20.0,59.0,67.0,61.0,21.0,21.0,21.0,54.0,60.0,61.0,18.0,14.0,22.0,56.0,67.0,61.0,19.0,10.0,27.0,56.0,66.0,60.0,13.0,5.0,30.0,61.0,67.0,62.0,17.0,19.0,27.0,54.0,61.0,60.0,15.0,23.0,47.0,76.0,61.0,16.0,42.0,45.0,51.0,47.0,37.0,16.0,30.0,14.0,22.0,49.0,66.0,57.0,35.0,32.0,44.0,59.0,58.0,10.0,4.7265625,4.640625,4.6296875,4.6125,4.6921875,4.615625,4.432812500000001,3.940625,4.6953125,4.628125000000001
_,_,_,_,"Friedan, Daniel",1006.0,485.0,7.0,16.0,68.0,171.0,200.0,23.0,8.0,16.0,90.0,171.0,173.0,27.0,11.0,22.0,77.0,152.0,201.0,22.0,7.0,11.0,61.0,160.0,219.0,27.0,14.0,11.0,86.0,155.0,145.0,74.0,12.0,28.0,90.0,163.0,171.0,21.0,12.0,29.0,108.0,210.0,105.0,21.0,22.0,51.0,123.0,162.0,107.0,20.0,19.0,24.0,95.0,179.0,156.0,12.0,33.0,37.0,113.0,190.0,106.0,6.0,4.280859375,3.892578125,3.919140625,4.102343749999999,4.046484375,4.08984375,4.173828125,3.25703125,3.8906250000000004,3.734765625
_,_,_,_,"Zamick, Larry",115.0,54.0,4.0,5.0,5.0,23.0,14.0,3.0,2.0,4.0,11.0,19.0,15.0,3.0,6.0,4.0,15.0,12.0,13.0,4.0,2.0,1.0,14.0,17.0,17.0,3.0,3.0,3.0,6.0,19.0,20.0,3.0,5.0,2.0,13.0,13.0,16.0,5.0,3.0,6.0,12.0,23.0,9.0,1.0,5.0,10.0,11.0,19.0,7.0,2.0,5.0,4.0,10.0,20.0,12.0,3.0,5.0,8.0,15.0,14.0,11.0,1.0,3.725,3.8,3.45,3.9,4.025,3.65,3.55,3.225,3.575,3.35
_,_,_,_,"Diaconescu, Duiliu",275.0,156.0,1.0,5.0,10.0,52.0,53.0,35.0,0.0,6.0,16.0,53.0,46.0,35.0,4.0,9.0,24.0,40.0,44.0,35.0,1.0,2.0,13.0,49.0,56.0,35.0,0.0,2.0,13.0,40.0,62.0,39.0,1.0,7.0,26.0,43.0,44.0,35.0,5.0,14.0,29.0,52.0,47.0,9.0,4.0,21.0,29.0,61.0,31.0,10.0,8.0,9.0,16.0,46.0,41.0,36.0,9.0,17.0,30.0,64.0,32.0,4.0,4.4125,4.4125,4.25,4.5875,4.5875,4.2875,3.9124999999999996,3.675,4.1,3.4875
_,_,_,_,"Chandra, Premala",378.0,175.0,13.0,29.0,44.0,64.0,24.0,1.0,16.0,37.0,40.0,52.0,28.0,2.0,17.0,29.0,50.0,48.0,29.0,2.0,10.0,16.0,39.0,68.0,39.0,3.0,6.0,9.0,34.0,75.0,41.0,10.0,27.0,31.0,47.0,40.0,27.0,3.0,17.0,25.0,46.0,61.0,23.0,3.0,33.0,34.0,55.0,31.0,17.0,5.0,35.0,37.0,48.0,34.0,19.0,2.0,27.0,32.0,62.0,34.0,17.0,3.0,3.3,3.25,3.25,3.65,3.8,3.05,3.25,2.8,2.8,2.85
_,_,_,_,"Kloet, Willem",72.0,35.0,0.0,2.0,7.0,11.0,15.0,0.0,0.0,1.0,9.0,11.0,13.0,1.0,2.0,4.0,10.0,12.0,7.0,0.0,0.0,1.0,4.0,12.0,18.0,0.0,0.0,0.0,3.0,11.0,21.0,0.0,0.0,2.0,9.0,12.0,12.0,0.0,3.0,4.0,6.0,14.0,8.0,0.0,6.0,6.0,8.0,11.0,4.0,0.0,0.0,0.0,10.0,14.0,11.0,0.0,2.0,8.0,11.0,7.0,7.0,0.0,4.2,4.1,3.5999999999999996,4.45,4.45,4.0,3.65,2.9000000000000004,4.1,3.2
_,_,_,_,"Wakim, David",53.0,15.0,0.0,0.0,0.0,1.0,14.0,0.0,0.0,0.0,0.0,3.0,12.0,0.0,0.0,0.0,1.0,4.0,10.0,0.0,0.0,0.0,0.0,2.0,13.0,0.0,0.0,0.0,0.0,0.0,15.0,0.0,0.0,0.0,1.0,0.0,13.0,1.0,0.0,0.0,1.0,6.0,8.0,0.0,4.0,2.0,6.0,1.0,2.0,0.0,0.0,0.0,0.0,2.0,13.0,0.0,0.0,0.0,2.0,6.0,7.0,0.0,4.9,4.8,4.6,4.9,5.0,4.9,4.5,2.7,4.9,4.3
_,_,_,_,"Gentile, Michael",2598.0,800.0,2.0,13.0,33.0,158.0,556.0,38.0,1.0,3.0,23.0,148.0,584.0,41.0,2.0,9.0,45.0,162.0,538.0,44.0,1.0,3.0,14.0,131.0,609.0,42.0,1.0,9.0,45.0,191.0,502.0,52.0,0.0,10.0,41.0,183.0,523.0,43.0,7.0,31.0,76.0,319.0,319.0,48.0,95.0,195.0,211.0,123.0,132.0,44.0,2.0,8.0,44.0,186.0,540.0,20.0,13.0,16.0,81.0,288.0,377.0,25.0,4.676137256622314,4.733433091640473,4.672762095928192,4.684188210964202,4.612204933166504,4.649206602573394,4.500143837928771,3.370720827579498,4.657561242580414,4.574195051193237
_,_,_,_,"Chishti, Shumaila",371.0,168.0,0.0,1.0,3.0,27.0,121.0,16.0,0.0,0.0,6.0,21.0,125.0,16.0,0.0,2.0,8.0,34.0,108.0,16.0,0.0,4.0,5.0,23.0,120.0,16.0,0.0,1.0,7.0,30.0,115.0,15.0,0.0,1.0,5.0,34.0,112.0,16.0,1.0,5.0,21.0,53.0,74.0,14.0,14.0,19.0,43.0,47.0,32.0,13.0,0.0,1.0,7.0,33.0,117.0,10.0,6.0,11.0,16.0,64.0,64.0,7.0,4.724911499023438,4.7532287597656255,4.680731201171875,4.633453369140625,4.719979858398437,4.698294067382813,4.149456787109375,3.3068634033203126,4.644781494140625,3.911477661132812
_,_,_,_,"Ruggieri, Charles",4205.0,1913.0,8.0,1.0,26.0,275.0,1349.0,254.0,5.0,1.0,34.0,339.0,1273.0,261.0,5.0,6.0,56.0,329.0,1256.0,261.0,4.0,2.0,24.0,300.0,1326.0,257.0,6.0,7.0,44.0,364.0,1223.0,269.0,5.0,8.0,51.0,334.0,1250.0,265.0,11.0,18.0,165.0,630.0,827.0,262.0,30.0,104.0,330.0,573.0,615.0,261.0,0.0,9.0,45.0,330.0,1436.0,93.0,8.0,20.0,97.0,598.0,1095.0,95.0,4.844187164306641,4.840567779541016,4.818454742431641,4.857121276855469,4.843201446533203,4.8180694580078125,4.602686309814453,4.206465911865234,4.857431030273438,4.66628189086914
_,_,_,_,"Eisenchmied, Alexander",100.0,34.0,5.0,1.0,2.0,15.0,10.0,1.0,3.0,1.0,9.0,12.0,9.0,0.0,5.0,3.0,7.0,12.0,7.0,0.0,3.0,0.0,6.0,12.0,13.0,0.0,3.0,1.0,5.0,8.0,15.0,2.0,3.0,2.0,10.0,10.0,9.0,0.0,1.0,4.0,8.0,11.0,10.0,0.0,3.0,8.0,4.0,11.0,8.0,0.0,3.0,2.0,3.0,16.0,10.0,0.0,1.0,4.0,7.0,13.0,9.0,0.0,4.0,3.8,3.675,4.1,4.1375,3.8,3.7875,3.4125,4.012499999999999,3.8625
_,_,_,_,"Rajabi, Samira",268.0,81.0,0.0,2.0,6.0,31.0,32.0,10.0,1.0,0.0,12.0,24.0,34.0,10.0,0.0,2.0,16.0,22.0,31.0,10.0,0.0,2.0,6.0,25.0,37.0,11.0,2.0,4.0,7.0,21.0,37.0,10.0,1.0,1.0,11.0,22.0,36.0,10.0,1.0,6.0,21.0,22.0,21.0,10.0,6.0,9.0,23.0,15.0,18.0,10.0,1.0,2.0,9.0,28.0,37.0,4.0,1.0,3.0,14.0,30.0,27.0,6.0,4.37373046875,4.21240234375,4.2333984375,4.36123046875,4.22001953125,4.429003906249999,3.67275390625,3.301171875,4.3310546875,4.114941406250001
_,_,_,_,"Lee, Brian",834.0,293.0,0.0,1.0,12.0,58.0,201.0,21.0,0.0,2.0,12.0,45.0,213.0,21.0,0.0,1.0,17.0,62.0,192.0,21.0,0.0,1.0,7.0,55.0,208.0,22.0,2.0,2.0,13.0,67.0,188.0,21.0,0.0,5.0,17.0,59.0,191.0,21.0,4.0,3.0,33.0,123.0,109.0,21.0,25.0,48.0,81.0,66.0,50.0,23.0,0.0,1.0,18.0,56.0,207.0,11.0,5.0,3.0,37.0,112.0,126.0,10.0,4.6064352497458465,4.690935106575489,4.544155088812113,4.812217856198549,4.617840244621038,4.588386990875005,4.228944805264472,3.1159025520086288,4.712168200314045,4.040419272333383
_,_,_,_,"Wang, Hao",1148.0,332.0,4.0,0.0,25.0,104.0,164.0,35.0,2.0,8.0,31.0,94.0,162.0,35.0,6.0,13.0,46.0,101.0,131.0,35.0,2.0,8.0,29.0,96.0,161.0,36.0,4.0,6.0,30.0,92.0,166.0,34.0,7.0,13.0,43.0,101.0,133.0,35.0,10.0,15.0,54.0,119.0,100.0,34.0,23.0,46.0,97.0,73.0,60.0,33.0,9.0,9.0,39.0,108.0,153.0,14.0,11.0,23.0,49.0,130.0,106.0,13.0,4.433354876949818,4.515835783088425,4.329771796922818,4.079498558132161,4.35838502306118,4.187895634822723,4.207323357253062,3.7046274003651884,4.327254314167544,4.135181283151633
_,_,_,_,"Montalvo, Roy",1550.0,725.0,11.0,21.0,88.0,287.0,277.0,41.0,10.0,25.0,113.0,258.0,269.0,50.0,17.0,45.0,132.0,245.0,247.0,39.0,9.0,22.0,105.0,261.0,287.0,41.0,9.0,19.0,107.0,280.0,262.0,48.0,17.0,53.0,138.0,262.0,219.0,36.0,22.0,37.0,134.0,324.0,177.0,31.0,46.0,86.0,222.0,205.0,138.0,28.0,34.0,37.0,135.0,255.0,243.0,21.0,31.0,54.0,169.0,300.0,153.0,18.0,4.410937499999999,4.4375,4.221875,4.5078125,4.38515625,4.25234375,3.8531250000000004,3.44140625,4.32734375,3.7125
_,_,_,_,"Mastbaum, Andrew",397.0,209.0,1.0,1.0,3.0,41.0,150.0,13.0,1.0,3.0,7.0,42.0,141.0,15.0,2.0,4.0,13.0,58.0,116.0,16.0,1.0,0.0,4.0,33.0,157.0,14.0,1.0,1.0,6.0,43.0,142.0,16.0,2.0,3.0,11.0,55.0,123.0,15.0,3.0,3.0,19.0,73.0,98.0,13.0,10.0,15.0,51.0,64.0,56.0,13.0,0.0,5.0,8.0,51.0,139.0,6.0,2.0,8.0,26.0,72.0,92.0,9.0,4.796875,4.7859375,4.68125,4.8140625,4.7671875,4.707812499999999,4.5921875,3.8234375,4.8125,4.582812499999999
_,_,_,_,"Gershenson, Michael",605.0,230.0,5.0,16.0,50.0,88.0,62.0,9.0,5.0,22.0,45.0,90.0,57.0,11.0,13.0,31.0,50.0,71.0,54.0,11.0,4.0,8.0,45.0,98.0,66.0,9.0,2.0,5.0,42.0,94.0,71.0,16.0,11.0,32.0,58.0,74.0,47.0,8.0,5.0,11.0,45.0,112.0,51.0,6.0,10.0,20.0,64.0,82.0,48.0,6.0,13.0,36.0,49.0,74.0,47.0,11.0,6.0,19.0,59.0,95.0,45.0,6.0,3.6875,3.64375,3.44375,3.90625,4.012499999999999,3.3125,3.86875,3.76875,3.3187499999999996,3.6500000000000004
_,_,_,_,"Rabe, Karin",178.0,88.0,0.0,0.0,3.0,17.0,52.0,16.0,0.0,1.0,0.0,14.0,57.0,16.0,0.0,0.0,1.0,17.0,54.0,16.0,0.0,0.0,0.0,8.0,64.0,16.0,0.0,0.0,0.0,15.0,55.0,18.0,0.0,1.0,1.0,21.0,49.0,16.0,0.0,1.0,6.0,37.0,41.0,3.0,3.0,9.0,14.0,33.0,25.0,4.0,0.0,1.0,3.0,14.0,55.0,15.0,0.0,3.0,4.0,31.0,48.0,2.0,4.449999999999999,4.6625,4.6625,4.81875,4.6625,4.55625,4.30625,4.0,4.637499999999999,4.2875
_,_,_,_,"Townsend, Peter",55.0,34.0,1.0,2.0,2.0,14.0,15.0,0.0,1.0,8.0,1.0,14.0,10.0,0.0,2.0,2.0,11.0,11.0,7.0,1.0,1.0,3.0,5.0,19.0,6.0,0.0,1.0,6.0,6.0,12.0,9.0,0.0,2.0,3.0,8.0,12.0,9.0,0.0,2.0,4.0,8.0,16.0,4.0,0.0,1.0,6.0,10.0,11.0,6.0,0.0,2.0,4.0,9.0,10.0,8.0,1.0,2.0,5.0,16.0,8.0,3.0,0.0,4.15,3.7,3.6,3.75,3.65,3.7,3.45,3.45,3.5999999999999996,3.15
_,_,_,_,"Mckeegan, Jeremy",267.0,125.0,4.0,3.0,12.0,57.0,49.0,0.0,7.0,8.0,11.0,53.0,46.0,0.0,4.0,6.0,18.0,54.0,42.0,1.0,9.0,9.0,23.0,44.0,39.0,1.0,5.0,1.0,22.0,53.0,43.0,1.0,8.0,5.0,21.0,47.0,43.0,1.0,3.0,6.0,24.0,62.0,29.0,1.0,9.0,17.0,39.0,38.0,20.0,2.0,9.0,0.0,26.0,49.0,39.0,2.0,5.0,11.0,25.0,63.0,21.0,0.0,4.1539062499999995,3.9781249999999995,3.9097656250000004,3.8232421875,4.089648437499999,3.898828125,4.0869140625,3.6287109375,3.978125,3.80546875
_,_,_,_,"Geiko, Aleksandra",224.0,145.0,1.0,1.0,4.0,60.0,77.0,2.0,0.0,3.0,5.0,46.0,90.0,1.0,0.0,5.0,26.0,50.0,62.0,2.0,0.0,0.0,9.0,53.0,82.0,1.0,0.0,1.0,3.0,44.0,94.0,3.0,0.0,2.0,19.0,54.0,69.0,1.0,4.0,9.0,27.0,57.0,44.0,4.0,9.0,27.0,42.0,36.0,29.0,2.0,1.0,2.0,11.0,53.0,74.0,4.0,6.0,6.0,24.0,59.0,47.0,3.0,4.43125,4.515625,4.1921875,4.52890625,4.578906249999999,4.40546875,3.8499999999999996,3.4984375,4.327343750000001,3.94140625
_,_,_,_,"Kiryukhin, Valery",311.0,119.0,0.0,0.0,9.0,23.0,80.0,7.0,0.0,4.0,13.0,31.0,65.0,6.0,0.0,1.0,4.0,40.0,68.0,6.0,0.0,2.0,14.0,33.0,62.0,8.0,1.0,0.0,8.0,28.0,73.0,9.0,0.0,3.0,12.0,34.0,63.0,7.0,1.0,1.0,11.0,36.0,64.0,6.0,3.0,4.0,15.0,26.0,65.0,6.0,0.0,2.0,13.0,35.0,69.0,0.0,1.0,4.0,11.0,38.0,65.0,0.0,4.7640625,4.573437500000001,4.621875,4.4453125,4.7140625,4.5640625,4.62421875,4.48046875,4.620312500000001,4.56640625
_,_,_,_,"Chou, John",347.0,156.0,5.0,16.0,30.0,52.0,32.0,21.0,1.0,11.0,19.0,52.0,52.0,21.0,2.0,9.0,27.0,43.0,54.0,21.0,2.0,7.0,14.0,52.0,60.0,21.0,3.0,11.0,26.0,53.0,42.0,21.0,4.0,20.0,32.0,44.0,34.0,22.0,0.0,10.0,30.0,48.0,45.0,23.0,4.0,17.0,28.0,46.0,38.0,23.0,12.0,21.0,28.0,50.0,35.0,10.0,10.0,21.0,34.0,49.0,31.0,11.0,4.1625,4.3843749999999995,4.418749999999999,4.487500000000001,4.137499999999999,3.98125,4.1187499999999995,4.14375,3.975,3.909375
_,_,_,_,"Lee, Sang-Hyuk",189.0,101.0,1.0,8.0,14.0,38.0,37.0,3.0,3.0,9.0,13.0,35.0,38.0,3.0,1.0,8.0,18.0,30.0,41.0,3.0,0.0,5.0,13.0,29.0,52.0,2.0,1.0,3.0,17.0,28.0,45.0,7.0,3.0,4.0,23.0,30.0,38.0,3.0,2.0,6.0,17.0,39.0,35.0,2.0,2.0,8.0,21.0,38.0,30.0,2.0,7.0,10.0,15.0,30.0,37.0,2.0,7.0,9.0,18.0,34.0,31.0,2.0,3.8687500000000004,3.853125,3.9281250000000005,4.196875,4.128125,3.8062500000000004,3.8531250000000004,3.7625,3.6125,3.565625
_,_,_,_,"Blumberg, Girsh",108.0,43.0,0.0,5.0,8.0,17.0,8.0,5.0,3.0,7.0,5.0,13.0,10.0,5.0,5.0,5.0,10.0,9.0,8.0,6.0,3.0,7.0,8.0,11.0,9.0,5.0,1.0,8.0,6.0,12.0,11.0,5.0,3.0,6.0,11.0,10.0,8.0,5.0,2.0,5.0,10.0,17.0,9.0,0.0,1.0,3.0,19.0,11.0,8.0,1.0,6.0,3.0,13.0,11.0,5.0,5.0,7.0,8.0,11.0,11.0,6.0,0.0,3.8656249999999996,3.6,3.484375,3.4812499999999997,3.65625,3.5406250000000004,3.5625,3.54375,3.3499999999999996,2.83125
_,_,_,_,"Schnetzer, Stephen",150.0,83.0,1.0,2.0,3.0,24.0,53.0,0.0,0.0,1.0,4.0,26.0,52.0,0.0,1.0,1.0,6.0,24.0,50.0,1.0,0.0,0.0,1.0,9.0,73.0,0.0,0.0,1.0,2.0,15.0,65.0,0.0,1.0,1.0,5.0,26.0,50.0,0.0,2.0,2.0,4.0,29.0,44.0,2.0,2.0,1.0,10.0,30.0,39.0,1.0,3.0,1.0,6.0,18.0,54.0,1.0,3.0,2.0,4.0,28.0,44.0,2.0,4.328125,4.575,4.3375,4.7375,4.384375,4.30625,4.29375,4.153125,4.44375,4.2406250000000005
_,_,_,_,"Podzorov, Vitaly",472.0,206.0,4.0,3.0,8.0,41.0,66.0,84.0,6.0,0.0,12.0,40.0,64.0,84.0,6.0,4.0,15.0,35.0,63.0,83.0,2.0,1.0,9.0,40.0,71.0,83.0,3.0,4.0,14.0,43.0,53.0,89.0,5.0,2.0,16.0,45.0,55.0,83.0,9.0,11.0,37.0,64.0,57.0,28.0,6.0,11.0,54.0,60.0,46.0,29.0,4.0,3.0,8.0,42.0,72.0,77.0,9.0,15.0,41.0,74.0,53.0,14.0,4.109113311767578,4.089253234863281,4.215695190429687,4.309049987792969,4.050096893310547,4.1035888671875,4.66536865234375,4.149250030517578,4.585284423828125,4.4482421875
_,_,_,_,"Buckley, Matthew",256.0,105.0,0.0,0.0,3.0,17.0,83.0,2.0,0.0,0.0,3.0,15.0,85.0,2.0,0.0,1.0,2.0,20.0,79.0,3.0,0.0,0.0,2.0,19.0,82.0,2.0,0.0,0.0,6.0,30.0,66.0,3.0,0.0,1.0,4.0,27.0,71.0,2.0,0.0,2.0,2.0,29.0,69.0,3.0,1.0,5.0,7.0,27.0,62.0,3.0,0.0,2.0,3.0,18.0,81.0,1.0,1.0,1.0,3.0,31.0,69.0,0.0,4.771875,4.809374999999999,4.75,4.80625,4.65625,4.603125,4.6625,4.29375,4.6875,4.528125
_,_,_,_,"Wu, Weida",299.0,120.0,2.0,5.0,6.0,39.0,61.0,7.0,7.0,6.0,9.0,34.0,57.0,7.0,10.0,5.0,14.0,38.0,45.0,8.0,1.0,0.0,16.0,35.0,61.0,7.0,1.0,6.0,17.0,34.0,51.0,11.0,7.0,9.0,17.0,37.0,42.0,8.0,3.0,5.0,14.0,31.0,60.0,7.0,2.0,5.0,28.0,30.0,48.0,7.0,7.0,8.0,21.0,34.0,47.0,3.0,11.0,7.0,23.0,33.0,44.0,2.0,4.446875,4.242968749999999,4.0453125,4.35,4.254687499999999,4.015625,4.45546875,4.11328125,4.08828125,3.92421875
_,_,_,_,"Salur, Sevil",280.0,112.0,2.0,1.0,4.0,25.0,69.0,11.0,1.0,1.0,4.0,24.0,71.0,11.0,2.0,2.0,6.0,26.0,64.0,12.0,0.0,0.0,1.0,16.0,84.0,11.0,0.0,1.0,3.0,21.0,75.0,12.0,1.0,4.0,6.0,24.0,65.0,12.0,2.0,2.0,5.0,34.0,55.0,14.0,3.0,4.0,20.0,37.0,36.0,12.0,2.0,2.0,10.0,26.0,66.0,6.0,4.0,3.0,9.0,37.0,54.0,5.0,4.665625,4.66875,4.65625,4.793749999999999,4.71875,4.596875,4.54375,3.84375,4.5,4.359375
_,_,_,_,"Oh, Seongshik",119.0,70.0,0.0,1.0,8.0,26.0,25.0,10.0,0.0,2.0,8.0,31.0,28.0,1.0,0.0,4.0,15.0,20.0,29.0,2.0,0.0,1.0,8.0,26.0,34.0,1.0,0.0,4.0,12.0,27.0,26.0,1.0,0.0,1.0,17.0,26.0,25.0,1.0,0.0,1.0,6.0,34.0,28.0,1.0,1.0,7.0,9.0,26.0,25.0,2.0,1.0,0.0,9.0,31.0,29.0,0.0,1.0,2.0,11.0,30.0,26.0,0.0,4.13203125,4.175,3.9664062500000004,4.202343750000001,4.0359375,3.9914062500000003,4.2703125,4.08984375,4.25234375,4.180468749999999
_,_,_,_,"Jackson, Rebecca",20.0,14.0,0.0,0.0,0.0,2.0,12.0,0.0,0.0,0.0,0.0,2.0,12.0,0.0,0.0,0.0,0.0,2.0,12.0,0.0,0.0,0.0,0.0,1.0,13.0,0.0,0.0,0.0,0.0,2.0,12.0,0.0,0.0,0.0,0.0,4.0,10.0,0.0,0.0,0.0,1.0,2.0,11.0,0.0,0.0,0.0,4.0,6.0,4.0,0.0,0.0,0.0,0.0,2.0,12.0,0.0,0.0,0.0,0.0,4.0,10.0,0.0,4.9,4.9,4.9,4.9,4.9,4.7,4.7,4.0,4.9,4.7
_,_,_,_,"Chant, Robert",63.0,28.0,0.0,3.0,2.0,14.0,7.0,2.0,0.0,1.0,3.0,7.0,15.0,2.0,0.0,0.0,0.0,7.0,19.0,2.0,0.0,0.0,1.0,5.0,20.0,2.0,0.0,0.0,0.0,7.0,19.0,2.0,0.0,0.0,2.0,10.0,14.0,2.0,0.0,0.0,1.0,10.0,15.0,2.0,0.0,3.0,5.0,8.0,10.0,2.0,0.0,0.0,3.0,9.0,15.0,1.0,0.0,0.0,4.0,9.0,14.0,1.0,3.625,4.275,4.75,4.775,4.75,4.35,4.375,3.9,4.199999999999999,4.05
_,_,_,_,"Sengupta, Anirvan",93.0,22.0,0.0,3.0,3.0,11.0,4.0,1.0,0.0,2.0,4.0,8.0,7.0,1.0,0.0,1.0,4.0,10.0,6.0,1.0,0.0,0.0,4.0,9.0,8.0,1.0,0.0,1.0,3.0,11.0,6.0,1.0,0.0,1.0,7.0,8.0,5.0,1.0,0.0,2.0,7.0,8.0,5.0,0.0,1.0,2.0,9.0,4.0,6.0,0.0,0.0,1.0,5.0,10.0,5.0,1.0,2.0,3.0,4.0,8.0,4.0,1.0,3.5999999999999996,3.8,4.1,4.3,4.2,3.8,3.75,3.75,3.85,3.35
_,_,_,_,"Croft, Mark",400.0,164.0,0.0,7.0,14.0,52.0,70.0,21.0,2.0,0.0,8.0,49.0,85.0,20.0,0.0,3.0,22.0,45.0,74.0,20.0,0.0,2.0,5.0,35.0,101.0,21.0,0.0,3.0,13.0,43.0,81.0,24.0,3.0,4.0,20.0,49.0,66.0,22.0,2.0,7.0,32.0,54.0,49.0,20.0,6.0,18.0,25.0,55.0,39.0,21.0,5.0,12.0,17.0,52.0,71.0,7.0,3.0,8.0,31.0,59.0,56.0,7.0,4.50625,4.609375,4.440625,4.69375,4.3375,4.334375,4.153125,3.95625,4.31875,4.14375
_,_,_,_,"Baker, Andrew",221.0,99.0,1.0,0.0,5.0,38.0,55.0,0.0,0.0,1.0,5.0,27.0,66.0,0.0,1.0,2.0,8.0,35.0,53.0,0.0,0.0,0.0,2.0,31.0,66.0,0.0,1.0,1.0,7.0,39.0,49.0,2.0,2.0,2.0,12.0,39.0,43.0,1.0,1.0,3.0,14.0,43.0,35.0,3.0,2.0,10.0,18.0,33.0,34.0,2.0,1.0,4.0,7.0,38.0,47.0,2.0,3.0,2.0,11.0,43.0,38.0,2.0,4.5625,4.675000000000001,4.4625,4.762499999999999,4.5375,4.4624999999999995,4.5375,4.55,4.425,4.3875
_,_,_,_,"Gawiser, Eric",180.0,76.0,0.0,1.0,0.0,19.0,55.0,1.0,0.0,1.0,3.0,21.0,51.0,0.0,1.0,0.0,1.0,17.0,56.0,1.0,0.0,0.0,1.0,19.0,55.0,1.0,0.0,0.0,2.0,22.0,52.0,0.0,0.0,0.0,2.0,21.0,51.0,2.0,1.0,0.0,7.0,23.0,42.0,3.0,0.0,3.0,9.0,28.0,34.0,2.0,1.0,1.0,1.0,15.0,58.0,0.0,0.0,2.0,3.0,21.0,49.0,1.0,4.875,4.8875,4.675,4.8125,4.6125,4.625,4.6375,4.75,4.775,4.6499999999999995
_,_,_,_,"Halkiadakis, Eva",458.0,224.0,1.0,4.0,14.0,73.0,102.0,30.0,0.0,2.0,16.0,73.0,104.0,29.0,0.0,4.0,31.0,63.0,97.0,29.0,0.0,1.0,11.0,64.0,118.0,30.0,2.0,3.0,18.0,67.0,104.0,30.0,0.0,5.0,26.0,66.0,95.0,32.0,0.0,10.0,23.0,85.0,79.0,27.0,5.0,9.0,56.0,72.0,56.0,26.0,3.0,10.0,20.0,78.0,100.0,13.0,2.0,7.0,33.0,90.0,84.0,8.0,4.65625,4.59375,4.50625,4.675,4.5375,4.550000000000001,4.36875,4.00625,4.612500000000001,4.50625
_,_,_,_,"Makowski, Patrick",263.0,72.0,0.0,0.0,1.0,12.0,57.0,2.0,0.0,0.0,0.0,12.0,58.0,2.0,0.0,0.0,3.0,10.0,57.0,2.0,0.0,0.0,1.0,9.0,59.0,3.0,0.0,0.0,0.0,17.0,53.0,2.0,0.0,1.0,0.0,14.0,55.0,2.0,1.0,2.0,6.0,30.0,31.0,2.0,9.0,15.0,16.0,15.0,15.0,2.0,0.0,0.0,1.0,9.0,58.0,4.0,1.0,2.0,5.0,23.0,39.0,2.0,4.690625,4.7320312499999995,4.69375,4.770312499999999,4.6640625,4.6773437499999995,4.4125,3.51171875,4.757031250000001,4.5640625
_,_,_,_,"Brahmia, Abdelbaki",9013.0,3021.0,44.0,51.0,253.0,870.0,1382.0,421.0,74.0,110.0,455.0,740.0,1098.0,544.0,75.0,123.0,423.0,836.0,1181.0,383.0,57.0,65.0,356.0,855.0,1221.0,467.0,65.0,130.0,366.0,940.0,1123.0,397.0,83.0,134.0,453.0,864.0,1088.0,399.0,56.0,93.0,338.0,1108.0,1056.0,370.0,256.0,471.0,783.0,644.0,508.0,359.0,99.0,146.0,357.0,912.0,1377.0,130.0,149.0,184.0,500.0,1078.0,971.0,139.0,4.284974192767908,4.024351048199268,4.075891616967063,4.17601678729657,4.153393416903598,4.011400674805842,4.246669208277959,3.2520485884445045,4.275260622486528,3.9320149114349503
_,_,_,_,"Khan, Hamza",68.0,32.0,0.0,0.0,0.0,7.0,25.0,0.0,0.0,0.0,0.0,5.0,27.0,0.0,0.0,0.0,0.0,9.0,22.0,1.0,0.0,0.0,0.0,5.0,26.0,1.0,0.0,0.0,1.0,7.0,24.0,0.0,0.0,0.0,1.0,6.0,25.0,0.0,0.0,0.0,3.0,16.0,11.0,2.0,0.0,9.0,7.0,9.0,5.0,2.0,0.0,0.0,0.0,3.0,29.0,0.0,0.0,0.0,6.0,13.0,9.0,4.0,4.800000000000001,4.85,4.699999999999999,4.85,4.7,4.75,4.25,3.25,4.9,4.1
_,_,_,_,"Bunkowski, Klaudia",78.0,30.0,0.0,0.0,1.0,5.0,24.0,0.0,0.0,0.0,1.0,4.0,25.0,0.0,0.0,0.0,2.0,8.0,20.0,0.0,0.0,0.0,1.0,4.0,25.0,0.0,0.0,0.0,2.0,6.0,22.0,0.0,0.0,0.0,1.0,9.0,20.0,0.0,0.0,1.0,1.0,14.0,14.0,0.0,2.0,2.0,12.0,6.0,8.0,0.0,0.0,0.0,2.0,5.0,23.0,0.0,0.0,1.0,4.0,10.0,15.0,0.0,4.775,4.825,4.6,4.825,4.675000000000001,4.65,4.35,3.525,4.725,4.275
_,_,_,_,"Mainiero, Thomas",52.0,11.0,0.0,0.0,0.0,0.0,11.0,0.0,0.0,0.0,0.0,1.0,10.0,0.0,0.0,0.0,0.0,1.0,10.0,0.0,0.0,0.0,0.0,0.0,11.0,0.0,0.0,1.0,0.0,1.0,9.0,0.0,0.0,0.0,0.0,1.0,10.0,0.0,0.0,1.0,0.0,3.0,7.0,0.0,1.0,0.0,3.0,1.0,6.0,0.0,0.0,0.0,0.0,2.0,9.0,0.0,0.0,0.0,2.0,2.0,7.0,0.0,5.0,4.95,4.95,5.0,4.6,4.95,4.55,4.0,4.85,4.55
_,_,_,_,"Chakhalian, Jak",749.0,217.0,7.0,21.0,46.0,82.0,50.0,11.0,7.0,26.0,50.0,62.0,42.0,30.0,13.0,23.0,45.0,80.0,48.0,8.0,4.0,12.0,47.0,83.0,58.0,13.0,5.0,9.0,42.0,94.0,47.0,20.0,14.0,24.0,58.0,65.0,46.0,10.0,9.0,22.0,39.0,96.0,47.0,4.0,11.0,43.0,52.0,72.0,35.0,4.0,18.0,14.0,57.0,74.0,44.0,10.0,22.0,26.0,53.0,77.0,35.0,4.0,3.575,3.4499999999999997,3.51875,3.9125,3.88125,3.53125,3.6875,3.75,3.4499999999999997,3.2562499999999996
_,_,_,_,"Neuberger, Herbert",212.0,51.0,1.0,1.0,6.0,15.0,8.0,20.0,0.0,3.0,5.0,16.0,7.0,20.0,0.0,3.0,7.0,13.0,8.0,20.0,0.0,2.0,5.0,15.0,9.0,20.0,0.0,1.0,5.0,16.0,9.0,20.0,0.0,1.0,9.0,13.0,8.0,20.0,2.0,7.0,8.0,26.0,8.0,0.0,1.0,9.0,10.0,23.0,7.0,1.0,0.0,2.0,7.0,14.0,8.0,20.0,7.0,5.0,12.0,23.0,4.0,0.0,3.9499999999999997,3.9499999999999997,3.95,4.1,4.2,4.0,3.75,3.5999999999999996,4.0,3.4000000000000004
_,_,_,_,"Chou, John Paul",84.0,35.0,0.0,5.0,5.0,13.0,11.0,1.0,0.0,2.0,2.0,12.0,18.0,1.0,0.0,2.0,5.0,9.0,18.0,1.0,1.0,0.0,1.0,11.0,20.0,2.0,0.0,4.0,5.0,15.0,10.0,1.0,2.0,1.0,6.0,14.0,11.0,1.0,2.0,3.0,5.0,14.0,9.0,2.0,3.0,7.0,9.0,12.0,2.0,2.0,1.0,6.0,3.0,9.0,15.0,1.0,1.0,5.0,7.0,15.0,5.0,2.0,3.95,4.4,4.35,4.65,4.15,4.1,4.0,3.4,4.15,3.9
_,_,_,_,"Haule, Kristjan",79.0,46.0,0.0,1.0,0.0,14.0,29.0,2.0,1.0,1.0,4.0,14.0,24.0,2.0,2.0,0.0,11.0,18.0,13.0,2.0,0.0,0.0,3.0,17.0,24.0,2.0,0.0,0.0,3.0,8.0,28.0,7.0,1.0,1.0,9.0,18.0,14.0,3.0,2.0,2.0,7.0,19.0,10.0,6.0,2.0,7.0,10.0,17.0,4.0,6.0,0.0,2.0,3.0,19.0,16.0,6.0,1.0,6.0,8.0,17.0,8.0,6.0,4.6,4.4,4.050000000000001,4.5,4.65,4.05,3.95,3.65,4.2,3.8
_,_,_,_,"Kabir, Adeeb",51.0,26.0,0.0,0.0,2.0,8.0,16.0,0.0,0.0,0.0,1.0,10.0,15.0,0.0,0.0,0.0,1.0,11.0,13.0,1.0,0.0,0.0,0.0,10.0,16.0,0.0,1.0,0.0,0.0,6.0,19.0,0.0,0.0,1.0,0.0,11.0,14.0,0.0,0.0,1.0,2.0,17.0,6.0,0.0,0.0,3.0,10.0,7.0,6.0,0.0,0.0,1.0,0.0,10.0,15.0,0.0,0.0,1.0,4.0,11.0,10.0,0.0,4.550000000000001,4.6,4.5,4.65,4.6,4.5,4.1,3.5999999999999996,4.550000000000001,4.199999999999999
_,_,_,_,"Pixley, Jedediah",93.0,32.0,2.0,5.0,5.0,12.0,6.0,2.0,2.0,4.0,7.0,9.0,7.0,3.0,1.0,3.0,6.0,14.0,6.0,2.0,1.0,3.0,2.0,17.0,7.0,2.0,1.0,1.0,6.0,9.0,12.0,3.0,3.0,6.0,3.0,12.0,6.0,2.0,3.0,1.0,6.0,8.0,12.0,2.0,1.0,1.0,3.0,7.0,18.0,2.0,7.0,3.0,9.0,6.0,6.0,1.0,7.0,4.0,7.0,7.0,6.0,1.0,3.475,3.5,3.7249999999999996,3.85,3.975,3.3499999999999996,3.8499999999999996,4.4,3.0,3.025
_,_,_,_,"Andrei, Eva",119.0,42.0,1.0,2.0,6.0,13.0,20.0,0.0,2.0,5.0,6.0,11.0,18.0,0.0,1.0,3.0,8.0,13.0,17.0,0.0,2.0,2.0,6.0,13.0,19.0,0.0,2.0,1.0,8.0,12.0,18.0,1.0,4.0,3.0,8.0,11.0,16.0,0.0,0.0,1.0,10.0,15.0,16.0,0.0,0.0,0.0,5.0,15.0,21.0,1.0,4.0,3.0,7.0,10.0,18.0,0.0,3.0,4.0,8.0,10.0,17.0,0.0,4.23125,3.85,3.925,4.18125,4.0625,3.6999999999999997,4.26875,4.59375,3.83125,3.71875
_,_,_,_,"Mcquinn, Kristen",144.0,102.0,1.0,0.0,2.0,20.0,77.0,2.0,0.0,0.0,1.0,17.0,80.0,4.0,1.0,1.0,4.0,14.0,77.0,5.0,0.0,0.0,2.0,11.0,85.0,4.0,0.0,0.0,4.0,27.0,68.0,3.0,1.0,2.0,4.0,19.0,72.0,4.0,1.0,0.0,4.0,30.0,65.0,2.0,0.0,3.0,5.0,33.0,58.0,3.0,1.0,2.0,2.0,16.0,78.0,3.0,1.0,2.0,5.0,20.0,71.0,3.0,4.7,4.824999999999999,4.699999999999999,4.800000000000001,4.6499999999999995,4.6,4.55,4.425,4.675,4.575
_,_,_,_,"Keeton, Charles",208.0,67.0,0.0,0.0,1.0,8.0,50.0,8.0,0.0,0.0,3.0,7.0,49.0,8.0,0.0,0.0,3.0,15.0,41.0,8.0,0.0,0.0,1.0,9.0,49.0,8.0,0.0,1.0,4.0,16.0,38.0,8.0,0.0,1.0,2.0,17.0,38.0,9.0,1.0,0.0,3.0,22.0,32.0,9.0,1.0,1.0,9.0,20.0,27.0,9.0,0.0,1.0,5.0,13.0,47.0,1.0,0.0,3.0,4.0,16.0,42.0,2.0,4.824999999999999,4.825,4.675,4.825,4.575,4.6,4.525,4.375,4.7,4.525
_,_,_,_,"Gershtein, Yuri",314.0,88.0,3.0,2.0,14.0,32.0,27.0,10.0,2.0,5.0,8.0,36.0,28.0,9.0,2.0,5.0,15.0,32.0,23.0,11.0,1.0,2.0,7.0,39.0,29.0,10.0,1.0,2.0,9.0,39.0,25.0,12.0,2.0,2.0,24.0,28.0,20.0,12.0,3.0,7.0,11.0,31.0,27.0,9.0,4.0,6.0,17.0,28.0,24.0,9.0,6.0,6.0,14.0,34.0,21.0,7.0,4.0,7.0,20.0,33.0,18.0,6.0,3.8265624999999996,3.8125,3.7093750000000005,4.051562499999999,4.034375,3.69375,3.7078125,3.5562500000000004,3.4765625,3.3859375
_,_,_,_,"Cizewski, Jolie",53.0,28.0,0.0,0.0,0.0,7.0,20.0,1.0,0.0,0.0,0.0,9.0,18.0,1.0,0.0,0.0,1.0,8.0,18.0,1.0,0.0,1.0,2.0,8.0,16.0,1.0,0.0,1.0,4.0,5.0,17.0,1.0,0.0,0.0,2.0,7.0,18.0,1.0,0.0,0.0,2.0,8.0,17.0,1.0,0.0,1.0,4.0,7.0,15.0,1.0,0.0,0.0,0.0,12.0,16.0,0.0,0.0,0.0,1.0,11.0,16.0,0.0,4.79375,4.71875,4.753125000000001,4.5687500000000005,4.5375,4.709375,4.6875,4.590625,4.690625,4.684375
_,_,_,_,"Somalwar, Sunil",76.0,28.0,0.0,0.0,1.0,3.0,23.0,1.0,1.0,0.0,1.0,1.0,24.0,1.0,0.0,0.0,0.0,6.0,21.0,1.0,0.0,0.0,0.0,2.0,24.0,2.0,0.0,0.0,0.0,1.0,26.0,1.0,0.0,0.0,0.0,2.0,24.0,2.0,0.0,1.0,3.0,7.0,16.0,1.0,0.0,2.0,2.0,8.0,15.0,1.0,0.0,0.0,2.0,4.0,22.0,0.0,0.0,1.0,2.0,6.0,19.0,0.0,4.775,4.65,4.775,4.925000000000001,4.975,4.925000000000001,4.375,4.425000000000001,4.675000000000001,4.5
_,_,_,_,"Zimmermann, Frank",439.0,199.0,12.0,20.0,23.0,65.0,44.0,35.0,11.0,22.0,40.0,54.0,37.0,35.0,17.0,18.0,49.0,46.0,34.0,35.0,9.0,21.0,36.0,58.0,40.0,35.0,11.0,12.0,45.0,51.0,42.0,38.0,19.0,26.0,49.0,40.0,29.0,36.0,17.0,27.0,38.0,54.0,31.0,32.0,20.0,33.0,41.0,44.0,30.0,31.0,32.0,32.0,33.0,52.0,33.0,17.0,24.0,39.0,40.0,54.0,28.0,14.0,3.984375,4.09375,3.96875,4.065625,4.20625,3.7562499999999996,3.84375,3.6625,3.94375,3.96875
_,_,_,_,"Montalvo, Grace",214.0,67.0,0.0,3.0,5.0,19.0,31.0,9.0,2.0,5.0,5.0,11.0,35.0,9.0,1.0,1.0,9.0,16.0,31.0,9.0,0.0,2.0,4.0,14.0,37.0,10.0,0.0,2.0,1.0,17.0,36.0,11.0,1.0,1.0,8.0,20.0,28.0,9.0,0.0,2.0,11.0,22.0,23.0,9.0,3.0,8.0,15.0,18.0,14.0,9.0,1.0,2.0,11.0,17.0,36.0,0.0,0.0,3.0,12.0,29.0,23.0,0.0,4.4046875,4.39921875,4.285546875,4.509765625,4.7171875,4.32578125,4.126953125,3.287109375,4.340625,4.030859375
_,_,_,_,"Koft, Julie",28.0,6.0,0.0,0.0,0.0,0.0,6.0,0.0,0.0,0.0,0.0,0.0,6.0,0.0,0.0,0.0,0.0,0.0,6.0,0.0,0.0,0.0,0.0,0.0,6.0,0.0,0.0,0.0,0.0,0.0,6.0,0.0,0.0,0.0,0.0,0.0,6.0,0.0,0.0,1.0,1.0,3.0,1.0,0.0,0.0,3.0,0.0,2.0,1.0,0.0,0.0,0.0,0.0,0.0,6.0,0.0,1.0,0.0,0.0,3.0,2.0,0.0,5.0,5.0,5.0,5.0,5.0,5.0,3.7,3.2,5.0,3.8
_,_,_,_,"Baker, John",111.0,29.0,0.0,1.0,5.0,6.0,15.0,2.0,1.0,0.0,4.0,8.0,15.0,1.0,0.0,2.0,4.0,7.0,13.0,3.0,1.0,1.0,2.0,10.0,14.0,1.0,0.0,2.0,3.0,7.0,16.0,1.0,0.0,2.0,4.0,8.0,11.0,4.0,0.0,2.0,3.0,12.0,11.0,1.0,4.0,7.0,9.0,4.0,3.0,2.0,1.0,1.0,4.0,7.0,14.0,2.0,2.0,2.0,2.0,10.0,12.0,1.0,4.225,4.3375,4.1875,4.1625,4.1875,4.0625,4.075,2.875,4.125,4.05
_,_,_,_,"Shang, Fangze",430.0,119.0,1.0,6.0,6.0,34.0,61.0,11.0,2.0,4.0,6.0,32.0,65.0,10.0,1.0,4.0,14.0,26.0,63.0,11.0,1.0,4.0,7.0,34.0,63.0,10.0,1.0,4.0,7.0,37.0,59.0,11.0,2.0,3.0,13.0,32.0,58.0,11.0,1.0,4.0,12.0,45.0,46.0,11.0,11.0,24.0,31.0,24.0,18.0,11.0,0.0,6.0,8.0,35.0,65.0,5.0,2.0,1.0,18.0,40.0,53.0,5.0,4.23408203125,4.10185546875,4.328466796875,4.413671875,4.52802734375,4.38544921875,4.535937499999999,3.29169921875,4.222900390625,4.496826171875
_,_,_,_,"Bhanot, Gyan",228.0,99.0,6.0,12.0,11.0,28.0,14.0,28.0,8.0,8.0,12.0,21.0,22.0,28.0,7.0,5.0,13.0,21.0,25.0,28.0,4.0,4.0,9.0,27.0,27.0,28.0,5.0,3.0,15.0,25.0,21.0,30.0,9.0,7.0,17.0,16.0,21.0,29.0,4.0,12.0,18.0,34.0,17.0,14.0,17.0,25.0,22.0,14.0,7.0,14.0,9.0,8.0,19.0,24.0,14.0,25.0,14.0,19.0,20.0,26.0,11.0,9.0,3.7,3.8,3.9,4.1,3.95,3.6999999999999997,3.9,2.9,3.6500000000000004,3.5500000000000003
_,_,_,_,"Zanzoul, Sarah",160.0,65.0,0.0,0.0,0.0,3.0,55.0,7.0,0.0,0.0,0.0,2.0,57.0,6.0,0.0,0.0,3.0,2.0,54.0,6.0,0.0,0.0,0.0,2.0,57.0,6.0,0.0,0.0,0.0,6.0,53.0,6.0,0.0,0.0,0.0,3.0,55.0,7.0,0.0,0.0,2.0,24.0,31.0,8.0,1.0,12.0,18.0,10.0,16.0,8.0,0.0,0.0,1.0,4.0,60.0,0.0,0.0,1.0,5.0,22.0,35.0,2.0,4.96875,4.96875,4.8375,4.94375,4.9125000000000005,4.94375,4.5625,3.60625,4.89375,4.331250000000001
_,_,_,_,"Zhakenova, Yelena",325.0,123.0,0.0,1.0,7.0,36.0,40.0,39.0,0.0,2.0,7.0,29.0,48.0,37.0,0.0,2.0,10.0,35.0,40.0,36.0,1.0,0.0,5.0,33.0,46.0,38.0,1.0,0.0,9.0,33.0,44.0,36.0,0.0,1.0,10.0,29.0,45.0,38.0,3.0,9.0,16.0,45.0,29.0,21.0,8.0,15.0,37.0,25.0,18.0,20.0,2.0,4.0,8.0,37.0,50.0,22.0,3.0,9.0,18.0,55.0,31.0,7.0,4.28125,4.3296875,4.2859375,4.376953125,4.314453125,4.20859375,4.0875,3.27578125,4.274609375,3.877734375
_,_,_,_,"Bartynski, Robert",1733.0,682.0,16.0,33.0,89.0,251.0,194.0,99.0,15.0,32.0,126.0,222.0,183.0,104.0,25.0,44.0,130.0,178.0,208.0,97.0,14.0,19.0,102.0,226.0,218.0,103.0,23.0,27.0,130.0,205.0,187.0,110.0,35.0,45.0,137.0,185.0,178.0,102.0,30.0,43.0,114.0,246.0,150.0,99.0,36.0,102.0,165.0,174.0,103.0,102.0,52.0,60.0,122.0,226.0,177.0,45.0,56.0,81.0,165.0,227.0,113.0,40.0,4.128125,4.078125,4.0375,4.199999999999999,4.1875,4.021875,4.0,3.5,3.875,3.715625
_,_,_,_,"Hijazi, Hussein",254.0,223.0,11.0,17.0,34.0,61.0,91.0,9.0,20.0,20.0,40.0,57.0,76.0,10.0,17.0,17.0,45.0,47.0,87.0,10.0,16.0,19.0,40.0,46.0,90.0,12.0,9.0,7.0,23.0,62.0,112.0,10.0,16.0,20.0,40.0,54.0,79.0,14.0,8.0,15.0,43.0,85.0,63.0,9.0,15.0,36.0,53.0,69.0,39.0,11.0,18.0,16.0,42.0,62.0,77.0,8.0,14.0,21.0,51.0,86.0,44.0,7.0,3.9875,3.809375,3.865625,3.8187499999999996,4.196875,3.86875,4.112500000000001,3.6624999999999996,3.7468749999999997,3.9124999999999996
_,_,_,_,"Roy, Ananda",201.0,85.0,2.0,5.0,7.0,23.0,48.0,0.0,3.0,0.0,14.0,16.0,51.0,1.0,2.0,6.0,13.0,21.0,40.0,3.0,2.0,1.0,7.0,24.0,50.0,1.0,1.0,3.0,13.0,25.0,41.0,2.0,3.0,6.0,19.0,13.0,43.0,1.0,5.0,8.0,18.0,22.0,32.0,0.0,10.0,13.0,14.0,19.0,29.0,0.0,6.0,8.0,11.0,21.0,38.0,1.0,6.0,13.0,12.0,30.0,24.0,0.0,4.55,4.65,4.55,4.6,4.525,4.425,4.375,3.975,4.375,4.175
_,_,_,_,"Burkhart, Blakesley",69.0,49.0,0.0,0.0,2.0,6.0,36.0,5.0,0.0,1.0,1.0,3.0,39.0,5.0,0.0,1.0,3.0,5.0,34.0,6.0,0.0,1.0,1.0,3.0,39.0,5.0,0.0,0.0,0.0,7.0,36.0,6.0,0.0,1.0,3.0,6.0,34.0,5.0,0.0,0.0,3.0,9.0,32.0,5.0,1.0,1.0,5.0,11.0,26.0,5.0,0.0,0.0,3.0,5.0,37.0,4.0,0.0,2.0,1.0,6.0,36.0,4.0,4.8,4.875,4.7250000000000005,4.8500000000000005,4.875,4.699999999999999,4.6499999999999995,4.375,4.800000000000001,4.725
_,_,_,_,"Vanderbilt, David",132.0,43.0,0.0,0.0,1.0,9.0,28.0,5.0,0.0,0.0,0.0,10.0,28.0,5.0,0.0,2.0,4.0,8.0,24.0,5.0,0.0,0.0,1.0,9.0,28.0,5.0,0.0,1.0,2.0,9.0,25.0,6.0,0.0,0.0,4.0,9.0,25.0,5.0,0.0,2.0,2.0,11.0,23.0,5.0,2.0,4.0,6.0,11.0,15.0,5.0,0.0,1.0,1.0,12.0,29.0,0.0,0.0,1.0,3.0,13.0,26.0,0.0,4.8,4.85,4.637499999999999,4.8375,4.6125,4.6,4.6,4.1625,4.7125,4.525
_,_,_,_,"Mysore, Sachin",91.0,27.0,0.0,1.0,0.0,5.0,14.0,7.0,0.0,2.0,0.0,5.0,13.0,7.0,0.0,0.0,4.0,3.0,13.0,7.0,0.0,0.0,0.0,7.0,13.0,7.0,0.0,1.0,0.0,5.0,14.0,7.0,0.0,1.0,3.0,2.0,14.0,7.0,0.0,0.0,2.0,6.0,14.0,5.0,1.0,2.0,8.0,5.0,6.0,5.0,0.0,1.0,2.0,4.0,15.0,5.0,0.0,0.0,3.0,6.0,15.0,3.0,4.725,4.6,4.625,4.75,4.675,4.65,4.425000000000001,3.5999999999999996,4.5875,4.4375
_,_,_,_,"Akhtar, Aimun",69.0,18.0,0.0,0.0,0.0,6.0,8.0,4.0,0.0,0.0,0.0,5.0,9.0,4.0,0.0,0.0,2.0,5.0,7.0,4.0,0.0,0.0,0.0,4.0,10.0,4.0,0.0,0.0,0.0,3.0,11.0,4.0,0.0,0.0,1.0,5.0,8.0,4.0,0.0,0.0,0.0,10.0,7.0,1.0,1.0,1.0,6.0,7.0,2.0,1.0,0.0,0.0,1.0,5.0,8.0,4.0,0.0,0.0,3.0,7.0,8.0,0.0,4.6,4.7,4.35,4.8,4.85,4.5,4.35,3.5,4.5,4.15
_,_,_,_,"Falcone, Nicole",98.0,24.0,0.0,0.0,0.0,5.0,11.0,8.0,0.0,1.0,0.0,3.0,12.0,8.0,0.0,1.0,2.0,7.0,6.0,8.0,0.0,0.0,0.0,5.0,11.0,8.0,1.0,0.0,0.0,2.0,13.0,8.0,0.0,1.0,1.0,3.0,11.0,8.0,0.0,0.0,0.0,11.0,6.0,7.0,0.0,3.0,6.0,6.0,2.0,7.0,0.0,1.0,1.0,5.0,15.0,2.0,1.0,0.0,5.0,7.0,10.0,1.0,4.6125,4.6,4.2125,4.7375,4.725,4.6,4.25,3.275,4.5875,3.8875
_,_,_,_,"Chainani, Shailendra",109.0,39.0,2.0,2.0,8.0,7.0,12.0,8.0,1.0,3.0,8.0,6.0,13.0,8.0,3.0,1.0,7.0,7.0,13.0,8.0,1.0,0.0,4.0,12.0,14.0,8.0,1.0,0.0,1.0,12.0,17.0,8.0,1.0,3.0,7.0,5.0,15.0,8.0,1.0,1.0,14.0,5.0,12.0,6.0,3.0,3.0,12.0,8.0,7.0,6.0,4.0,3.0,6.0,10.0,11.0,5.0,4.0,2.0,12.0,13.0,6.0,2.0,3.8625,3.8875,3.7625,4.0375,4.1625,3.875,3.975,3.3625,3.8499999999999996,3.5625
_,_,_,_,"Mendelsohn, Eric",545.0,186.0,6.0,11.0,16.0,62.0,64.0,27.0,9.0,10.0,23.0,51.0,66.0,27.0,9.0,12.0,23.0,48.0,65.0,29.0,5.0,12.0,21.0,54.0,65.0,29.0,20.0,26.0,23.0,47.0,42.0,28.0,11.0,14.0,36.0,50.0,47.0,28.0,8.0,17.0,36.0,70.0,25.0,30.0,17.0,33.0,58.0,34.0,13.0,31.0,17.0,15.0,25.0,60.0,60.0,9.0,14.0,23.0,42.0,67.0,31.0,9.0,4.208870601654052,4.305588960647583,4.206692981719971,4.252647829055785,4.022436857223511,3.9854267120361326,3.6464258670806884,2.9007297992706302,3.99580864906311,3.8534621715545656
_,_,_,_,"Kotliar, B",60.0,14.0,0.0,0.0,3.0,5.0,3.0,3.0,0.0,1.0,3.0,3.0,4.0,3.0,0.0,2.0,4.0,1.0,4.0,3.0,0.0,0.0,0.0,6.0,5.0,3.0,0.0,0.0,1.0,0.0,10.0,3.0,0.0,0.0,1.0,6.0,4.0,3.0,0.0,1.0,2.0,5.0,4.0,2.0,0.0,2.0,3.0,4.0,3.0,2.0,0.0,1.0,3.0,4.0,5.0,1.0,1.0,0.0,2.0,7.0,3.0,1.0,4.0,3.9,3.6,4.5,4.8,4.3,4.0,3.7,4.0,3.9
_,_,_,_,"Miller, James",43.0,14.0,0.0,1.0,2.0,5.0,4.0,2.0,0.0,2.0,2.0,4.0,4.0,2.0,0.0,0.0,3.0,4.0,5.0,2.0,0.0,0.0,2.0,5.0,5.0,2.0,0.0,0.0,0.0,4.0,8.0,2.0,0.0,0.0,2.0,6.0,4.0,2.0,0.0,0.0,0.0,8.0,4.0,2.0,0.0,3.0,1.0,2.0,6.0,2.0,0.0,0.0,3.0,7.0,3.0,1.0,0.0,0.0,4.0,5.0,4.0,1.0,3.95,3.85,4.15,4.25,4.699999999999999,4.15,4.300000000000001,3.9,3.95,3.95
_,_,_,_,"Andrei, Natan",14.0,6.0,0.0,1.0,2.0,1.0,1.0,1.0,0.0,1.0,1.0,2.0,1.0,1.0,1.0,0.0,1.0,1.0,2.0,1.0,0.0,0.0,1.0,1.0,3.0,1.0,0.0,1.0,1.0,0.0,2.0,2.0,0.0,1.0,1.0,2.0,1.0,1.0,0.0,2.0,1.0,0.0,2.0,1.0,0.0,0.0,2.0,1.0,2.0,1.0,1.0,0.0,1.0,2.0,1.0,1.0,1.0,1.0,1.0,1.0,1.0,1.0,3.35,3.65,3.6,4.35,4.15,3.65,3.25,3.85,3.4,2.9
_,_,_,_,"Jha, Saurabh",146.0,64.0,0.0,0.0,0.0,9.0,51.0,4.0,0.0,0.0,0.0,8.0,52.0,4.0,0.0,0.0,2.0,11.0,47.0,4.0,0.0,0.0,0.0,12.0,48.0,4.0,0.0,0.0,0.0,11.0,49.0,4.0,0.0,0.0,2.0,11.0,47.0,4.0,0.0,0.0,2.0,16.0,42.0,4.0,0.0,6.0,6.0,19.0,28.0,5.0,0.0,0.0,0.0,11.0,52.0,1.0,0.0,0.0,0.0,18.0,45.0,1.0,4.925,4.925,4.8500000000000005,4.9,4.925,4.9,4.825,4.425,4.925,4.725
_,_,_,_,"Webb, Trinity",89.0,50.0,0.0,0.0,1.0,6.0,30.0,13.0,0.0,0.0,1.0,4.0,33.0,12.0,0.0,0.0,3.0,5.0,30.0,12.0,0.0,0.0,2.0,5.0,30.0,13.0,0.0,0.0,2.0,3.0,33.0,12.0,0.0,0.0,3.0,6.0,29.0,12.0,0.0,0.0,2.0,12.0,24.0,12.0,1.0,3.0,7.0,11.0,16.0,12.0,0.0,0.0,3.0,9.0,35.0,3.0,0.0,0.0,3.0,11.0,33.0,3.0,4.85,4.9,4.8,4.85,4.9,4.8,4.65,4.15,4.65,4.65
_,_,_,_,"Brooks, Alyson",20.0,8.0,0.0,0.0,0.0,2.0,6.0,0.0,0.0,0.0,0.0,5.0,2.0,1.0,0.0,0.0,0.0,1.0,7.0,0.0,0.0,0.0,0.0,2.0,6.0,0.0,0.0,0.0,0.0,3.0,5.0,0.0,0.0,0.0,0.0,3.0,5.0,0.0,0.0,0.0,1.0,1.0,5.0,1.0,0.0,0.0,2.0,1.0,4.0,1.0,0.0,0.0,0.0,2.0,5.0,1.0,0.0,0.0,1.0,2.0,4.0,1.0,4.8,4.3,4.9,4.8,4.6,4.6,4.6,4.3,4.7,4.4
_,_,_,_,"Lee, June",27.0,6.0,0.0,0.0,1.0,1.0,2.0,2.0,0.0,0.0,1.0,1.0,2.0,2.0,0.0,0.0,1.0,2.0,1.0,2.0,0.0,0.0,1.0,1.0,2.0,2.0,0.0,0.0,1.0,1.0,2.0,2.0,0.0,0.0,1.0,1.0,2.0,2.0,0.0,0.0,1.0,3.0,0.0,2.0,0.0,2.0,2.0,0.0,0.0,2.0,0.0,0.0,0.0,2.0,3.0,1.0,0.0,0.0,1.0,2.0,1.0,2.0,4.3,4.3,4.0,4.3,4.3,4.3,3.8,2.5,4.6,4.0
_,_,_,_,"Regalon, Juan",28.0,8.0,0.0,0.0,2.0,2.0,4.0,0.0,0.0,2.0,0.0,1.0,5.0,0.0,0.0,1.0,0.0,2.0,5.0,0.0,0.0,1.0,1.0,0.0,6.0,0.0,1.0,1.0,0.0,2.0,4.0,0.0,1.0,0.0,1.0,1.0,5.0,0.0,0.0,0.0,1.0,5.0,2.0,0.0,0.0,2.0,4.0,2.0,0.0,0.0,0.0,2.0,0.0,0.0,6.0,0.0,0.0,1.0,0.0,4.0,3.0,0.0,4.3,4.1,4.4,4.4,3.9,4.1,4.1,3.0,4.3,4.1
_,_,_,_,"Young, Benjamin",28.0,11.0,0.0,0.0,1.0,2.0,6.0,2.0,0.0,0.0,1.0,1.0,7.0,2.0,0.0,0.0,1.0,3.0,5.0,2.0,0.0,0.0,0.0,2.0,7.0,2.0,0.0,2.0,1.0,2.0,4.0,2.0,0.0,0.0,2.0,2.0,5.0,2.0,0.0,0.0,1.0,5.0,3.0,2.0,1.0,3.0,2.0,3.0,0.0,2.0,0.0,0.0,1.0,4.0,6.0,0.0,0.0,0.0,0.0,7.0,4.0,0.0,4.6,4.7,4.4,4.8,3.9,4.3,4.2,2.8,4.5,4.4
_,_,_,_,"Yazigi, Justin",46.0,12.0,0.0,0.0,0.0,2.0,6.0,4.0,0.0,0.0,0.0,1.0,7.0,4.0,0.0,0.0,1.0,1.0,6.0,4.0,0.0,0.0,0.0,3.0,5.0,4.0,0.0,0.0,0.0,2.0,6.0,4.0,0.0,0.0,1.0,1.0,6.0,4.0,3.0,1.0,0.0,4.0,1.0,3.0,3.0,1.0,4.0,0.0,1.0,3.0,0.0,0.0,1.0,1.0,7.0,3.0,3.0,1.0,2.0,4.0,0.0,2.0,4.8,4.9,4.6,4.6,4.8,4.6,2.9,2.4,4.7,2.7
_,_,_,_,"Rechani, Phillip",118.0,34.0,0.0,1.0,1.0,12.0,16.0,4.0,0.0,1.0,3.0,6.0,20.0,4.0,0.0,1.0,6.0,9.0,14.0,4.0,0.0,0.0,2.0,9.0,19.0,4.0,0.0,2.0,3.0,7.0,18.0,4.0,0.0,2.0,1.0,10.0,17.0,4.0,0.0,2.0,5.0,13.0,10.0,4.0,2.0,4.0,7.0,10.0,7.0,4.0,0.0,1.0,6.0,9.0,17.0,1.0,1.0,1.0,6.0,11.0,14.0,1.0,4.64375,4.725,4.38125,4.74375,4.50625,4.637499999999999,4.31875,4.0375,4.325,4.15625
_,_,_,_,"Martinez Cespedes, Dirson",73.0,22.0,0.0,0.0,0.0,5.0,10.0,7.0,0.0,0.0,0.0,4.0,11.0,7.0,0.0,0.0,1.0,6.0,8.0,7.0,0.0,0.0,0.0,6.0,9.0,7.0,0.0,0.0,0.0,3.0,12.0,7.0,0.0,0.0,0.0,6.0,9.0,7.0,0.0,0.0,2.0,4.0,9.0,7.0,1.0,1.0,5.0,0.0,8.0,7.0,0.0,0.0,0.0,4.0,14.0,4.0,0.0,1.0,0.0,6.0,12.0,3.0,4.6,4.65,4.275,4.55,4.875,4.55,4.25,3.925,4.800000000000001,4.625
_,_,_,_,"Finley, Jacqueline",48.0,18.0,0.0,0.0,1.0,4.0,13.0,0.0,0.0,0.0,1.0,5.0,12.0,0.0,0.0,0.0,2.0,6.0,10.0,0.0,0.0,0.0,2.0,4.0,12.0,0.0,0.0,0.0,1.0,4.0,13.0,0.0,0.0,0.0,1.0,5.0,12.0,0.0,1.0,1.0,2.0,5.0,8.0,1.0,1.0,2.0,3.0,5.0,7.0,0.0,0.0,0.0,1.0,4.0,13.0,0.0,1.0,1.0,3.0,6.0,7.0,0.0,4.7,4.6,4.4,4.6,4.7,4.6,4.1,3.8,4.7,3.9
_,_,_,_,"Chakram Sundar, Srivatsan",206.0,100.0,0.0,1.0,8.0,37.0,49.0,5.0,0.0,1.0,8.0,36.0,50.0,5.0,1.0,1.0,12.0,33.0,48.0,5.0,0.0,0.0,6.0,25.0,64.0,5.0,2.0,2.0,10.0,36.0,45.0,5.0,0.0,2.0,11.0,35.0,47.0,5.0,1.0,4.0,9.0,35.0,47.0,4.0,6.0,7.0,20.0,31.0,32.0,4.0,0.0,4.0,6.0,47.0,41.0,2.0,2.0,5.0,16.0,40.0,35.0,2.0,4.4750000000000005,4.4750000000000005,4.4,4.625,4.225,4.375,4.35,3.875,4.3,4.15
_,_,_,_,"Cheong, Sang-Wook",370.0,145.0,11.0,16.0,33.0,37.0,24.0,24.0,8.0,18.0,38.0,32.0,25.0,24.0,12.0,11.0,38.0,34.0,26.0,24.0,4.0,5.0,42.0,40.0,30.0,24.0,3.0,4.0,22.0,50.0,39.0,27.0,16.0,13.0,33.0,37.0,22.0,24.0,7.0,7.0,19.0,51.0,40.0,21.0,5.0,16.0,31.0,40.0,32.0,21.0,25.0,19.0,32.0,34.0,23.0,12.0,13.0,14.0,30.0,41.0,39.0,8.0,3.2750000000000004,3.225,3.575,3.725,3.8499999999999996,3.15,3.75,3.775,2.925,3.4749999999999996
_,_,_,_,"Yuzbashyan, Emil",25.0,13.0,0.0,0.0,0.0,7.0,6.0,0.0,0.0,0.0,0.0,3.0,10.0,0.0,0.0,0.0,0.0,4.0,9.0,0.0,0.0,0.0,1.0,2.0,10.0,0.0,0.0,0.0,0.0,9.0,4.0,0.0,0.0,0.0,1.0,3.0,9.0,0.0,1.0,0.0,0.0,3.0,9.0,0.0,0.0,0.0,2.0,2.0,9.0,0.0,0.0,0.0,1.0,4.0,8.0,0.0,1.0,0.0,0.0,6.0,6.0,0.0,4.5,4.8,4.699999999999999,4.699999999999999,4.300000000000001,4.6,4.4,4.55,4.55,4.2
_,_,_,_,"McQuinn, Kristen",38.0,29.0,0.0,0.0,0.0,6.0,23.0,0.0,0.0,0.0,0.0,6.0,23.0,0.0,0.0,0.0,0.0,4.0,25.0,0.0,0.0,0.0,0.0,3.0,26.0,0.0,0.0,0.0,2.0,7.0,20.0,0.0,0.0,0.0,0.0,6.0,23.0,0.0,0.0,0.0,1.0,5.0,20.0,3.0,0.0,0.0,2.0,6.0,18.0,3.0,0.0,0.0,0.0,6.0,23.0,0.0,0.0,0.0,1.0,5.0,20.0,3.0,4.8,4.8,4.9,4.9,4.6,4.8,4.7,4.6,4.8,4.7
_,_,_,_,"Kuehler, Ethan",26.0,13.0,0.0,1.0,3.0,4.0,2.0,3.0,0.0,0.0,3.0,5.0,3.0,2.0,0.0,1.0,5.0,3.0,1.0,3.0,0.0,0.0,1.0,7.0,3.0,2.0,0.0,0.0,3.0,4.0,4.0,2.0,0.0,0.0,5.0,3.0,3.0,2.0,0.0,0.0,8.0,2.0,1.0,2.0,1.0,1.0,5.0,3.0,1.0,2.0,0.0,2.0,3.0,4.0,3.0,1.0,0.0,1.0,6.0,4.0,1.0,1.0,3.7,4.0,3.4,4.2,4.1,3.8,3.4,3.2,3.7,3.4
_,_,_,_,"Prince, Heather",40.0,16.0,1.0,0.0,0.0,4.0,6.0,5.0,0.0,0.0,1.0,3.0,7.0,5.0,0.0,1.0,0.0,2.0,8.0,5.0,0.0,0.0,0.0,4.0,7.0,5.0,0.0,0.0,0.0,4.0,7.0,5.0,0.0,1.0,0.0,4.0,6.0,5.0,0.0,0.0,1.0,4.0,6.0,5.0,0.0,0.0,1.0,1.0,9.0,5.0,0.0,1.0,0.0,5.0,8.0,2.0,0.0,0.0,1.0,6.0,7.0,2.0,4.3,4.6,4.6,4.6,4.6,4.4,4.5,4.7,4.4,4.4
