_,_,_,_,"Trees, Frances",2298.0,1059.0,8.0,41.0,138.0,372.0,325.0,175.0,20.0,41.0,176.0,340.0,308.0,174.0,26.0,55.0,203.0,325.0,275.0,175.0,15.0,22.0,148.0,385.0,313.0,176.0,14.0,21.0,155.0,336.0,314.0,219.0,24.0,51.0,197.0,340.0,262.0,185.0,29.0,57.0,160.0,430.0,320.0,63.0,49.0,83.0,194.0,348.0,327.0,58.0,43.0,55.0,213.0,316.0,284.0,148.0,57.0,65.0,219.0,419.0,273.0,26.0,4.144921875,3.9078613281249996,3.8365234375,4.090624999999999,4.0638916015625,3.8267089843749997,3.922802734375,3.9050537109374996,3.794140625,3.7763427734375
_,_,_,_,"Belowich, Alan",1116.0,606.0,2.0,6.0,29.0,205.0,256.0,108.0,3.0,10.0,44.0,194.0,243.0,112.0,8.0,13.0,57.0,188.0,227.0,113.0,4.0,5.0,45.0,189.0,251.0,112.0,4.0,5.0,43.0,195.0,238.0,121.0,6.0,13.0,61.0,204.0,208.0,114.0,7.0,13.0,74.0,236.0,213.0,63.0,17.0,34.0,107.0,200.0,185.0,63.0,9.0,12.0,45.0,185.0,273.0,82.0,16.0,10.0,60.0,263.0,232.0,25.0,4.339404296874999,4.186083984374999,4.10361328125,4.163037109375,4.259716796875001,4.000244140625,3.97255859375,3.644970703125,4.118896484375,4.06083984375
_,_,_,_,"Chirco, Jt",122.0,77.0,0.0,0.0,7.0,26.0,43.0,1.0,0.0,3.0,11.0,29.0,34.0,0.0,0.0,2.0,15.0,27.0,33.0,0.0,1.0,1.0,10.0,32.0,33.0,0.0,0.0,2.0,13.0,23.0,34.0,5.0,1.0,0.0,15.0,29.0,31.0,1.0,2.0,4.0,11.0,29.0,29.0,2.0,4.0,13.0,19.0,20.0,21.0,0.0,1.0,4.0,12.0,25.0,35.0,0.0,0.0,7.0,14.0,28.0,28.0,0.0,4.525,4.325,4.25,4.35,4.25,4.225,3.8499999999999996,3.5,4.25,3.9
_,_,_,_,Centeno Ana Paula,670.0,346.0,4.0,2.0,30.0,109.0,139.0,62.0,4.0,11.0,32.0,95.0,145.0,59.0,4.0,7.0,41.0,98.0,134.0,62.0,4.0,4.0,27.0,93.0,156.0,62.0,10.0,23.0,51.0,92.0,110.0,60.0,8.0,12.0,46.0,94.0,127.0,59.0,13.0,19.0,59.0,142.0,107.0,6.0,11.0,12.0,40.0,146.0,128.0,9.0,6.0,14.0,41.0,101.0,124.0,60.0,22.0,28.0,60.0,139.0,89.0,8.0,4.449999999999999,4.5875,4.6125,4.6875,4.375,4.449999999999999,4.0249999999999995,4.0125,4.5,4.1875
_,_,_,_,"Gunawardena, Ananda",3446.0,1363.0,24.0,69.0,173.0,521.0,430.0,146.0,24.0,40.0,188.0,512.0,451.0,148.0,17.0,50.0,165.0,460.0,519.0,152.0,13.0,12.0,101.0,496.0,592.0,149.0,17.0,26.0,169.0,495.0,468.0,188.0,27.0,43.0,193.0,503.0,446.0,151.0,19.0,48.0,188.0,536.0,414.0,158.0,13.0,77.0,224.0,466.0,423.0,160.0,37.0,58.0,210.0,513.0,476.0,69.0,45.0,76.0,237.0,537.0,381.0,87.0,3.8930116653442384,3.943638324737549,3.9870245933532713,4.3288763046264656,4.085859298706055,3.8903698921203613,3.9997939109802245,3.9264937400817868,3.8506569862365723,3.752480983734131
_,_,_,_,"Zhai, Juan",1583.0,675.0,25.0,44.0,181.0,255.0,137.0,33.0,34.0,84.0,197.0,217.0,107.0,36.0,43.0,103.0,226.0,169.0,103.0,31.0,19.0,24.0,204.0,251.0,140.0,37.0,19.0,15.0,166.0,232.0,142.0,101.0,47.0,91.0,223.0,174.0,101.0,39.0,26.0,56.0,150.0,261.0,171.0,11.0,19.0,35.0,96.0,264.0,252.0,9.0,85.0,108.0,177.0,179.0,90.0,36.0,57.0,71.0,167.0,247.0,123.0,10.0,3.797265625,3.65859375,3.3550781250000004,3.687890625,3.6078125,3.4957031250000004,3.728125,4.09765625,3.281640625,3.493359375
_,_,_,_,"Menendez, David",3776.0,1205.0,63.0,91.0,195.0,419.0,281.0,156.0,115.0,129.0,209.0,347.0,246.0,159.0,95.0,108.0,246.0,334.0,263.0,159.0,84.0,101.0,234.0,367.0,260.0,159.0,70.0,80.0,236.0,329.0,267.0,223.0,99.0,113.0,298.0,309.0,220.0,166.0,59.0,68.0,213.0,409.0,295.0,161.0,39.0,103.0,271.0,363.0,262.0,167.0,144.0,152.0,257.0,339.0,245.0,68.0,155.0,135.0,293.0,334.0,202.0,86.0,3.6492001533508303,3.3042665481567384,3.559502601623535,3.732422733306885,3.0226546287536618,3.2424119949340824,3.6866727828979493,3.597299957275391,3.2737080574035646,3.031234645843506
_,_,_,_,"Venugopal, Seshadri",1158.0,320.0,3.0,7.0,23.0,87.0,167.0,33.0,8.0,8.0,33.0,86.0,146.0,39.0,10.0,11.0,41.0,92.0,131.0,35.0,5.0,8.0,30.0,90.0,147.0,40.0,10.0,19.0,38.0,90.0,119.0,44.0,8.0,11.0,42.0,96.0,126.0,37.0,6.0,7.0,37.0,109.0,154.0,7.0,3.0,11.0,39.0,114.0,146.0,7.0,11.0,13.0,30.0,89.0,144.0,33.0,18.0,17.0,57.0,96.0,125.0,7.0,4.3984375,4.259375,4.0890625,4.30625,4.2,4.1765625,4.409375,4.353125,4.21875,4.1109375
_,_,_,_,"Nesci, Danielle",237.0,211.0,4.0,21.0,44.0,83.0,57.0,2.0,4.0,21.0,31.0,89.0,63.0,3.0,6.0,19.0,48.0,80.0,56.0,2.0,1.0,5.0,28.0,79.0,94.0,4.0,2.0,3.0,24.0,83.0,90.0,9.0,4.0,21.0,56.0,71.0,57.0,2.0,1.0,8.0,28.0,100.0,71.0,3.0,19.0,44.0,53.0,57.0,36.0,2.0,10.0,17.0,53.0,78.0,50.0,3.0,7.0,8.0,49.0,94.0,50.0,3.0,3.8,3.9,3.8,4.3,4.3,3.8,4.1,3.2,3.7,3.8
_,_,_,_,"Fuentes, Guillermo",1915.0,1105.0,43.0,110.0,264.0,347.0,205.0,136.0,55.0,115.0,310.0,303.0,178.0,144.0,104.0,161.0,275.0,242.0,180.0,143.0,33.0,57.0,269.0,398.0,207.0,141.0,23.0,40.0,213.0,401.0,225.0,203.0,88.0,160.0,320.0,236.0,154.0,147.0,29.0,70.0,207.0,417.0,252.0,130.0,122.0,227.0,269.0,205.0,146.0,136.0,170.0,175.0,289.0,261.0,160.0,50.0,101.0,131.0,288.0,344.0,197.0,44.0,3.5984375,3.5265625,3.26953125,3.76953125,3.8609375,3.25078125,3.8125,3.01328125,3.19140625,3.38046875
_,_,_,_,"Moshkovitz, Guy",154.0,91.0,4.0,1.0,7.0,31.0,48.0,0.0,3.0,8.0,10.0,31.0,39.0,0.0,5.0,7.0,21.0,28.0,30.0,0.0,2.0,8.0,13.0,29.0,39.0,0.0,10.0,12.0,21.0,25.0,23.0,0.0,2.0,7.0,23.0,26.0,28.0,5.0,4.0,2.0,23.0,35.0,26.0,1.0,9.0,15.0,34.0,20.0,12.0,1.0,9.0,8.0,12.0,31.0,30.0,1.0,4.0,12.0,22.0,30.0,22.0,1.0,4.3,4.0,3.8,4.0,3.4,3.8,3.9,3.1,3.7,3.6
_,_,_,_,"Gholizadeh Hamidi, Samaneh",2619.0,2195.0,167.0,185.0,270.0,728.0,719.0,126.0,210.0,236.0,382.0,688.0,553.0,126.0,207.0,228.0,427.0,626.0,576.0,131.0,218.0,225.0,399.0,620.0,605.0,128.0,216.0,239.0,456.0,633.0,508.0,143.0,237.0,233.0,386.0,609.0,596.0,134.0,101.0,151.0,385.0,912.0,525.0,121.0,116.0,307.0,660.0,635.0,350.0,127.0,346.0,244.0,343.0,635.0,582.0,45.0,312.0,240.0,442.0,743.0,401.0,57.0,4.133087921142578,3.799927520751953,3.824948501586914,3.7584495544433594,3.57794189453125,3.7919036865234372,3.861682510375976,3.4301803588867186,3.7959365844726562,3.567377471923828
_,_,_,_,"Michmizos, Konstantinos",906.0,460.0,3.0,3.0,20.0,117.0,300.0,17.0,3.0,10.0,34.0,105.0,290.0,18.0,2.0,10.0,20.0,87.0,322.0,19.0,2.0,5.0,14.0,78.0,343.0,18.0,3.0,5.0,24.0,100.0,304.0,24.0,4.0,6.0,34.0,86.0,313.0,17.0,3.0,6.0,31.0,171.0,227.0,22.0,14.0,43.0,125.0,137.0,117.0,24.0,2.0,9.0,21.0,109.0,308.0,11.0,6.0,8.0,27.0,155.0,248.0,16.0,4.6484375,4.7046875,4.6640625,4.728125,4.676562499999999,4.6796875,4.589062500000001,4.1359375,4.714062500000001,4.625
_,_,_,_,"Nagarakatte, Santosh",534.0,359.0,6.0,6.0,26.0,95.0,216.0,10.0,10.0,13.0,48.0,122.0,156.0,10.0,6.0,15.0,46.0,108.0,173.0,11.0,8.0,17.0,60.0,101.0,160.0,13.0,11.0,19.0,53.0,116.0,147.0,13.0,8.0,21.0,53.0,121.0,144.0,12.0,4.0,5.0,34.0,116.0,186.0,14.0,11.0,33.0,85.0,118.0,99.0,13.0,11.0,17.0,40.0,109.0,175.0,7.0,11.0,24.0,58.0,126.0,129.0,11.0,4.5,4.125,4.225,4.075,3.975,4.074999999999999,4.35,3.775,4.1499999999999995,3.875
_,_,_,_,"Hidalgo, Daniel",98.0,39.0,0.0,1.0,6.0,6.0,20.0,6.0,0.0,0.0,4.0,6.0,23.0,6.0,0.0,1.0,5.0,8.0,18.0,7.0,0.0,0.0,4.0,6.0,22.0,7.0,0.0,0.0,5.0,5.0,20.0,9.0,0.0,0.0,6.0,7.0,20.0,6.0,3.0,1.0,9.0,16.0,8.0,2.0,2.0,3.0,6.0,17.0,9.0,2.0,0.0,1.0,5.0,8.0,19.0,6.0,9.0,8.0,5.0,10.0,5.0,2.0,4.4,4.6,4.3,4.6,4.5,4.4,3.7,3.8,4.4,2.8
_,_,_,_,"Steiger, William",126.0,40.0,7.0,9.0,14.0,6.0,3.0,1.0,5.0,7.0,15.0,5.0,7.0,1.0,11.0,9.0,7.0,8.0,4.0,1.0,4.0,0.0,13.0,16.0,6.0,1.0,3.0,4.0,8.0,12.0,7.0,6.0,12.0,8.0,10.0,4.0,4.0,2.0,6.0,14.0,9.0,5.0,4.0,2.0,4.0,8.0,12.0,7.0,7.0,2.0,13.0,11.0,8.0,3.0,4.0,1.0,13.0,11.0,8.0,2.0,4.0,2.0,2.85,2.95,2.8,3.4,3.05,2.7,2.5,3.3,2.55,2.3
_,_,_,_,"Balouek-Thomert, Daniel",144.0,57.0,0.0,0.0,11.0,20.0,26.0,0.0,1.0,3.0,11.0,16.0,25.0,1.0,3.0,4.0,19.0,15.0,16.0,0.0,0.0,1.0,6.0,25.0,25.0,0.0,1.0,5.0,8.0,19.0,24.0,0.0,1.0,3.0,14.0,28.0,11.0,0.0,0.0,5.0,9.0,26.0,15.0,2.0,1.0,5.0,12.0,22.0,16.0,1.0,1.0,2.0,17.0,23.0,13.0,1.0,1.0,4.0,14.0,29.0,8.0,1.0,4.3,4.1,3.7,4.3,4.1,3.8,3.9,3.8,3.8,3.7
_,_,_,_,"Miranda Garcia, Antonio",2880.0,889.0,25.0,41.0,114.0,275.0,280.0,154.0,51.0,75.0,135.0,236.0,239.0,153.0,38.0,63.0,156.0,246.0,232.0,154.0,21.0,18.0,111.0,293.0,288.0,158.0,16.0,37.0,147.0,274.0,239.0,176.0,30.0,52.0,166.0,258.0,224.0,159.0,14.0,32.0,93.0,329.0,263.0,158.0,11.0,35.0,164.0,277.0,237.0,165.0,58.0,60.0,150.0,297.0,263.0,61.0,48.0,62.0,160.0,337.0,227.0,55.0,4.018994140625,3.76533203125,3.741552734375,4.04228515625,3.879248046875,3.811865234375,4.020556640624999,3.8668457031249996,3.7461425781249997,3.778662109375
_,_,_,_,"Assadi, Sepehr",604.0,206.0,1.0,1.0,8.0,26.0,167.0,3.0,0.0,2.0,7.0,27.0,166.0,4.0,1.0,2.0,17.0,41.0,139.0,6.0,1.0,1.0,7.0,31.0,162.0,4.0,1.0,1.0,9.0,38.0,152.0,5.0,2.0,2.0,11.0,39.0,149.0,3.0,1.0,2.0,20.0,51.0,129.0,3.0,5.0,13.0,58.0,57.0,71.0,2.0,1.0,2.0,11.0,27.0,162.0,3.0,1.0,3.0,11.0,56.0,134.0,1.0,4.725,4.775,4.6,4.725,4.7,4.65,4.45,3.875,4.75,4.55
_,_,_,_,"Chang, Lily",3263.0,1144.0,12.0,34.0,139.0,418.0,392.0,149.0,15.0,63.0,161.0,385.0,365.0,155.0,36.0,61.0,210.0,370.0,315.0,152.0,13.0,22.0,142.0,389.0,422.0,156.0,19.0,24.0,156.0,357.0,392.0,196.0,29.0,54.0,218.0,387.0,303.0,153.0,17.0,32.0,134.0,419.0,404.0,138.0,14.0,25.0,140.0,423.0,401.0,141.0,46.0,68.0,215.0,398.0,350.0,67.0,37.0,72.0,192.0,446.0,337.0,60.0,4.188786125183105,4.153847312927246,3.9154125213623043,4.100410270690918,4.008198547363281,3.9151727676391603,4.193666076660156,4.2092735290527346,3.80417537689209,3.765129280090332
_,_,_,_,"Zhang, Desheng",295.0,82.0,1.0,0.0,6.0,17.0,56.0,2.0,1.0,1.0,9.0,25.0,44.0,2.0,1.0,7.0,10.0,28.0,34.0,2.0,1.0,1.0,4.0,20.0,54.0,2.0,1.0,0.0,5.0,23.0,50.0,3.0,1.0,4.0,10.0,29.0,36.0,2.0,1.0,4.0,9.0,30.0,37.0,1.0,3.0,8.0,25.0,25.0,20.0,1.0,2.0,3.0,10.0,25.0,40.0,2.0,1.0,5.0,11.0,37.0,27.0,1.0,4.6,4.4,4.15,4.6,4.55,4.199999999999999,4.199999999999999,3.7,4.3,4.1
_,_,_,_,"Nath, Badri",484.0,133.0,1.0,12.0,21.0,42.0,52.0,5.0,9.0,17.0,22.0,32.0,47.0,6.0,4.0,10.0,26.0,36.0,49.0,8.0,6.0,11.0,22.0,39.0,49.0,6.0,5.0,12.0,24.0,38.0,44.0,10.0,6.0,15.0,31.0,33.0,43.0,5.0,2.0,4.0,18.0,50.0,52.0,7.0,2.0,11.0,24.0,43.0,44.0,9.0,12.0,7.0,27.0,39.0,45.0,3.0,11.0,7.0,28.0,43.0,40.0,4.0,4.18125,3.9,4.0875,4.15625,4.084375,3.921875,4.26875,3.65625,4.096875,3.909375
_,_,_,_,"Krzyzanowski, Paul",585.0,174.0,3.0,3.0,4.0,45.0,103.0,16.0,3.0,8.0,6.0,43.0,100.0,14.0,3.0,9.0,12.0,44.0,92.0,14.0,3.0,5.0,6.0,41.0,105.0,14.0,4.0,6.0,11.0,40.0,98.0,15.0,8.0,8.0,7.0,52.0,86.0,13.0,2.0,6.0,9.0,45.0,98.0,14.0,0.0,4.0,21.0,48.0,87.0,14.0,4.0,6.0,13.0,48.0,93.0,10.0,8.0,4.0,11.0,59.0,83.0,9.0,4.5265625,4.45078125,4.37265625,4.51015625,4.4328125,4.303125,4.45078125,4.4140625,4.31640625,4.22421875
_,_,_,_,"Boularias, Abdeslam",676.0,188.0,0.0,7.0,13.0,54.0,90.0,24.0,2.0,0.0,11.0,50.0,101.0,24.0,1.0,2.0,13.0,56.0,92.0,24.0,2.0,1.0,7.0,53.0,101.0,24.0,0.0,0.0,15.0,42.0,107.0,24.0,2.0,3.0,12.0,52.0,95.0,24.0,1.0,1.0,11.0,63.0,89.0,23.0,0.0,1.0,10.0,69.0,85.0,23.0,3.0,10.0,11.0,52.0,102.0,10.0,2.0,10.0,18.0,64.0,85.0,9.0,4.325,4.4375,4.4,4.425,4.5125,4.387499999999999,4.4125000000000005,4.4375,4.2625,4.1625
_,_,_,_,"Stone, Matthew",26.0,8.0,2.0,2.0,3.0,1.0,0.0,0.0,1.0,0.0,2.0,5.0,0.0,0.0,1.0,0.0,3.0,3.0,0.0,1.0,0.0,0.0,0.0,5.0,3.0,0.0,3.0,1.0,2.0,0.0,0.0,2.0,2.0,1.0,2.0,2.0,0.0,1.0,1.0,3.0,3.0,1.0,0.0,0.0,1.0,0.0,1.0,2.0,4.0,0.0,2.0,2.0,3.0,1.0,0.0,0.0,3.0,1.0,3.0,0.0,0.0,1.0,2.4,3.4,3.1,4.4,1.8,2.6,2.5,4.0,2.4,2.0
_,_,_,_,"Yu, Jingjin",258.0,74.0,2.0,1.0,10.0,29.0,31.0,1.0,3.0,3.0,6.0,30.0,30.0,2.0,3.0,2.0,15.0,27.0,26.0,1.0,3.0,2.0,9.0,31.0,29.0,0.0,2.0,1.0,6.0,32.0,31.0,2.0,4.0,1.0,15.0,25.0,28.0,1.0,1.0,2.0,12.0,30.0,29.0,0.0,0.0,6.0,23.0,21.0,24.0,0.0,4.0,3.0,10.0,26.0,29.0,2.0,2.0,3.0,13.0,30.0,26.0,0.0,4.1000000000000005,4.05,4.05,4.125,4.175,4.05,4.075,4.1,3.9,3.9
_,_,_,_,"Kulikowski, Casimir",308.0,108.0,11.0,26.0,19.0,22.0,21.0,9.0,16.0,15.0,12.0,30.0,25.0,10.0,19.0,15.0,15.0,21.0,29.0,9.0,6.0,10.0,10.0,34.0,37.0,11.0,12.0,13.0,26.0,20.0,25.0,12.0,22.0,21.0,14.0,19.0,22.0,10.0,15.0,15.0,21.0,26.0,18.0,13.0,7.0,8.0,28.0,33.0,18.0,14.0,29.0,15.0,15.0,22.0,25.0,2.0,24.0,19.0,17.0,19.0,23.0,6.0,3.9140625,4.040625,4.1140625,4.384375,3.9484375000000003,3.8828125,3.946875,3.984375,4.026562500000001,3.8875
_,_,_,_,"Motto, Douglas",190.0,78.0,0.0,2.0,10.0,23.0,33.0,10.0,2.0,2.0,8.0,27.0,29.0,10.0,2.0,8.0,17.0,19.0,22.0,10.0,2.0,0.0,13.0,28.0,25.0,10.0,0.0,2.0,8.0,29.0,29.0,10.0,1.0,3.0,18.0,20.0,26.0,10.0,0.0,4.0,17.0,26.0,19.0,12.0,5.0,9.0,19.0,19.0,15.0,11.0,3.0,3.0,11.0,29.0,30.0,2.0,3.0,4.0,15.0,31.0,22.0,3.0,4.1265625,3.859375,3.609375,3.903125,4.171875,3.7578125,3.796875,3.4078125,3.9109375,3.8765625
_,_,_,_,"Centeno, Ana",826.0,375.0,4.0,4.0,26.0,144.0,189.0,8.0,4.0,7.0,32.0,126.0,202.0,4.0,5.0,6.0,40.0,129.0,190.0,5.0,4.0,2.0,18.0,114.0,232.0,5.0,4.0,7.0,44.0,132.0,175.0,13.0,7.0,4.0,32.0,145.0,180.0,7.0,3.0,8.0,41.0,138.0,171.0,14.0,6.0,14.0,54.0,132.0,156.0,13.0,5.0,7.0,28.0,138.0,190.0,7.0,11.0,14.0,56.0,154.0,125.0,15.0,4.4,4.425,4.325,4.55,4.325,4.325,4.35,4.225,4.4,4.075
_,_,_,_,"Marian, Amelie",756.0,251.0,3.0,14.0,24.0,96.0,92.0,22.0,2.0,12.0,29.0,86.0,99.0,23.0,9.0,18.0,33.0,87.0,83.0,21.0,5.0,3.0,29.0,95.0,97.0,22.0,9.0,11.0,30.0,88.0,87.0,26.0,14.0,11.0,42.0,94.0,68.0,22.0,7.0,18.0,36.0,112.0,59.0,19.0,4.0,19.0,57.0,92.0,59.0,20.0,15.0,18.0,43.0,82.0,81.0,12.0,16.0,23.0,50.0,87.0,66.0,9.0,4.25,4.26875,4.0625,4.23125,3.8875,3.9,4.06875,4.1,3.85625,3.73125
_,_,_,_,"Lau, Arnold",1635.0,914.0,10.0,21.0,92.0,345.0,327.0,119.0,13.0,16.0,103.0,326.0,330.0,126.0,16.0,37.0,157.0,304.0,277.0,123.0,6.0,8.0,78.0,320.0,377.0,125.0,8.0,15.0,79.0,327.0,329.0,156.0,12.0,46.0,143.0,318.0,269.0,126.0,10.0,32.0,118.0,366.0,268.0,120.0,81.0,181.0,222.0,192.0,115.0,123.0,22.0,39.0,155.0,329.0,326.0,43.0,31.0,47.0,176.0,394.0,222.0,44.0,4.0546875,4.03125,3.8296875000000004,4.2453125,4.18125,3.78125,3.9234375,2.9984374999999996,3.8703125,3.634375
_,_,_,_,"Hajdu, John",1828.0,948.0,14.0,29.0,126.0,367.0,262.0,150.0,22.0,41.0,179.0,309.0,218.0,179.0,26.0,55.0,158.0,335.0,228.0,146.0,15.0,24.0,141.0,356.0,250.0,162.0,17.0,29.0,131.0,352.0,234.0,185.0,33.0,38.0,171.0,347.0,205.0,154.0,28.0,32.0,138.0,370.0,242.0,138.0,108.0,174.0,219.0,194.0,119.0,134.0,38.0,48.0,162.0,377.0,274.0,49.0,67.0,73.0,177.0,379.0,212.0,40.0,4.067187499999999,3.809375,3.9203125,3.9953125000000003,3.99375,3.86875,3.95,2.984375,3.8703125,3.6515625
_,_,_,_,"Gao, Jie",650.0,218.0,0.0,2.0,16.0,59.0,125.0,16.0,0.0,5.0,11.0,59.0,124.0,19.0,1.0,7.0,19.0,63.0,110.0,18.0,0.0,0.0,7.0,63.0,131.0,17.0,2.0,5.0,18.0,55.0,121.0,17.0,1.0,4.0,23.0,60.0,112.0,18.0,1.0,5.0,20.0,87.0,88.0,17.0,1.0,23.0,59.0,63.0,55.0,17.0,0.0,6.0,21.0,55.0,126.0,10.0,2.0,7.0,32.0,75.0,93.0,9.0,4.55,4.525,4.4,4.625,4.45,4.4,4.275,3.775,4.475,4.2
_,_,_,_,"Cowan, Charles",1181.0,377.0,2.0,8.0,18.0,91.0,221.0,37.0,3.0,6.0,22.0,57.0,251.0,38.0,4.0,10.0,30.0,65.0,231.0,37.0,2.0,1.0,18.0,66.0,252.0,38.0,9.0,16.0,32.0,79.0,194.0,47.0,8.0,9.0,28.0,85.0,210.0,37.0,6.0,16.0,38.0,105.0,172.0,40.0,20.0,37.0,73.0,94.0,112.0,41.0,8.0,12.0,24.0,87.0,227.0,19.0,15.0,27.0,34.0,109.0,151.0,41.0,4.580078125,4.671484375,4.6078125,4.77421875,4.61328125,4.561328125,4.4398437500000005,4.19296875,4.619921874999999,4.225390625
_,_,_,_,"Francisco, John-Austen",723.0,210.0,5.0,19.0,35.0,56.0,69.0,26.0,2.0,11.0,27.0,66.0,77.0,27.0,5.0,19.0,24.0,57.0,79.0,26.0,3.0,11.0,23.0,59.0,87.0,27.0,3.0,10.0,44.0,53.0,72.0,28.0,4.0,14.0,44.0,56.0,64.0,28.0,4.0,15.0,38.0,70.0,55.0,28.0,6.0,19.0,45.0,57.0,56.0,27.0,17.0,20.0,34.0,67.0,61.0,11.0,17.0,16.0,47.0,67.0,53.0,10.0,3.980859375,4.170703125,4.175390625,4.332421875,4.11328125,4.038671875,4.03671875,3.81953125,3.79765625,3.7351562499999997
_,_,_,_,"Zhang, Zheng",521.0,161.0,6.0,9.0,21.0,50.0,43.0,32.0,10.0,11.0,20.0,48.0,40.0,32.0,14.0,14.0,26.0,42.0,32.0,33.0,8.0,2.0,24.0,50.0,45.0,32.0,11.0,6.0,26.0,50.0,33.0,35.0,11.0,16.0,30.0,40.0,32.0,32.0,6.0,14.0,22.0,56.0,32.0,31.0,7.0,19.0,41.0,33.0,31.0,30.0,19.0,10.0,33.0,45.0,36.0,18.0,20.0,14.0,33.0,49.0,28.0,17.0,3.9375,3.6875,3.45,3.8625,3.5500000000000003,3.5,3.8125,3.5625,3.375,3.2375
_,_,_,_,"Elgammal, Ahmed",342.0,81.0,4.0,2.0,15.0,36.0,20.0,4.0,2.0,3.0,18.0,28.0,25.0,5.0,4.0,9.0,22.0,18.0,23.0,5.0,2.0,5.0,12.0,31.0,26.0,5.0,3.0,1.0,20.0,26.0,26.0,5.0,3.0,8.0,19.0,24.0,23.0,4.0,2.0,7.0,16.0,30.0,22.0,4.0,1.0,10.0,20.0,21.0,24.0,5.0,6.0,4.0,18.0,31.0,19.0,3.0,5.0,9.0,15.0,29.0,20.0,3.0,4.05,4.125,3.8874999999999997,4.1875,4.125,3.9375,3.9375,3.9375,3.825,3.8
_,_,_,_,"Imielinski, Tomasz",1583.0,634.0,51.0,72.0,111.0,198.0,132.0,70.0,40.0,62.0,117.0,182.0,163.0,70.0,50.0,51.0,95.0,162.0,202.0,74.0,36.0,41.0,88.0,173.0,221.0,75.0,56.0,67.0,111.0,150.0,156.0,94.0,50.0,63.0,112.0,177.0,160.0,72.0,34.0,52.0,105.0,209.0,162.0,72.0,13.0,21.0,125.0,230.0,177.0,68.0,103.0,69.0,103.0,174.0,159.0,26.0,102.0,64.0,119.0,185.0,139.0,25.0,3.5137451171875,3.4953125,3.6447021484375,3.6599853515625003,3.6140625,3.496337890625,3.464013671875,3.9864013671875,3.5679443359375,3.4176757812500003
_,_,_,_,"Zhang, Yongfeng",971.0,292.0,0.0,3.0,22.0,82.0,140.0,45.0,2.0,8.0,29.0,79.0,128.0,46.0,1.0,9.0,43.0,81.0,111.0,47.0,2.0,3.0,17.0,95.0,129.0,46.0,2.0,5.0,19.0,74.0,144.0,48.0,2.0,9.0,30.0,89.0,117.0,45.0,0.0,5.0,30.0,102.0,113.0,42.0,3.0,9.0,54.0,88.0,96.0,42.0,3.0,11.0,28.0,89.0,139.0,22.0,4.0,7.0,41.0,104.0,119.0,17.0,4.45,4.3375,4.1875,4.4624999999999995,4.5,4.2875,4.225,4.0625,4.2875,4.1625
_,_,_,_,"Farach-Colton, Martin",346.0,88.0,4.0,3.0,14.0,32.0,34.0,1.0,4.0,4.0,12.0,30.0,37.0,1.0,6.0,3.0,14.0,23.0,39.0,3.0,4.0,6.0,14.0,23.0,40.0,1.0,3.0,4.0,19.0,27.0,32.0,3.0,7.0,6.0,16.0,19.0,38.0,2.0,4.0,10.0,11.0,31.0,31.0,1.0,5.0,10.0,20.0,26.0,25.0,2.0,10.0,3.0,18.0,20.0,34.0,3.0,3.0,13.0,18.0,23.0,29.0,2.0,4.0,4.050000000000001,4.0,4.0,3.9499999999999997,3.85,3.85,3.65,3.7,3.6999999999999997
_,_,_,_,"Martin, Richard",284.0,88.0,18.0,20.0,17.0,15.0,8.0,10.0,23.0,16.0,19.0,13.0,6.0,11.0,20.0,15.0,18.0,17.0,9.0,9.0,19.0,8.0,22.0,19.0,8.0,12.0,11.0,3.0,19.0,29.0,14.0,12.0,22.0,11.0,19.0,18.0,8.0,10.0,14.0,13.0,17.0,21.0,12.0,11.0,5.0,5.0,18.0,30.0,19.0,11.0,34.0,10.0,19.0,12.0,7.0,6.0,21.0,18.0,21.0,11.0,10.0,7.0,2.65,2.45,2.75,2.8,3.45,2.75,3.05,3.7,2.3,2.5999999999999996
_,_,_,_,"Ma, Shiqing",31.0,9.0,0.0,1.0,3.0,2.0,2.0,1.0,0.0,1.0,3.0,3.0,1.0,1.0,0.0,2.0,2.0,2.0,2.0,1.0,0.0,1.0,1.0,3.0,3.0,1.0,0.0,1.0,1.0,2.0,3.0,2.0,0.0,2.0,3.0,1.0,1.0,2.0,1.0,0.0,3.0,2.0,2.0,1.0,0.0,1.0,1.0,3.0,3.0,1.0,2.0,1.0,1.0,3.0,1.0,1.0,2.0,2.0,0.0,2.0,2.0,1.0,3.6,3.5,3.5,4.0,4.0,3.1,3.5,4.0,3.0,3.0
_,_,_,_,"Kapadia, Mubbasir",44.0,9.0,0.0,1.0,3.0,3.0,2.0,0.0,0.0,1.0,2.0,2.0,2.0,2.0,1.0,0.0,5.0,2.0,1.0,0.0,0.0,1.0,3.0,2.0,3.0,0.0,0.0,0.0,3.0,2.0,3.0,1.0,0.0,1.0,3.0,3.0,2.0,0.0,1.0,0.0,1.0,4.0,3.0,0.0,0.0,0.0,3.0,4.0,2.0,0.0,1.0,0.0,4.0,3.0,1.0,0.0,0.0,1.0,2.0,4.0,2.0,0.0,3.7,3.7,3.2,3.8,4.0,3.7,3.9,3.9,3.3,3.8
_,_,_,_,"Deng, Dong",156.0,46.0,0.0,3.0,9.0,9.0,11.0,14.0,2.0,3.0,11.0,7.0,9.0,14.0,1.0,4.0,11.0,5.0,10.0,15.0,0.0,3.0,7.0,10.0,11.0,15.0,0.0,2.0,9.0,5.0,14.0,16.0,0.0,4.0,13.0,6.0,9.0,14.0,1.0,1.0,8.0,12.0,11.0,13.0,1.0,3.0,8.0,13.0,8.0,13.0,1.0,8.0,8.0,13.0,10.0,6.0,2.0,4.0,11.0,14.0,10.0,5.0,4.4,4.25,4.3,4.45,4.5,4.3,4.45,4.35,4.25,4.3
_,_,_,_,"Allender, Eric",60.0,19.0,0.0,0.0,2.0,4.0,13.0,0.0,0.0,0.0,2.0,4.0,13.0,0.0,0.0,0.0,2.0,5.0,12.0,0.0,0.0,0.0,1.0,3.0,14.0,1.0,0.0,0.0,1.0,4.0,13.0,1.0,0.0,0.0,2.0,7.0,10.0,0.0,0.0,1.0,2.0,4.0,12.0,0.0,0.0,1.0,7.0,4.0,6.0,1.0,0.0,0.0,1.0,7.0,11.0,0.0,0.0,0.0,2.0,8.0,9.0,0.0,4.55,4.550000000000001,4.5,4.75,4.65,4.449999999999999,4.45,3.8499999999999996,4.55,4.4
_,_,_,_,"Bekris, Kostas",319.0,84.0,1.0,4.0,5.0,28.0,33.0,13.0,2.0,1.0,7.0,27.0,33.0,14.0,2.0,6.0,9.0,23.0,31.0,13.0,1.0,1.0,9.0,22.0,37.0,14.0,2.0,3.0,12.0,24.0,29.0,14.0,2.0,5.0,13.0,21.0,30.0,13.0,1.0,6.0,9.0,35.0,32.0,1.0,2.0,3.0,17.0,25.0,36.0,1.0,4.0,5.0,10.0,21.0,30.0,14.0,7.0,5.0,12.0,27.0,32.0,1.0,4.28125,4.20625,4.19375,4.2875,4.1,4.168749999999999,4.1875,4.0375,4.31875,3.9749999999999996
_,_,_,_,"Lee, Jang Sun",35.0,22.0,0.0,0.0,1.0,8.0,12.0,1.0,0.0,0.0,1.0,5.0,15.0,1.0,0.0,0.0,2.0,5.0,14.0,1.0,0.0,0.0,1.0,2.0,18.0,1.0,0.0,0.0,0.0,2.0,18.0,2.0,0.0,0.0,1.0,3.0,17.0,1.0,0.0,0.0,0.0,5.0,17.0,0.0,0.0,0.0,2.0,6.0,14.0,0.0,0.0,1.0,0.0,7.0,13.0,1.0,0.0,1.0,1.0,5.0,15.0,0.0,4.5,4.7,4.6,4.8,4.9,4.8,4.8,4.6,4.5,4.6
_,_,_,_,"Centeno, Ana Paula",2393.0,1073.0,10.0,9.0,48.0,301.0,542.0,163.0,9.0,9.0,61.0,274.0,557.0,163.0,9.0,9.0,72.0,273.0,547.0,163.0,6.0,4.0,32.0,224.0,642.0,165.0,9.0,21.0,73.0,282.0,503.0,185.0,9.0,7.0,73.0,281.0,538.0,165.0,8.0,13.0,98.0,327.0,462.0,165.0,13.0,28.0,157.0,301.0,407.0,167.0,9.0,18.0,73.0,275.0,646.0,52.0,16.0,35.0,118.0,400.0,452.0,52.0,4.487500000000001,4.46875,4.423046875,4.6499999999999995,4.3408203125,4.464062500000001,4.420117187500001,4.1484375,4.49296875,4.2314453125
_,_,_,_,"Venugopal, Sesh",922.0,284.0,3.0,7.0,24.0,86.0,111.0,53.0,8.0,9.0,37.0,84.0,93.0,53.0,9.0,18.0,44.0,74.0,86.0,53.0,7.0,15.0,39.0,82.0,87.0,54.0,11.0,18.0,34.0,86.0,75.0,60.0,8.0,16.0,40.0,85.0,81.0,54.0,5.0,10.0,25.0,94.0,94.0,56.0,4.0,7.0,30.0,97.0,90.0,56.0,10.0,15.0,48.0,80.0,107.0,24.0,10.0,19.0,53.0,88.0,88.0,26.0,4.52734375,4.426171875,4.39296875,4.420703125,4.342578125,4.381640624999999,4.292578125,4.103515625,4.449999999999999,4.369140625
_,_,_,_,"Zhang, Peng",258.0,102.0,2.0,3.0,17.0,39.0,28.0,13.0,4.0,3.0,18.0,35.0,27.0,15.0,9.0,6.0,20.0,31.0,22.0,14.0,3.0,1.0,13.0,33.0,38.0,14.0,2.0,2.0,14.0,38.0,31.0,15.0,7.0,4.0,24.0,28.0,24.0,15.0,1.0,7.0,17.0,46.0,17.0,14.0,4.0,15.0,24.0,34.0,12.0,13.0,6.0,10.0,18.0,37.0,24.0,7.0,7.0,6.0,24.0,34.0,22.0,9.0,4.0,3.95,3.5999999999999996,4.15,4.1,3.6500000000000004,3.8,3.4,3.7,3.7
_,_,_,_,"Bernstein, Aaron",498.0,179.0,2.0,1.0,0.0,47.0,127.0,2.0,2.0,0.0,3.0,37.0,135.0,2.0,2.0,1.0,14.0,44.0,113.0,5.0,2.0,0.0,4.0,42.0,127.0,4.0,3.0,1.0,3.0,43.0,125.0,4.0,2.0,1.0,11.0,47.0,116.0,2.0,1.0,0.0,11.0,59.0,104.0,4.0,4.0,11.0,34.0,61.0,66.0,3.0,0.0,1.0,3.0,38.0,134.0,3.0,0.0,2.0,10.0,58.0,105.0,4.0,4.7,4.7,4.6,4.725,4.65,4.6,4.6,4.05,4.875,4.7
_,_,_,_,"Narayana Ganapathy, Srinivas",565.0,258.0,0.0,1.0,6.0,47.0,187.0,17.0,1.0,1.0,9.0,49.0,182.0,16.0,1.0,1.0,14.0,58.0,167.0,17.0,0.0,0.0,7.0,54.0,179.0,18.0,1.0,2.0,17.0,58.0,159.0,21.0,2.0,0.0,11.0,65.0,163.0,17.0,0.0,1.0,11.0,76.0,155.0,15.0,0.0,8.0,47.0,95.0,90.0,18.0,1.0,1.0,9.0,49.0,184.0,14.0,2.0,2.0,18.0,74.0,148.0,14.0,4.699999999999999,4.6875,4.5875,4.7125,4.575,4.5875,4.5625,4.15,4.699999999999999,4.45
_,_,_,_,"Huang, Yipeng",744.0,275.0,1.0,3.0,11.0,60.0,175.0,25.0,3.0,5.0,12.0,70.0,161.0,24.0,2.0,11.0,27.0,55.0,155.0,25.0,3.0,7.0,15.0,57.0,170.0,23.0,3.0,6.0,12.0,62.0,166.0,26.0,3.0,4.0,22.0,71.0,150.0,25.0,2.0,6.0,29.0,75.0,140.0,23.0,5.0,17.0,54.0,90.0,86.0,23.0,4.0,5.0,18.0,58.0,180.0,10.0,3.0,11.0,25.0,92.0,135.0,9.0,4.8,4.625,4.68125,4.725,4.75625,4.45,4.6875,4.45625,4.74375,4.53125
_,_,_,_,"Srinivasa Raghavan, Anirudh",41.0,19.0,0.0,0.0,1.0,4.0,8.0,6.0,0.0,0.0,1.0,4.0,8.0,6.0,0.0,0.0,3.0,3.0,7.0,6.0,0.0,0.0,1.0,3.0,9.0,6.0,0.0,0.0,2.0,4.0,7.0,6.0,0.0,0.0,3.0,3.0,7.0,6.0,1.0,0.0,3.0,4.0,6.0,5.0,1.0,1.0,1.0,3.0,8.0,5.0,0.0,1.0,2.0,6.0,9.0,1.0,2.0,0.0,2.0,5.0,9.0,1.0,4.550000000000001,4.550000000000001,4.3,4.65,4.4,4.3,4.05,4.15,4.4,4.15
_,_,_,_,"Karmakar, Arnab",153.0,72.0,8.0,8.0,11.0,12.0,9.0,24.0,5.0,11.0,10.0,14.0,8.0,24.0,5.0,5.0,12.0,12.0,13.0,25.0,5.0,1.0,9.0,14.0,19.0,24.0,1.0,3.0,14.0,14.0,11.0,29.0,7.0,5.0,10.0,13.0,13.0,24.0,4.0,4.0,10.0,22.0,9.0,23.0,1.0,5.0,3.0,18.0,22.0,23.0,22.0,6.0,12.0,15.0,9.0,8.0,8.0,9.0,14.0,26.0,8.0,7.0,3.1,3.2,3.5,3.9,3.7,3.4,3.6,4.1,2.7,3.3
_,_,_,_,"Mardekian, Jack",391.0,196.0,11.0,16.0,41.0,55.0,45.0,28.0,10.0,18.0,31.0,64.0,46.0,27.0,17.0,28.0,36.0,40.0,48.0,27.0,9.0,17.0,36.0,59.0,48.0,27.0,10.0,18.0,32.0,58.0,49.0,29.0,17.0,25.0,40.0,46.0,39.0,29.0,9.0,20.0,47.0,53.0,35.0,32.0,2.0,15.0,39.0,73.0,35.0,32.0,34.0,25.0,43.0,32.0,45.0,17.0,26.0,24.0,45.0,58.0,28.0,15.0,3.6500000000000004,3.725,3.425,3.7250000000000005,3.725,3.425,3.5250000000000004,3.775,3.175,3.225
_,_,_,_,"Kanade, Sanchay",77.0,24.0,0.0,0.0,1.0,5.0,2.0,16.0,0.0,0.0,1.0,5.0,2.0,16.0,1.0,0.0,0.0,5.0,2.0,16.0,0.0,1.0,0.0,4.0,2.0,17.0,1.0,0.0,0.0,5.0,2.0,16.0,1.0,0.0,0.0,5.0,2.0,16.0,0.0,2.0,1.0,4.0,10.0,7.0,0.0,0.0,0.0,8.0,9.0,7.0,1.0,0.0,1.0,3.0,5.0,14.0,2.0,2.0,2.0,6.0,8.0,4.0,4.05,4.05,3.95,4.0,3.95,3.95,4.5,4.449999999999999,4.15,4.0
_,_,_,_,"Zhu, He",321.0,97.0,1.0,4.0,9.0,36.0,40.0,7.0,1.0,7.0,8.0,38.0,36.0,7.0,3.0,8.0,16.0,29.0,34.0,7.0,2.0,3.0,8.0,36.0,41.0,7.0,2.0,5.0,5.0,36.0,40.0,9.0,3.0,6.0,16.0,31.0,33.0,8.0,2.0,4.0,19.0,28.0,38.0,6.0,2.0,8.0,27.0,30.0,24.0,6.0,3.0,5.0,17.0,33.0,37.0,2.0,5.0,4.0,22.0,31.0,34.0,1.0,4.25,4.2,3.95,4.3,4.3,4.0,4.1,3.7,4.05,3.9
_,_,_,_,"Aanjaneya, Mridul",534.0,160.0,2.0,5.0,9.0,48.0,72.0,24.0,2.0,6.0,15.0,45.0,67.0,25.0,3.0,8.0,17.0,50.0,57.0,25.0,2.0,5.0,16.0,42.0,70.0,25.0,1.0,0.0,8.0,49.0,74.0,28.0,4.0,3.0,21.0,50.0,56.0,26.0,3.0,8.0,16.0,61.0,45.0,27.0,10.0,19.0,34.0,43.0,27.0,27.0,4.0,8.0,14.0,57.0,63.0,14.0,5.0,8.0,28.0,56.0,46.0,17.0,4.4125,4.3625,4.175,4.375,4.5,4.2125,4.1,3.6375,4.262499999999999,4.05
_,_,_,_,"Srikanta, Karthik",302.0,124.0,2.0,4.0,8.0,52.0,53.0,5.0,1.0,2.0,11.0,43.0,62.0,5.0,6.0,3.0,9.0,43.0,57.0,6.0,1.0,1.0,13.0,38.0,64.0,7.0,1.0,2.0,10.0,29.0,77.0,5.0,5.0,4.0,11.0,36.0,62.0,6.0,2.0,6.0,19.0,58.0,35.0,4.0,15.0,24.0,42.0,24.0,15.0,4.0,8.0,3.0,12.0,43.0,56.0,2.0,5.0,7.0,19.0,66.0,25.0,2.0,4.25,4.35,4.1,4.35,4.6,4.0,4.35,3.55,4.0,3.7
_,_,_,_,"Stratos, Karl",86.0,30.0,3.0,1.0,6.0,11.0,5.0,4.0,4.0,5.0,6.0,7.0,4.0,4.0,2.0,2.0,5.0,8.0,9.0,4.0,2.0,5.0,7.0,9.0,3.0,4.0,3.0,1.0,8.0,12.0,2.0,4.0,4.0,3.0,8.0,7.0,4.0,4.0,0.0,1.0,5.0,13.0,7.0,4.0,0.0,0.0,2.0,8.0,16.0,4.0,5.0,5.0,7.0,10.0,3.0,0.0,5.0,5.0,8.0,8.0,4.0,0.0,3.5,3.1,3.8,3.2,3.4,3.2,4.0,4.5,3.0,3.0
_,_,_,_,"Russo, Mark",297.0,125.0,0.0,1.0,7.0,28.0,58.0,31.0,0.0,1.0,7.0,25.0,61.0,31.0,0.0,1.0,12.0,32.0,48.0,32.0,0.0,0.0,6.0,28.0,60.0,31.0,0.0,0.0,10.0,23.0,54.0,38.0,0.0,0.0,12.0,30.0,52.0,31.0,2.0,0.0,17.0,38.0,39.0,29.0,4.0,1.0,14.0,36.0,40.0,30.0,0.0,2.0,15.0,35.0,56.0,17.0,1.0,3.0,18.0,44.0,47.0,12.0,4.55,4.6,4.4,4.6,4.5,4.4,4.199999999999999,4.1,4.35,4.2
_,_,_,_,"Behl, Jhanavi",43.0,23.0,0.0,0.0,1.0,3.0,1.0,18.0,0.0,0.0,1.0,3.0,1.0,18.0,0.0,0.0,1.0,3.0,1.0,18.0,0.0,0.0,1.0,3.0,1.0,18.0,0.0,0.0,1.0,3.0,1.0,18.0,0.0,0.0,1.0,3.0,1.0,18.0,1.0,1.0,3.0,7.0,2.0,9.0,1.0,5.0,4.0,3.0,1.0,9.0,1.0,1.0,3.0,1.0,5.0,12.0,2.0,1.0,6.0,5.0,6.0,3.0,4.0,4.0,4.0,4.0,4.0,4.0,3.6,2.9,3.7,3.6
_,_,_,_,"Pise, Neeraj Nitin",46.0,38.0,0.0,0.0,1.0,5.0,21.0,11.0,0.0,0.0,1.0,4.0,22.0,11.0,0.0,0.0,2.0,5.0,20.0,11.0,0.0,0.0,2.0,2.0,23.0,11.0,0.0,0.0,2.0,6.0,19.0,11.0,0.0,0.0,2.0,5.0,20.0,11.0,0.0,1.0,2.0,11.0,13.0,11.0,1.0,5.0,11.0,5.0,5.0,11.0,0.0,1.0,1.0,10.0,23.0,3.0,0.0,2.0,3.0,19.0,12.0,2.0,4.8,4.85,4.75,4.85,4.7,4.75,4.45,3.25,4.65,4.15
_,_,_,_,"Anvekar, Aniket",63.0,22.0,0.0,0.0,4.0,5.0,8.0,5.0,0.0,1.0,0.0,11.0,5.0,5.0,0.0,3.0,3.0,6.0,5.0,5.0,0.0,0.0,2.0,9.0,6.0,5.0,0.0,1.0,5.0,3.0,8.0,5.0,0.0,2.0,2.0,9.0,4.0,5.0,1.0,0.0,1.0,9.0,5.0,6.0,2.0,4.0,4.0,3.0,3.0,6.0,0.0,3.0,6.0,5.0,7.0,1.0,1.0,1.0,9.0,6.0,4.0,1.0,4.2,4.2,3.8,4.2,4.1,3.9,4.1,3.1,3.8,3.5
_,_,_,_,"Landge, Sahil",48.0,35.0,0.0,1.0,3.0,10.0,10.0,11.0,0.0,0.0,5.0,7.0,13.0,10.0,1.0,1.0,6.0,8.0,9.0,10.0,0.0,1.0,4.0,8.0,12.0,10.0,0.0,1.0,2.0,7.0,15.0,10.0,0.0,3.0,5.0,9.0,8.0,10.0,1.0,1.0,5.0,10.0,8.0,10.0,6.0,5.0,5.0,2.0,7.0,10.0,1.0,2.0,5.0,13.0,12.0,2.0,3.0,2.0,3.0,15.0,10.0,2.0,4.2,4.3,3.9,4.2,4.4,3.9,3.9,3.0,4.0,3.8
_,_,_,_,"Chavan, Pranav Suklal",41.0,23.0,0.0,0.0,0.0,10.0,5.0,8.0,0.0,1.0,1.0,8.0,5.0,8.0,0.0,2.0,4.0,5.0,4.0,8.0,1.0,1.0,2.0,7.0,4.0,8.0,0.0,0.0,0.0,6.0,9.0,8.0,0.0,2.0,4.0,6.0,3.0,8.0,0.0,2.0,1.0,6.0,7.0,7.0,1.0,5.0,0.0,6.0,4.0,7.0,2.0,1.0,5.0,8.0,5.0,2.0,2.0,5.0,5.0,6.0,3.0,2.0,4.3,4.1,3.7,3.8,4.6,3.7,4.1,3.4,3.6,3.1
_,_,_,_,"Schoepflin, Daniel",151.0,56.0,0.0,1.0,5.0,9.0,21.0,20.0,0.0,2.0,1.0,10.0,23.0,20.0,0.0,2.0,2.0,12.0,20.0,20.0,1.0,1.0,0.0,9.0,25.0,20.0,0.0,2.0,2.0,12.0,20.0,20.0,0.0,1.0,3.0,11.0,21.0,20.0,0.0,0.0,5.0,13.0,18.0,20.0,0.0,6.0,10.0,9.0,11.0,20.0,2.0,1.0,4.0,14.0,31.0,4.0,2.0,2.0,10.0,18.0,17.0,7.0,4.4,4.5,4.4,4.6,4.4,4.4,4.4,3.7,4.4,3.9
_,_,_,_,"Geft, Zvi Gregori",220.0,76.0,4.0,8.0,15.0,21.0,12.0,16.0,5.0,3.0,9.0,28.0,14.0,17.0,5.0,3.0,14.0,21.0,17.0,16.0,1.0,4.0,12.0,26.0,17.0,16.0,0.0,7.0,15.0,21.0,16.0,17.0,5.0,9.0,14.0,18.0,14.0,16.0,2.0,6.0,16.0,23.0,13.0,16.0,4.0,9.0,19.0,19.0,9.0,16.0,11.0,9.0,12.0,17.0,19.0,8.0,11.0,11.0,9.0,20.0,16.0,9.0,3.5,3.7,3.7,3.9,3.8,3.5,3.7,3.3,3.4,3.3
_,_,_,_,"Carver, Noah",52.0,48.0,1.0,2.0,1.0,9.0,30.0,5.0,1.0,2.0,1.0,8.0,31.0,5.0,1.0,0.0,2.0,4.0,36.0,5.0,1.0,0.0,0.0,8.0,32.0,7.0,1.0,2.0,0.0,5.0,35.0,5.0,1.0,1.0,2.0,5.0,33.0,6.0,1.0,1.0,6.0,17.0,19.0,4.0,2.0,7.0,15.0,14.0,6.0,4.0,1.0,1.0,1.0,7.0,36.0,2.0,1.0,3.0,9.0,20.0,14.0,1.0,4.5,4.5,4.7,4.7,4.7,4.6,4.2,3.3,4.7,3.9
_,_,_,_,"Abello Monedero, James",196.0,90.0,13.0,12.0,16.0,19.0,13.0,17.0,16.0,12.0,19.0,13.0,14.0,16.0,15.0,7.0,19.0,17.0,15.0,17.0,13.0,10.0,17.0,22.0,11.0,17.0,13.0,9.0,22.0,13.0,14.0,19.0,14.0,9.0,22.0,17.0,11.0,17.0,4.0,9.0,18.0,25.0,12.0,22.0,0.0,3.0,19.0,31.0,15.0,22.0,24.0,17.0,13.0,16.0,11.0,9.0,22.0,14.0,17.0,18.0,9.0,10.0,3.1,3.0,3.1,3.1,3.1,3.0,3.5,3.9,2.7,2.7
_,_,_,_,"Gavva, Surya Teja",634.0,216.0,3.0,1.0,13.0,41.0,104.0,54.0,1.0,3.0,10.0,43.0,105.0,54.0,1.0,2.0,10.0,41.0,107.0,55.0,1.0,0.0,0.0,34.0,125.0,56.0,1.0,1.0,5.0,28.0,127.0,54.0,1.0,2.0,10.0,31.0,117.0,55.0,0.0,4.0,14.0,56.0,86.0,56.0,3.0,10.0,28.0,54.0,63.0,58.0,4.0,6.0,15.0,50.0,122.0,19.0,3.0,6.0,21.0,57.0,106.0,23.0,4.4875,4.574999999999999,4.6,4.762499999999999,4.737500000000001,4.6625,4.425,4.0875,4.4,4.3125
_,_,_,_,"Gale, Abraham",193.0,52.0,5.0,7.0,8.0,14.0,5.0,13.0,3.0,2.0,4.0,17.0,13.0,13.0,2.0,2.0,8.0,15.0,12.0,13.0,1.0,0.0,6.0,8.0,24.0,13.0,1.0,0.0,7.0,10.0,21.0,13.0,4.0,2.0,8.0,14.0,11.0,13.0,1.0,4.0,6.0,16.0,12.0,13.0,0.0,5.0,4.0,19.0,11.0,13.0,9.0,3.0,5.0,20.0,10.0,5.0,5.0,5.0,9.0,19.0,8.0,6.0,3.45,4.2,4.1125,4.4625,4.375,4.075,4.075,3.8375,3.5375,3.675
_,_,_,_,"Szegedy, Mario",606.0,193.0,23.0,34.0,37.0,40.0,18.0,41.0,11.0,18.0,41.0,50.0,30.0,43.0,20.0,21.0,36.0,42.0,33.0,41.0,6.0,8.0,45.0,48.0,43.0,43.0,5.0,8.0,41.0,55.0,31.0,53.0,20.0,24.0,36.0,43.0,29.0,41.0,8.0,12.0,32.0,63.0,35.0,43.0,6.0,11.0,37.0,62.0,34.0,43.0,42.0,26.0,38.0,39.0,33.0,15.0,24.0,25.0,48.0,52.0,28.0,16.0,2.95,3.4749999999999996,3.325,3.75,3.7,3.225,3.725,3.7,2.95,3.2
_,_,_,_,"Kannan, Sudarsun",218.0,68.0,0.0,3.0,4.0,14.0,33.0,14.0,0.0,0.0,5.0,14.0,35.0,14.0,1.0,0.0,5.0,13.0,35.0,14.0,0.0,1.0,4.0,11.0,38.0,14.0,1.0,0.0,5.0,13.0,35.0,14.0,1.0,1.0,6.0,11.0,35.0,14.0,1.0,0.0,3.0,15.0,34.0,15.0,0.0,2.0,7.0,16.0,29.0,14.0,2.0,1.0,7.0,12.0,42.0,4.0,1.0,3.0,6.0,18.0,36.0,4.0,4.4,4.574999999999999,4.475,4.6,4.45,4.449999999999999,4.55,4.375,4.4,4.324999999999999
_,_,_,_,"Thatikonda, Sai Samhith",59.0,15.0,0.0,0.0,1.0,3.0,3.0,8.0,0.0,0.0,1.0,3.0,3.0,8.0,0.0,0.0,2.0,2.0,3.0,8.0,0.0,0.0,1.0,3.0,3.0,8.0,0.0,0.0,2.0,2.0,3.0,8.0,0.0,0.0,2.0,2.0,3.0,8.0,0.0,0.0,0.0,5.0,4.0,6.0,0.0,0.0,2.0,4.0,3.0,6.0,0.0,0.0,3.0,3.0,5.0,4.0,0.0,0.0,2.0,7.0,4.0,2.0,4.3,4.3,4.1,4.3,4.1,4.1,4.4,4.1,4.2,4.2
_,_,_,_,"Wang, Xintong",163.0,53.0,0.0,0.0,3.0,13.0,26.0,11.0,0.0,2.0,4.0,6.0,30.0,11.0,2.0,1.0,4.0,13.0,22.0,11.0,0.0,1.0,2.0,13.0,26.0,11.0,0.0,2.0,4.0,7.0,26.0,14.0,1.0,0.0,7.0,13.0,20.0,12.0,1.0,2.0,2.0,10.0,26.0,12.0,0.0,0.0,4.0,14.0,23.0,12.0,2.0,3.0,2.0,17.0,26.0,3.0,1.0,2.0,5.0,17.0,26.0,2.0,4.6,4.5,4.2,4.5,4.5,4.2,4.4,4.5,4.2,4.3
_,_,_,_,"Kim, Diana",114.0,34.0,1.0,1.0,5.0,11.0,5.0,11.0,2.0,0.0,5.0,7.0,9.0,11.0,1.0,3.0,5.0,10.0,4.0,11.0,1.0,0.0,2.0,9.0,11.0,11.0,1.0,1.0,5.0,5.0,11.0,11.0,1.0,4.0,5.0,5.0,7.0,12.0,1.0,2.0,5.0,6.0,9.0,11.0,2.0,1.0,4.0,7.0,9.0,11.0,3.0,5.0,10.0,4.0,6.0,6.0,3.0,4.0,9.0,8.0,5.0,5.0,3.8,3.9,3.6,4.3,4.0,3.6,3.9,3.9,3.2,3.3
_,_,_,_,"Wang, Hao",148.0,106.0,2.0,3.0,8.0,29.0,56.0,8.0,5.0,2.0,12.0,22.0,56.0,9.0,3.0,8.0,10.0,22.0,55.0,8.0,2.0,3.0,12.0,26.0,54.0,9.0,1.0,2.0,5.0,27.0,60.0,11.0,2.0,9.0,15.0,22.0,50.0,8.0,3.0,5.0,11.0,38.0,40.0,9.0,2.0,4.0,9.0,29.0,50.0,12.0,7.0,6.0,12.0,27.0,48.0,6.0,2.0,9.0,11.0,33.0,44.0,7.0,4.325,4.225,4.1,4.25,4.475,4.025,4.025,4.300000000000001,3.9,4.0
_,_,_,_,"Hedrick, Charles",36.0,13.0,0.0,0.0,1.0,7.0,5.0,0.0,0.0,1.0,0.0,8.0,4.0,0.0,0.0,1.0,2.0,8.0,2.0,0.0,0.0,0.0,1.0,6.0,6.0,0.0,0.0,0.0,0.0,7.0,5.0,1.0,0.0,0.0,3.0,6.0,4.0,0.0,0.0,1.0,3.0,9.0,0.0,0.0,0.0,1.0,2.0,9.0,1.0,0.0,0.0,1.0,0.0,7.0,5.0,0.0,0.0,0.0,1.0,8.0,2.0,2.0,4.3,4.2,3.9,4.4,4.4,4.1,3.6,3.8,4.2,4.1
_,_,_,_,"Neb, Nabhanya",45.0,31.0,0.0,2.0,4.0,12.0,13.0,0.0,2.0,1.0,2.0,12.0,13.0,1.0,0.0,3.0,5.0,12.0,11.0,0.0,2.0,2.0,2.0,12.0,13.0,0.0,3.0,1.0,5.0,11.0,11.0,0.0,1.0,4.0,2.0,15.0,9.0,0.0,2.0,2.0,5.0,14.0,7.0,1.0,4.0,2.0,14.0,8.0,3.0,0.0,2.0,3.0,4.0,8.0,13.0,1.0,3.0,2.0,11.0,11.0,4.0,0.0,4.2,4.1,4.0,4.0,3.8,3.9,3.7,3.1,3.9,3.4
_,_,_,_,"Do not use, ERROR",47.0,32.0,0.0,1.0,2.0,2.0,1.0,26.0,0.0,0.0,1.0,3.0,2.0,26.0,0.0,1.0,3.0,1.0,1.0,26.0,0.0,0.0,0.0,3.0,3.0,26.0,0.0,0.0,1.0,1.0,2.0,28.0,0.0,1.0,2.0,2.0,1.0,26.0,1.0,1.0,8.0,16.0,5.0,1.0,5.0,3.0,9.0,8.0,6.0,1.0,0.0,1.0,1.0,3.0,1.0,26.0,2.0,6.0,5.0,15.0,3.0,1.0,3.5,4.2,3.3,4.5,4.3,3.5,3.7,3.2,3.7,3.4
_,_,_,_,"Kremer, Ulrich",235.0,65.0,1.0,0.0,8.0,26.0,28.0,2.0,1.0,2.0,3.0,24.0,33.0,2.0,2.0,0.0,13.0,25.0,23.0,2.0,1.0,1.0,2.0,23.0,36.0,2.0,1.0,0.0,8.0,17.0,35.0,4.0,2.0,2.0,8.0,25.0,26.0,2.0,1.0,0.0,13.0,27.0,22.0,2.0,1.0,7.0,18.0,21.0,16.0,2.0,2.0,2.0,5.0,20.0,34.0,2.0,1.0,4.0,4.0,31.0,23.0,2.0,4.35,4.449999999999999,4.1,4.5,4.35,4.1,4.15,3.75,4.3,4.15
_,_,_,_,"Shah, Anand",24.0,17.0,0.0,0.0,0.0,7.0,6.0,4.0,0.0,0.0,0.0,9.0,4.0,4.0,0.0,0.0,2.0,6.0,5.0,4.0,0.0,0.0,0.0,7.0,6.0,4.0,0.0,0.0,0.0,6.0,7.0,4.0,0.0,0.0,1.0,9.0,3.0,4.0,0.0,0.0,3.0,5.0,8.0,1.0,0.0,1.0,3.0,5.0,6.0,2.0,0.0,0.0,1.0,5.0,7.0,4.0,0.0,0.0,2.0,9.0,5.0,1.0,4.5,4.3,4.2,4.5,4.5,4.2,4.3,4.1,4.5,4.2
_,_,_,_,"Fan, Xiong",64.0,15.0,4.0,3.0,2.0,4.0,1.0,1.0,2.0,5.0,2.0,4.0,0.0,2.0,3.0,4.0,3.0,3.0,1.0,1.0,1.0,2.0,5.0,4.0,2.0,1.0,3.0,2.0,5.0,3.0,1.0,1.0,5.0,4.0,1.0,2.0,2.0,1.0,5.0,2.0,3.0,3.0,1.0,1.0,0.0,1.0,0.0,5.0,8.0,1.0,7.0,3.0,2.0,2.0,0.0,1.0,6.0,2.0,5.0,1.0,0.0,1.0,2.6,2.6,2.6,3.3,2.8,2.4,2.5,4.4,1.9,2.1
_,_,_,_,"Zhang, Qiong",49.0,38.0,0.0,0.0,4.0,15.0,19.0,0.0,0.0,1.0,4.0,15.0,18.0,0.0,0.0,1.0,8.0,8.0,21.0,0.0,0.0,0.0,4.0,11.0,23.0,0.0,0.0,1.0,4.0,10.0,23.0,0.0,0.0,1.0,8.0,13.0,16.0,0.0,0.0,1.0,5.0,12.0,20.0,0.0,0.0,0.0,7.0,14.0,17.0,0.0,0.0,1.0,7.0,16.0,14.0,0.0,0.0,0.0,9.0,14.0,15.0,0.0,4.4,4.3,4.3,4.5,4.5,4.2,4.3,4.3,4.1,4.2
_,_,_,_,"Wahi, Anjali",184.0,76.0,1.0,5.0,8.0,28.0,14.0,20.0,1.0,3.0,10.0,25.0,17.0,20.0,2.0,7.0,12.0,20.0,15.0,20.0,0.0,2.0,8.0,30.0,16.0,20.0,1.0,2.0,10.0,19.0,16.0,28.0,0.0,9.0,15.0,16.0,16.0,20.0,1.0,5.0,14.0,26.0,13.0,17.0,4.0,5.0,11.0,25.0,14.0,17.0,5.0,7.0,13.0,24.0,19.0,8.0,8.0,6.0,18.0,26.0,14.0,4.0,3.9,4.0,3.7,4.1,4.0,3.7,3.8,3.7,3.7,3.4
_,_,_,_,"Garg, Sumegha",265.0,91.0,3.0,13.0,9.0,32.0,14.0,20.0,4.0,6.0,15.0,31.0,15.0,20.0,5.0,12.0,16.0,28.0,10.0,20.0,3.0,2.0,7.0,38.0,21.0,20.0,3.0,3.0,11.0,36.0,16.0,22.0,6.0,7.0,18.0,27.0,13.0,20.0,2.0,8.0,15.0,34.0,12.0,20.0,5.0,14.0,22.0,21.0,9.0,20.0,11.0,12.0,22.0,29.0,13.0,4.0,9.0,8.0,25.0,31.0,13.0,5.0,3.6,3.7,3.4,4.0,3.9,3.5,3.7,3.2,3.2,3.4
_,_,_,_,"Jing, Eric",31.0,8.0,0.0,0.0,0.0,1.0,0.0,7.0,0.0,0.0,0.0,1.0,0.0,7.0,0.0,0.0,0.0,1.0,0.0,7.0,0.0,0.0,0.0,1.0,0.0,7.0,0.0,0.0,0.0,1.0,0.0,7.0,0.0,0.0,0.0,1.0,0.0,7.0,0.0,0.0,0.0,1.0,6.0,1.0,0.0,2.0,0.0,4.0,1.0,1.0,0.0,0.0,0.0,1.0,1.0,6.0,0.0,0.0,0.0,3.0,5.0,0.0,4.0,4.0,4.0,4.0,4.0,4.0,4.9,3.6,4.5,4.6
