_,_,14:125:201:01,Intro Biomedical Eng,_,482.0,202.0,3.0,2.0,18.0,65.0,104.0,10.0,3.0,5.0,20.0,69.0,93.0,12.0,5.0,11.0,18.0,63.0,92.0,13.0,1.0,1.0,14.0,74.0,100.0,12.0,2.0,8.0,17.0,70.0,91.0,14.0,5.0,4.0,25.0,67.0,89.0,12.0,2.0,5.0,14.0,83.0,88.0,10.0,0.0,1.0,11.0,69.0,111.0,10.0,2.0,7.0,27.0,72.0,87.0,7.0,5.0,7.0,19.0,98.0,66.0,7.0,4.552734375,4.483984375,4.43125,4.640625,4.53671875,4.498828125,4.37421875,4.60390625,4.452734375,4.2515625
_,_,14:125:255:01,System Physiology,_,355.0,109.0,5.0,15.0,20.0,46.0,18.0,5.0,14.0,15.0,21.0,35.0,18.0,6.0,37.0,15.0,19.0,18.0,14.0,6.0,15.0,9.0,24.0,38.0,18.0,5.0,10.0,15.0,31.0,31.0,16.0,6.0,34.0,24.0,23.0,12.0,11.0,5.0,13.0,18.0,23.0,36.0,14.0,5.0,6.0,2.0,19.0,46.0,31.0,5.0,48.0,16.0,22.0,13.0,7.0,3.0,37.0,26.0,16.0,19.0,6.0,5.0,3.2984375000000004,3.0718750000000004,2.3625,3.09375,2.9296875,2.2125,2.8453125000000004,3.83125,1.9718749999999998,1.96875
_,_,14:125:303:01,Biomed Transp Phenom,_,397.0,293.0,12.0,13.0,30.0,118.0,118.0,2.0,17.0,21.0,38.0,104.0,110.0,3.0,16.0,14.0,45.0,108.0,106.0,4.0,17.0,12.0,24.0,88.0,148.0,4.0,11.0,14.0,42.0,114.0,103.0,9.0,19.0,15.0,36.0,120.0,97.0,6.0,12.0,17.0,44.0,112.0,105.0,3.0,21.0,74.0,101.0,63.0,28.0,6.0,18.0,26.0,42.0,85.0,116.0,6.0,25.0,21.0,49.0,107.0,87.0,4.0,3.8109375,3.871875,3.73125,4.104687500000001,3.7109375,3.7609375,3.7203125000000004,3.046875,3.7625,3.43125
_,_,14:125:304:01,Biomaterial,_,256.0,95.0,0.0,0.0,5.0,22.0,67.0,1.0,0.0,2.0,12.0,26.0,54.0,1.0,1.0,0.0,12.0,23.0,58.0,1.0,1.0,1.0,14.0,19.0,59.0,1.0,0.0,5.0,13.0,26.0,48.0,3.0,0.0,4.0,15.0,26.0,48.0,2.0,0.0,1.0,9.0,33.0,49.0,3.0,1.0,5.0,21.0,30.0,34.0,4.0,1.0,2.0,12.0,28.0,52.0,0.0,1.0,3.0,13.0,34.0,42.0,2.0,4.490625,4.112500000000001,4.046875,4.043749999999999,3.89375,3.98125,4.371874999999999,3.875,4.003125,3.84375
_,_,14:125:305:01,Numer Modl&biomd Sys,_,394.0,151.0,0.0,3.0,9.0,50.0,88.0,1.0,3.0,3.0,12.0,50.0,82.0,1.0,1.0,9.0,32.0,48.0,58.0,3.0,0.0,8.0,11.0,51.0,79.0,2.0,4.0,9.0,28.0,56.0,53.0,1.0,2.0,5.0,30.0,56.0,56.0,2.0,0.0,6.0,14.0,62.0,67.0,2.0,9.0,32.0,50.0,34.0,24.0,2.0,2.0,5.0,14.0,65.0,63.0,2.0,3.0,8.0,25.0,63.0,52.0,0.0,4.1625,4.01015625,3.6109375000000004,3.834375,3.72109375,3.71171875,3.859375,3.0796875,3.79609375,3.596875
_,_,14:125:306:01,Biomed Kinet & Therm,_,425.0,117.0,2.0,0.0,14.0,50.0,48.0,3.0,2.0,2.0,14.0,45.0,49.0,5.0,7.0,11.0,30.0,39.0,26.0,4.0,0.0,0.0,16.0,49.0,49.0,3.0,1.0,4.0,12.0,47.0,49.0,4.0,3.0,7.0,31.0,38.0,35.0,3.0,3.0,5.0,19.0,58.0,29.0,3.0,1.0,20.0,42.0,37.0,12.0,5.0,5.0,6.0,20.0,50.0,36.0,0.0,3.0,9.0,27.0,51.0,26.0,1.0,4.23671875,4.146875,3.678125,4.240625,4.19765625,3.80078125,3.684375,3.2515625,3.83671875,3.734375
_,_,14:125:308:01,Biomechanics,_,434.0,138.0,2.0,5.0,28.0,63.0,38.0,2.0,1.0,11.0,21.0,60.0,43.0,2.0,7.0,1.0,25.0,55.0,48.0,2.0,2.0,6.0,21.0,55.0,50.0,4.0,2.0,6.0,22.0,62.0,44.0,2.0,7.0,3.0,33.0,53.0,40.0,2.0,3.0,6.0,15.0,69.0,41.0,4.0,3.0,16.0,35.0,51.0,29.0,4.0,8.0,4.0,27.0,61.0,37.0,1.0,6.0,8.0,32.0,55.0,34.0,3.0,3.94296875,3.95078125,3.9664062500000004,3.9765625,3.9890624999999997,3.8296875,3.9421875,3.5484375,3.8078125,3.77890625
_,_,14:125:309:01,Bme Devices & System,_,468.0,126.0,8.0,22.0,32.0,46.0,13.0,5.0,3.0,26.0,32.0,43.0,18.0,4.0,20.0,31.0,31.0,26.0,15.0,3.0,2.0,5.0,32.0,56.0,28.0,3.0,9.0,17.0,29.0,48.0,18.0,5.0,17.0,29.0,38.0,27.0,12.0,3.0,14.0,20.0,41.0,31.0,15.0,5.0,15.0,27.0,44.0,22.0,12.0,6.0,21.0,24.0,30.0,32.0,16.0,3.0,23.0,19.0,38.0,29.0,14.0,3.0,3.5625,3.6624999999999996,3.2625,4.1,3.6624999999999996,3.2,3.2625,2.875,3.4875,3.3375
_,_,14:125:310:02,Bme Device & Sys Lab,_,461.0,116.0,6.0,9.0,26.0,47.0,22.0,6.0,2.0,11.0,28.0,39.0,31.0,5.0,9.0,20.0,32.0,31.0,19.0,5.0,2.0,5.0,26.0,42.0,36.0,5.0,7.0,13.0,25.0,43.0,18.0,10.0,9.0,19.0,32.0,32.0,19.0,5.0,9.0,12.0,43.0,32.0,12.0,8.0,10.0,21.0,45.0,25.0,8.0,7.0,11.0,22.0,26.0,36.0,14.0,7.0,11.0,22.0,33.0,36.0,10.0,4.0,4.33651123046875,4.5814056396484375,4.1524810791015625,4.589779663085937,4.13165283203125,4.13043212890625,3.8914733886718746,3.1551727294921874,4.150421142578125,3.883148193359375
_,_,14:125:401:01,Senior Design I Lec,_,467.0,285.0,4.0,6.0,31.0,101.0,138.0,5.0,3.0,12.0,34.0,108.0,123.0,5.0,8.0,26.0,65.0,91.0,88.0,7.0,4.0,4.0,29.0,118.0,126.0,4.0,6.0,9.0,49.0,120.0,91.0,10.0,10.0,24.0,62.0,96.0,83.0,10.0,13.0,35.0,71.0,100.0,64.0,2.0,8.0,29.0,87.0,85.0,72.0,4.0,5.0,17.0,58.0,109.0,93.0,3.0,14.0,30.0,73.0,107.0,59.0,2.0,4.175000000000001,4.2,3.7625,4.1375,4.1,3.825,3.575,3.8625,3.9749999999999996,3.625
_,_,14:125:403:01,Cardiovasc Eng,_,164.0,97.0,0.0,3.0,5.0,27.0,59.0,3.0,1.0,2.0,5.0,33.0,54.0,2.0,1.0,4.0,8.0,32.0,49.0,3.0,0.0,1.0,2.0,23.0,69.0,2.0,1.0,2.0,8.0,23.0,61.0,2.0,2.0,2.0,13.0,26.0,52.0,2.0,1.0,1.0,12.0,41.0,40.0,2.0,0.0,1.0,21.0,29.0,44.0,2.0,2.0,3.0,11.0,29.0,51.0,1.0,2.0,3.0,8.0,35.0,47.0,2.0,4.574999999999999,4.5,4.425,4.7,4.550000000000001,4.4,4.325,4.2,4.375,4.4
_,_,14:125:409:01,Intro To Prosthetics,_,157.0,60.0,4.0,3.0,4.0,7.0,42.0,0.0,6.0,2.0,1.0,12.0,39.0,0.0,3.0,4.0,3.0,9.0,41.0,0.0,2.0,2.0,3.0,12.0,39.0,2.0,3.0,1.0,4.0,13.0,38.0,1.0,3.0,3.0,5.0,8.0,40.0,1.0,4.0,3.0,3.0,9.0,40.0,1.0,1.0,0.0,2.0,15.0,41.0,1.0,8.0,1.0,3.0,7.0,41.0,0.0,6.0,2.0,3.0,11.0,37.0,1.0,4.5,4.449999999999999,4.4875,4.574999999999999,4.475,4.449999999999999,4.5,4.6625,4.4375,4.3625
_,_,14:125:411:01,Bioelectric Systems,_,133.0,77.0,0.0,0.0,3.0,29.0,40.0,5.0,0.0,1.0,6.0,21.0,44.0,5.0,0.0,1.0,13.0,21.0,37.0,5.0,0.0,0.0,3.0,22.0,47.0,5.0,0.0,4.0,4.0,25.0,38.0,6.0,1.0,1.0,10.0,22.0,38.0,5.0,0.0,2.0,12.0,25.0,33.0,5.0,0.0,5.0,16.0,26.0,24.0,6.0,0.0,2.0,10.0,25.0,39.0,1.0,1.0,1.0,10.0,26.0,38.0,1.0,4.4875,4.5125,4.35,4.6375,4.4375,4.387499999999999,4.3125,4.0125,4.4125,4.3875
_,_,14:125:417:01,Musculoskeletal Mech,_,110.0,62.0,1.0,1.0,2.0,24.0,34.0,0.0,0.0,0.0,4.0,23.0,35.0,0.0,0.0,3.0,4.0,23.0,32.0,0.0,0.0,0.0,2.0,17.0,42.0,1.0,0.0,1.0,6.0,15.0,40.0,0.0,0.0,4.0,5.0,23.0,29.0,1.0,0.0,1.0,2.0,24.0,34.0,1.0,0.0,0.0,4.0,29.0,29.0,0.0,0.0,2.0,3.0,18.0,38.0,1.0,0.0,3.0,4.0,18.0,37.0,0.0,4.35625,4.38125,4.30625,4.6375,4.449999999999999,4.1625,4.4625,4.375,4.43125,4.59375
_,_,14:125:433:01,Fund Of Tissue Engg,_,206.0,149.0,1.0,3.0,11.0,61.0,72.0,1.0,0.0,1.0,13.0,66.0,69.0,0.0,1.0,3.0,18.0,53.0,74.0,0.0,0.0,0.0,5.0,51.0,92.0,1.0,0.0,2.0,23.0,58.0,62.0,4.0,1.0,3.0,30.0,59.0,55.0,1.0,0.0,7.0,23.0,63.0,55.0,1.0,0.0,4.0,15.0,61.0,69.0,0.0,2.0,3.0,29.0,64.0,51.0,0.0,1.0,3.0,31.0,63.0,50.0,1.0,4.3125,4.275,4.3375,4.5375,4.25,4.025,4.0125,4.2875,3.9375,4.0375
_,_,14:125:445:01,Prin Drug Delivery,_,250.0,207.0,0.0,0.0,2.0,40.0,165.0,0.0,1.0,1.0,3.0,38.0,162.0,2.0,0.0,1.0,5.0,43.0,155.0,3.0,0.0,1.0,3.0,39.0,164.0,0.0,0.0,1.0,10.0,57.0,138.0,1.0,0.0,1.0,9.0,50.0,146.0,1.0,1.0,0.0,7.0,76.0,121.0,2.0,2.0,4.0,37.0,79.0,82.0,3.0,0.0,0.0,4.0,45.0,156.0,2.0,0.0,1.0,7.0,68.0,129.0,2.0,4.75625,4.6812499999999995,4.6125,4.66875,4.475,4.58125,4.5125,4.025,4.65625,4.425
_,_,14:125:465:01,Bme Microfluidics,_,51.0,22.0,0.0,0.0,0.0,4.0,18.0,0.0,0.0,0.0,0.0,3.0,19.0,0.0,0.0,0.0,3.0,3.0,16.0,0.0,0.0,1.0,0.0,3.0,16.0,2.0,0.0,1.0,0.0,5.0,16.0,0.0,0.0,0.0,2.0,9.0,11.0,0.0,0.0,0.0,0.0,9.0,13.0,0.0,0.0,2.0,6.0,5.0,9.0,0.0,0.0,0.0,2.0,10.0,10.0,0.0,0.0,1.0,1.0,9.0,11.0,0.0,4.9,4.9125,4.55,4.8375,4.825,4.45,4.55,3.6875,4.4625,4.425
_,_,14:155:201:01,Cheme Mat Energy Bal,_,184.0,154.0,10.0,13.0,12.0,53.0,65.0,1.0,7.0,15.0,19.0,48.0,64.0,1.0,11.0,13.0,35.0,46.0,47.0,2.0,1.0,5.0,21.0,49.0,77.0,1.0,6.0,9.0,38.0,44.0,52.0,5.0,9.0,19.0,28.0,46.0,49.0,3.0,7.0,12.0,20.0,56.0,58.0,1.0,3.0,8.0,42.0,57.0,42.0,2.0,21.0,14.0,23.0,43.0,52.0,1.0,17.0,15.0,21.0,58.0,42.0,1.0,3.3125,3.4750000000000005,3.3375000000000004,4.1375,3.625,3.3124999999999996,3.4375,3.825,3.0,3.0
_,_,14:155:298:01,Prof Skills Dev,_,298.0,154.0,0.0,0.0,2.0,32.0,115.0,5.0,0.0,0.0,3.0,24.0,120.0,7.0,0.0,2.0,5.0,29.0,111.0,7.0,0.0,0.0,3.0,21.0,124.0,6.0,0.0,1.0,8.0,27.0,99.0,19.0,0.0,1.0,2.0,35.0,109.0,7.0,0.0,2.0,14.0,42.0,90.0,6.0,3.0,5.0,35.0,39.0,67.0,5.0,1.0,0.0,4.0,32.0,114.0,3.0,1.0,1.0,7.0,39.0,105.0,1.0,4.699999999999999,4.762499999999999,4.5875,4.725,4.6625,4.6875,4.4375,4.0875,4.737500000000001,4.5625
_,_,14:155:303:01,Trans Phen Chem E I,_,466.0,185.0,4.0,10.0,16.0,57.0,89.0,9.0,3.0,6.0,18.0,48.0,100.0,10.0,5.0,5.0,24.0,48.0,92.0,11.0,2.0,2.0,17.0,45.0,110.0,9.0,5.0,3.0,15.0,32.0,101.0,29.0,3.0,8.0,24.0,53.0,84.0,13.0,4.0,10.0,15.0,58.0,94.0,4.0,9.0,16.0,50.0,61.0,44.0,5.0,3.0,10.0,16.0,60.0,88.0,8.0,10.0,11.0,16.0,77.0,68.0,3.0,4.40625,4.396875,4.3375,4.565625,4.55625,4.359375,4.346875,3.60625,4.375,4.09375
_,_,14:155:307:01,Cheme Comp Method,_,305.0,111.0,2.0,8.0,11.0,43.0,46.0,1.0,9.0,7.0,27.0,29.0,36.0,3.0,6.0,9.0,24.0,32.0,39.0,1.0,5.0,12.0,22.0,32.0,39.0,1.0,2.0,10.0,13.0,42.0,41.0,3.0,8.0,8.0,20.0,39.0,35.0,1.0,4.0,3.0,10.0,49.0,43.0,2.0,8.0,13.0,40.0,23.0,24.0,3.0,8.0,10.0,20.0,39.0,33.0,1.0,11.0,6.0,27.0,34.0,32.0,1.0,4.60859375,4.559374999999999,4.34765625,4.393750000000001,4.5546875,4.384375,4.453125,3.5109375,4.3953125,4.3375
_,_,14:155:309:01,Chem Eng Thermo II,_,304.0,112.0,0.0,2.0,3.0,22.0,83.0,2.0,0.0,1.0,7.0,20.0,83.0,1.0,1.0,1.0,8.0,32.0,69.0,1.0,0.0,0.0,6.0,28.0,77.0,1.0,3.0,10.0,11.0,20.0,65.0,3.0,0.0,3.0,10.0,24.0,74.0,1.0,0.0,4.0,9.0,29.0,69.0,1.0,3.0,9.0,26.0,39.0,32.0,3.0,2.0,1.0,9.0,24.0,76.0,0.0,2.0,4.0,9.0,29.0,67.0,1.0,4.7125,4.75,4.5874999999999995,4.6875,4.475,4.6375,4.55,3.6875,4.6125,4.55
_,_,14:155:411:01,Biochemical Engg,_,536.0,468.0,1.0,8.0,26.0,184.0,241.0,8.0,3.0,12.0,55.0,178.0,211.0,9.0,8.0,29.0,73.0,176.0,172.0,10.0,3.0,0.0,38.0,181.0,236.0,10.0,15.0,27.0,65.0,176.0,172.0,13.0,12.0,28.0,81.0,185.0,152.0,10.0,8.0,34.0,88.0,215.0,107.0,16.0,35.0,59.0,103.0,145.0,108.0,18.0,8.0,24.0,61.0,215.0,153.0,7.0,13.0,37.0,89.0,210.0,112.0,7.0,4.85166015625,4.72958984375,4.575976562499999,4.73447265625,4.258203125,4.40712890625,4.452929687499999,4.0490234375,4.4683593749999995,4.4005859375
_,_,14:155:415:01,Proc Engg Lab I,_,462.0,303.0,2.0,16.0,25.0,112.0,133.0,15.0,8.0,19.0,34.0,89.0,138.0,15.0,6.0,9.0,41.0,97.0,135.0,15.0,4.0,6.0,27.0,79.0,172.0,15.0,25.0,39.0,66.0,94.0,63.0,16.0,9.0,18.0,44.0,109.0,104.0,19.0,14.0,14.0,55.0,119.0,85.0,16.0,6.0,21.0,92.0,111.0,57.0,16.0,15.0,16.0,44.0,113.0,103.0,12.0,21.0,23.0,44.0,133.0,71.0,11.0,4.3640625,4.4390624999999995,4.290625,4.582812499999999,4.378125,4.25625,3.8140625,4.03125,4.234375,3.8765625000000004
_,_,14:155:422:01,Proc Sim Ctrl,_,338.0,177.0,1.0,8.0,29.0,78.0,58.0,3.0,0.0,3.0,20.0,67.0,84.0,3.0,5.0,15.0,33.0,66.0,57.0,1.0,0.0,1.0,13.0,62.0,99.0,2.0,2.0,7.0,30.0,67.0,67.0,4.0,7.0,13.0,31.0,66.0,57.0,3.0,6.0,7.0,30.0,70.0,59.0,5.0,11.0,30.0,67.0,47.0,19.0,3.0,7.0,16.0,28.0,67.0,59.0,0.0,11.0,17.0,31.0,62.0,53.0,3.0,4.1,4.3375,3.9125,4.475,4.4125,4.025,4.1625,3.2874999999999996,4.0375,3.925
_,_,14:155:427:01,Cheme Design I,_,72.0,42.0,0.0,3.0,3.0,12.0,22.0,2.0,1.0,2.0,5.0,14.0,20.0,0.0,1.0,2.0,3.0,15.0,21.0,0.0,0.0,3.0,4.0,18.0,17.0,0.0,0.0,0.0,6.0,18.0,18.0,0.0,1.0,2.0,4.0,17.0,18.0,0.0,2.0,1.0,4.0,11.0,24.0,0.0,0.0,3.0,7.0,18.0,14.0,0.0,1.0,3.0,4.0,16.0,18.0,0.0,0.0,5.0,6.0,13.0,18.0,0.0,4.3,4.2,4.3,4.2,4.3,4.2,4.3,4.0,4.1,4.1
_,_,14:180:243:01,Mechanics Of Solids,_,263.0,88.0,1.0,2.0,13.0,39.0,30.0,3.0,1.0,2.0,19.0,35.0,26.0,5.0,1.0,9.0,12.0,31.0,30.0,5.0,0.0,1.0,17.0,34.0,32.0,4.0,1.0,2.0,14.0,35.0,29.0,7.0,1.0,7.0,22.0,30.0,24.0,4.0,0.0,2.0,13.0,36.0,33.0,4.0,2.0,4.0,34.0,27.0,16.0,5.0,5.0,6.0,20.0,32.0,24.0,1.0,2.0,5.0,22.0,37.0,21.0,1.0,4.1859375,3.971875,3.8656249999999996,4.084375,4.1546875,3.81875,4.246875,3.65,3.753125,3.7874999999999996
_,_,14:180:305:01,Construction Engg,_,331.0,130.0,1.0,1.0,4.0,15.0,107.0,2.0,1.0,0.0,1.0,9.0,117.0,2.0,1.0,0.0,2.0,8.0,116.0,3.0,1.0,0.0,1.0,8.0,118.0,2.0,1.0,0.0,1.0,9.0,117.0,2.0,1.0,0.0,3.0,13.0,110.0,3.0,1.0,0.0,3.0,28.0,95.0,3.0,4.0,11.0,20.0,39.0,53.0,3.0,0.0,0.0,1.0,13.0,115.0,1.0,0.0,0.0,1.0,14.0,113.0,2.0,4.737500000000001,4.8375,4.824999999999999,4.8375,4.8125,4.7,4.6,4.1375,4.825,4.9
_,_,14:180:318:01,Elemts Of Structures,_,313.0,97.0,2.0,17.0,27.0,22.0,26.0,3.0,7.0,15.0,32.0,16.0,24.0,3.0,9.0,8.0,33.0,21.0,23.0,3.0,2.0,2.0,19.0,39.0,32.0,3.0,1.0,6.0,14.0,32.0,41.0,3.0,3.0,17.0,31.0,22.0,21.0,3.0,4.0,12.0,25.0,26.0,27.0,3.0,0.0,3.0,20.0,39.0,32.0,3.0,11.0,14.0,31.0,19.0,21.0,1.0,10.0,13.0,29.0,21.0,23.0,1.0,3.7249999999999996,3.5374999999999996,3.5375,4.025,4.237500000000001,3.5625,3.8625000000000003,4.0,3.525,3.5375
_,_,14:180:331:01,Elemts Environm Engg,_,31.0,9.0,1.0,0.0,1.0,2.0,5.0,0.0,1.0,0.0,0.0,2.0,6.0,0.0,0.0,0.0,1.0,1.0,7.0,0.0,0.0,0.0,0.0,2.0,7.0,0.0,1.0,0.0,0.0,2.0,6.0,0.0,0.0,0.0,0.0,2.0,7.0,0.0,0.0,1.0,0.0,2.0,6.0,0.0,0.0,0.0,1.0,2.0,6.0,0.0,0.0,1.0,0.0,2.0,6.0,0.0,1.0,0.0,1.0,0.0,7.0,0.0,4.6625,4.75,4.875,4.925,4.75,4.9125,4.8,4.8375,4.8,4.75
_,_,14:180:387:01,Fluid Mechanics,_,341.0,156.0,8.0,9.0,20.0,37.0,79.0,3.0,12.0,10.0,26.0,58.0,47.0,3.0,10.0,15.0,26.0,58.0,43.0,4.0,6.0,6.0,20.0,62.0,58.0,4.0,5.0,4.0,17.0,61.0,66.0,3.0,13.0,8.0,29.0,56.0,47.0,3.0,7.0,15.0,17.0,57.0,57.0,3.0,10.0,44.0,52.0,30.0,17.0,3.0,16.0,12.0,27.0,48.0,51.0,2.0,20.0,11.0,27.0,58.0,38.0,2.0,3.85,3.70625,3.55625,4.050000000000001,4.33125,3.68125,3.8062499999999995,2.9625,3.4499999999999997,3.375
_,_,14:180:406:01,Construc Eng Managmt,_,157.0,70.0,4.0,3.0,6.0,23.0,34.0,0.0,4.0,4.0,11.0,16.0,35.0,0.0,6.0,2.0,7.0,19.0,36.0,0.0,3.0,2.0,4.0,21.0,38.0,2.0,1.0,3.0,10.0,19.0,37.0,0.0,7.0,3.0,7.0,23.0,30.0,0.0,1.0,1.0,11.0,25.0,31.0,1.0,1.0,0.0,6.0,29.0,33.0,1.0,5.0,5.0,7.0,20.0,31.0,2.0,5.0,4.0,7.0,24.0,29.0,1.0,4.2125,4.1375,4.1125,4.4125,4.25,3.95,4.225,4.3125,3.9749999999999996,3.95
_,_,14:180:411:01,Reinforced Concrete,_,300.0,108.0,1.0,5.0,10.0,34.0,56.0,2.0,2.0,7.0,20.0,28.0,49.0,2.0,0.0,3.0,15.0,30.0,58.0,2.0,0.0,6.0,15.0,29.0,56.0,2.0,0.0,2.0,11.0,29.0,64.0,2.0,1.0,3.0,16.0,33.0,52.0,3.0,0.0,3.0,12.0,34.0,57.0,2.0,1.0,6.0,23.0,41.0,34.0,3.0,2.0,3.0,16.0,31.0,54.0,2.0,2.0,2.0,17.0,28.0,57.0,2.0,4.25,3.875,4.275,4.225,4.35,4.2375,4.2875,3.7,4.1375,4.1875
_,_,14:180:413:01,Theory Indeter Struc,_,50.0,21.0,0.0,0.0,0.0,5.0,16.0,0.0,0.0,0.0,0.0,3.0,18.0,0.0,0.0,0.0,0.0,2.0,19.0,0.0,0.0,0.0,0.0,2.0,19.0,0.0,0.0,0.0,0.0,2.0,19.0,0.0,0.0,0.0,0.0,3.0,18.0,0.0,0.0,0.0,0.0,2.0,18.0,1.0,0.0,0.0,0.0,4.0,16.0,1.0,0.0,0.0,0.0,3.0,18.0,0.0,0.0,0.0,0.0,4.0,16.0,1.0,4.375,4.5875,4.6,4.9625,4.8375,4.95,4.9625,4.9375,4.4,4.375
_,_,14:180:429:01,Water&wastewtr Engg,_,326.0,121.0,2.0,16.0,19.0,39.0,43.0,2.0,3.0,11.0,16.0,37.0,52.0,2.0,3.0,5.0,18.0,37.0,55.0,3.0,3.0,6.0,16.0,35.0,59.0,2.0,0.0,3.0,16.0,41.0,59.0,2.0,4.0,7.0,22.0,39.0,47.0,2.0,2.0,12.0,14.0,51.0,40.0,2.0,9.0,29.0,32.0,19.0,29.0,3.0,6.0,12.0,21.0,35.0,44.0,3.0,6.0,9.0,22.0,39.0,43.0,2.0,4.0,4.15,4.275,4.325,4.275,4.112500000000001,3.975,3.425,3.9749999999999996,4.0375
_,_,14:180:430:01,Intro Trans Planning,_,336.0,257.0,9.0,25.0,45.0,92.0,81.0,5.0,3.0,15.0,37.0,95.0,101.0,6.0,11.0,21.0,50.0,76.0,90.0,9.0,2.0,5.0,28.0,93.0,124.0,5.0,1.0,6.0,37.0,104.0,99.0,10.0,6.0,24.0,64.0,87.0,68.0,8.0,10.0,35.0,54.0,101.0,51.0,6.0,27.0,60.0,62.0,58.0,40.0,10.0,15.0,32.0,56.0,73.0,74.0,7.0,15.0,35.0,56.0,86.0,62.0,3.0,3.7625,4.0125,3.7625,4.2,4.175,3.7250000000000005,3.5,3.075,3.5375,3.4875
_,_,14:180:473:01,Foundation Engg,_,327.0,115.0,2.0,4.0,15.0,38.0,50.0,6.0,6.0,2.0,19.0,36.0,45.0,7.0,5.0,10.0,19.0,36.0,39.0,6.0,2.0,7.0,13.0,45.0,42.0,6.0,2.0,6.0,19.0,40.0,40.0,8.0,5.0,7.0,24.0,40.0,32.0,7.0,3.0,8.0,28.0,41.0,30.0,5.0,8.0,19.0,33.0,26.0,23.0,6.0,4.0,9.0,22.0,40.0,36.0,4.0,3.0,7.0,32.0,36.0,33.0,4.0,4.0375,3.925,3.825,3.9750000000000005,3.925,3.7,3.6875,3.3875,3.825,3.7625
_,_,14:332:221:01,Prin Elec Engg I,_,953.0,556.0,3.0,10.0,38.0,205.0,279.0,21.0,3.0,9.0,53.0,206.0,267.0,18.0,5.0,19.0,72.0,195.0,246.0,19.0,1.0,6.0,54.0,191.0,281.0,23.0,8.0,31.0,93.0,180.0,221.0,23.0,6.0,18.0,95.0,204.0,212.0,21.0,6.0,9.0,59.0,224.0,240.0,18.0,10.0,34.0,119.0,200.0,173.0,20.0,11.0,18.0,64.0,201.0,244.0,18.0,17.0,26.0,82.0,235.0,177.0,19.0,4.1375,4.081250000000001,4.00625,4.125,3.9187499999999997,3.88125,4.09375,3.99375,3.8062499999999995,3.8312500000000003
_,_,14:332:222:01,Prin Elec Engg II,_,669.0,199.0,7.0,9.0,11.0,78.0,86.0,8.0,3.0,5.0,11.0,70.0,102.0,8.0,4.0,5.0,14.0,58.0,111.0,7.0,3.0,1.0,10.0,59.0,119.0,7.0,6.0,5.0,19.0,65.0,94.0,10.0,5.0,8.0,13.0,69.0,94.0,10.0,2.0,8.0,19.0,68.0,91.0,11.0,6.0,9.0,42.0,74.0,59.0,9.0,9.0,8.0,15.0,66.0,98.0,3.0,9.0,10.0,21.0,72.0,83.0,4.0,4.103125,4.3625,4.324999999999999,4.4609375,4.2265625,4.2484375,4.246874999999999,4.0078125,4.19375,4.04375
_,_,14:332:231:01,Digital Logic Design,_,993.0,358.0,33.0,42.0,50.0,96.0,113.0,24.0,24.0,26.0,68.0,111.0,106.0,23.0,31.0,16.0,66.0,101.0,118.0,26.0,16.0,9.0,51.0,129.0,129.0,24.0,12.0,19.0,59.0,109.0,135.0,24.0,30.0,39.0,65.0,93.0,107.0,24.0,22.0,30.0,50.0,109.0,126.0,21.0,10.0,22.0,80.0,124.0,100.0,22.0,53.0,25.0,68.0,98.0,92.0,22.0,47.0,27.0,69.0,105.0,92.0,18.0,3.9578125,3.83125,3.946875,4.1921875,3.7359375000000004,3.8296875,3.9578125,3.815625,3.5921874999999996,3.5093750000000004
_,_,14:332:312:01,Discrete Math Ece,_,446.0,135.0,9.0,22.0,22.0,35.0,43.0,4.0,21.0,21.0,20.0,24.0,42.0,7.0,22.0,17.0,21.0,29.0,41.0,5.0,19.0,17.0,21.0,28.0,44.0,6.0,13.0,14.0,26.0,30.0,47.0,5.0,24.0,20.0,17.0,32.0,37.0,5.0,18.0,16.0,18.0,41.0,37.0,5.0,13.0,24.0,29.0,32.0,32.0,5.0,32.0,17.0,15.0,29.0,38.0,4.0,30.0,17.0,21.0,30.0,34.0,3.0,4.0453125,3.9921875,3.940625,4.009375,4.0671875,3.9015625,3.8953125,3.71875,3.9859375,3.928125
_,_,14:332:331:01,Comp Arch & Asm Lang,_,964.0,284.0,3.0,10.0,29.0,78.0,154.0,10.0,4.0,14.0,23.0,73.0,159.0,11.0,5.0,10.0,40.0,68.0,148.0,13.0,5.0,5.0,21.0,78.0,164.0,11.0,4.0,16.0,48.0,78.0,126.0,12.0,10.0,11.0,43.0,80.0,129.0,11.0,8.0,5.0,31.0,93.0,133.0,14.0,12.0,29.0,62.0,87.0,83.0,11.0,11.0,18.0,39.0,76.0,134.0,6.0,8.0,23.0,32.0,91.0,123.0,7.0,3.7203125000000004,3.9250000000000003,3.840625,4.557812500000001,4.2109375,4.0625,3.846875,3.8953125,3.55625,3.5015625
_,_,14:332:345:01,Linear Sys & Signals,_,1159.0,460.0,6.0,12.0,43.0,134.0,193.0,72.0,6.0,5.0,37.0,156.0,177.0,79.0,13.0,15.0,64.0,130.0,163.0,75.0,4.0,3.0,38.0,142.0,199.0,74.0,5.0,12.0,41.0,144.0,180.0,78.0,13.0,15.0,65.0,148.0,143.0,76.0,12.0,17.0,71.0,167.0,116.0,77.0,27.0,64.0,139.0,96.0,57.0,77.0,14.0,17.0,55.0,157.0,142.0,75.0,15.0,23.0,70.0,171.0,105.0,76.0,4.057748413085937,4.282888793945313,3.534405517578125,4.313748168945313,4.149160766601563,3.8197906494140623,3.8751220703125,3.509912109375,3.6115051269531246,3.5532104492187497
_,_,14:332:361:01,Electronics Devices,_,922.0,442.0,11.0,17.0,55.0,160.0,183.0,16.0,9.0,21.0,40.0,126.0,227.0,19.0,15.0,19.0,76.0,128.0,186.0,18.0,11.0,8.0,37.0,132.0,235.0,19.0,14.0,12.0,62.0,158.0,174.0,22.0,19.0,16.0,83.0,131.0,176.0,17.0,7.0,21.0,59.0,173.0,167.0,15.0,23.0,47.0,115.0,118.0,126.0,13.0,15.0,19.0,66.0,141.0,184.0,17.0,20.0,34.0,80.0,145.0,154.0,9.0,4.4828125,4.535937499999999,4.3609375,4.61875,4.3828125,4.3015625,4.3390625,3.7703125,4.3296875,4.192187499999999
_,_,14:332:366:01,Digital Electronics,_,274.0,145.0,3.0,4.0,13.0,36.0,86.0,3.0,3.0,4.0,12.0,38.0,82.0,6.0,2.0,7.0,14.0,41.0,77.0,4.0,4.0,3.0,9.0,40.0,84.0,5.0,2.0,3.0,14.0,52.0,67.0,7.0,5.0,4.0,21.0,40.0,71.0,4.0,4.0,4.0,15.0,48.0,69.0,5.0,5.0,10.0,34.0,58.0,33.0,5.0,5.0,7.0,13.0,39.0,77.0,4.0,6.0,5.0,20.0,53.0,58.0,3.0,4.475,4.459375,4.4156249999999995,4.4875,4.315625000000001,4.2875,4.3875,3.840625,4.31875,4.165625
_,_,14:332:373:01,Elem of Elec Engg,_,135.0,66.0,1.0,0.0,6.0,24.0,35.0,0.0,1.0,0.0,5.0,20.0,40.0,0.0,1.0,2.0,12.0,17.0,33.0,1.0,0.0,0.0,5.0,16.0,45.0,0.0,0.0,0.0,7.0,23.0,35.0,1.0,1.0,3.0,11.0,19.0,32.0,0.0,2.0,3.0,8.0,25.0,28.0,0.0,8.0,17.0,15.0,15.0,10.0,1.0,0.0,2.0,7.0,28.0,29.0,0.0,1.0,3.0,11.0,31.0,20.0,0.0,4.6375,4.675,4.3875,4.7125,4.5875,4.3,4.2125,3.3874999999999997,4.4875,4.324999999999999
_,_,14:332:402:01,Sustainable Energy,_,874.0,249.0,3.0,2.0,19.0,77.0,138.0,10.0,2.0,8.0,24.0,74.0,131.0,10.0,4.0,4.0,28.0,76.0,125.0,12.0,4.0,5.0,19.0,71.0,138.0,12.0,1.0,1.0,28.0,71.0,129.0,19.0,7.0,7.0,33.0,73.0,114.0,15.0,4.0,5.0,28.0,102.0,95.0,15.0,3.0,18.0,50.0,86.0,77.0,15.0,6.0,5.0,23.0,84.0,120.0,11.0,7.0,6.0,21.0,103.0,97.0,15.0,4.2749999999999995,4.125,4.1625,4.15,4.25,3.975,4.0625,3.8,4.074999999999999,4.0
_,_,14:332:417:01,Control Systm Design,_,122.0,46.0,0.0,3.0,5.0,16.0,22.0,0.0,1.0,3.0,6.0,11.0,25.0,0.0,1.0,5.0,10.0,10.0,20.0,0.0,1.0,1.0,4.0,15.0,25.0,0.0,3.0,2.0,4.0,11.0,26.0,0.0,8.0,2.0,10.0,9.0,17.0,0.0,3.0,3.0,8.0,14.0,18.0,0.0,3.0,3.0,7.0,17.0,16.0,0.0,5.0,4.0,10.0,10.0,17.0,0.0,6.0,7.0,9.0,10.0,14.0,0.0,4.2875,4.3125,3.8499999999999996,4.25,3.4625000000000004,3.225,3.5999999999999996,3.8375000000000004,3.375,2.9000000000000004
_,_,14:332:421:01,Wireless Commun Sys,_,69.0,36.0,1.0,7.0,7.0,8.0,12.0,1.0,0.0,2.0,5.0,14.0,13.0,2.0,3.0,2.0,13.0,6.0,11.0,1.0,0.0,2.0,6.0,14.0,13.0,1.0,0.0,1.0,6.0,12.0,16.0,1.0,1.0,5.0,10.0,9.0,10.0,1.0,1.0,6.0,7.0,12.0,9.0,1.0,1.0,2.0,12.0,13.0,7.0,1.0,2.0,9.0,7.0,6.0,11.0,1.0,3.0,7.0,9.0,6.0,10.0,1.0,4.15,4.4625,4.0625,4.35,4.4625,4.1375,4.2,3.975,4.1,4.075
_,_,14:332:424:01,Intro-Info&netw Sec,_,589.0,165.0,0.0,2.0,6.0,42.0,107.0,8.0,0.0,0.0,4.0,40.0,112.0,9.0,1.0,2.0,8.0,38.0,108.0,8.0,0.0,0.0,2.0,40.0,114.0,9.0,0.0,0.0,7.0,33.0,114.0,11.0,1.0,2.0,12.0,38.0,103.0,9.0,2.0,4.0,12.0,59.0,78.0,10.0,1.0,8.0,20.0,51.0,73.0,12.0,0.0,2.0,7.0,36.0,111.0,9.0,0.0,1.0,10.0,50.0,92.0,12.0,4.4875,4.5375,4.4125,4.574999999999999,4.5625,4.35,4.1875,4.050000000000001,4.475,4.35
_,_,14:332:435:02,Topics In Ece: Computing Principle For Mobile Embe,_,485.0,191.0,1.0,1.0,3.0,36.0,140.0,10.0,1.0,2.0,5.0,30.0,143.0,10.0,2.0,2.0,16.0,30.0,131.0,10.0,2.0,1.0,4.0,35.0,136.0,13.0,2.0,1.0,1.0,31.0,144.0,12.0,2.0,2.0,13.0,37.0,126.0,11.0,1.0,2.0,16.0,46.0,113.0,13.0,2.0,1.0,20.0,41.0,114.0,13.0,2.0,4.0,8.0,36.0,135.0,6.0,2.0,2.0,12.0,45.0,122.0,8.0,4.54296875,4.648242187499999,4.5284179687499995,4.725390625,4.73779296875,4.36474609375,4.59072265625,4.596484374999999,4.483984375,4.49384765625
_,_,14:332:436:06,Topics In Ece: Biomedical Tech Design & Develop,_,183.0,136.0,1.0,1.0,7.0,33.0,92.0,2.0,1.0,1.0,6.0,32.0,94.0,2.0,1.0,2.0,11.0,26.0,93.0,3.0,1.0,1.0,2.0,31.0,99.0,2.0,1.0,1.0,9.0,34.0,88.0,3.0,1.0,0.0,11.0,41.0,79.0,4.0,0.0,1.0,15.0,51.0,66.0,3.0,1.0,5.0,33.0,44.0,48.0,5.0,2.0,1.0,8.0,39.0,84.0,2.0,0.0,0.0,7.0,54.0,73.0,2.0,4.696875,4.8125,4.784375000000001,4.83125,4.49375,4.653124999999999,4.4875,4.01875,4.565625,4.63125
_,_,14:332:437:01,Digital Syst Design,_,698.0,179.0,13.0,11.0,34.0,63.0,45.0,13.0,15.0,7.0,38.0,52.0,55.0,12.0,23.0,22.0,35.0,49.0,37.0,13.0,13.0,8.0,36.0,62.0,47.0,13.0,7.0,5.0,29.0,74.0,48.0,16.0,18.0,23.0,35.0,53.0,35.0,15.0,13.0,16.0,35.0,60.0,40.0,15.0,12.0,17.0,48.0,40.0,46.0,16.0,23.0,18.0,39.0,47.0,37.0,15.0,25.0,16.0,38.0,47.0,38.0,15.0,4.05,4.1,3.88125,4.0125,4.15625,3.86875,3.8312500000000003,3.8562499999999997,3.85,3.825
_,_,14:332:445:01,Topics In Ece: Machine Learning For Engineers,_,120.0,72.0,2.0,0.0,4.0,10.0,55.0,1.0,1.0,0.0,1.0,13.0,56.0,1.0,2.0,1.0,5.0,20.0,43.0,1.0,1.0,2.0,2.0,12.0,54.0,1.0,2.0,1.0,5.0,20.0,43.0,1.0,1.0,2.0,5.0,20.0,43.0,1.0,2.0,1.0,6.0,14.0,48.0,1.0,2.0,0.0,6.0,25.0,38.0,1.0,2.0,0.0,7.0,12.0,50.0,1.0,2.0,1.0,7.0,20.0,41.0,1.0,4.828125,4.878125,4.81875,4.859375,4.7375,4.753125,4.790625,4.75625,4.75,4.715625
_,_,14:332:449:01,Intro Capstone Ece,_,857.0,196.0,2.0,3.0,14.0,49.0,100.0,28.0,1.0,3.0,16.0,47.0,104.0,25.0,1.0,5.0,27.0,46.0,89.0,28.0,1.0,1.0,13.0,52.0,103.0,26.0,0.0,0.0,16.0,42.0,100.0,38.0,2.0,4.0,22.0,49.0,91.0,28.0,4.0,9.0,37.0,58.0,57.0,31.0,6.0,7.0,47.0,41.0,58.0,37.0,2.0,3.0,18.0,54.0,104.0,15.0,3.0,9.0,23.0,66.0,83.0,12.0,4.66875,4.69375,4.7328125,4.7828125,4.6203125,4.6390625,4.4734375,4.453125,4.7296875,4.690625
_,_,14:332:451:01,Parallel & Dist Prog,_,48.0,28.0,3.0,0.0,2.0,11.0,12.0,0.0,0.0,0.0,1.0,7.0,20.0,0.0,0.0,0.0,4.0,8.0,16.0,0.0,0.0,0.0,1.0,3.0,23.0,1.0,0.0,0.0,2.0,5.0,20.0,1.0,0.0,0.0,5.0,9.0,14.0,0.0,0.0,1.0,2.0,8.0,17.0,0.0,0.0,1.0,4.0,9.0,14.0,0.0,0.0,1.0,5.0,10.0,12.0,0.0,0.0,0.0,4.0,10.0,14.0,0.0,3.5,4.575,4.425000000000001,4.725,4.475,4.2250000000000005,4.325,4.475,3.9,4.25
_,_,14:332:452:01,Software Engineering,_,783.0,242.0,34.0,32.0,49.0,65.0,54.0,8.0,41.0,39.0,50.0,54.0,51.0,7.0,51.0,37.0,51.0,43.0,52.0,8.0,38.0,27.0,53.0,57.0,59.0,8.0,59.0,43.0,52.0,44.0,31.0,13.0,49.0,44.0,49.0,52.0,41.0,7.0,40.0,30.0,49.0,66.0,47.0,10.0,19.0,12.0,42.0,80.0,77.0,12.0,68.0,39.0,41.0,42.0,46.0,6.0,72.0,40.0,39.0,43.0,40.0,8.0,3.3296875,3.015625,2.8109374999999996,3.1609374999999997,2.496875,2.784375,3.2953125,3.8609375000000004,2.5531249999999996,2.4625
_,_,14:332:453:01,Mobile App Engg,_,26.0,11.0,0.0,0.0,4.0,5.0,2.0,0.0,0.0,3.0,2.0,3.0,3.0,0.0,0.0,2.0,2.0,5.0,2.0,0.0,1.0,2.0,1.0,6.0,1.0,0.0,0.0,0.0,3.0,7.0,1.0,0.0,1.0,2.0,2.0,4.0,2.0,0.0,1.0,0.0,2.0,3.0,5.0,0.0,0.0,0.0,1.0,3.0,7.0,0.0,2.0,1.0,2.0,5.0,1.0,0.0,1.0,2.0,0.0,6.0,2.0,0.0,3.8,3.6,3.6,3.4,3.8,3.4,4.0,4.6,3.2,3.6
_,_,14:332:460:01,Power Electronics,_,75.0,36.0,0.0,0.0,2.0,12.0,21.0,1.0,0.0,0.0,2.0,8.0,25.0,1.0,0.0,0.0,2.0,10.0,23.0,1.0,0.0,0.0,2.0,8.0,25.0,1.0,0.0,1.0,1.0,7.0,25.0,2.0,0.0,0.0,3.0,11.0,21.0,1.0,0.0,0.0,1.0,11.0,23.0,1.0,0.0,0.0,1.0,14.0,20.0,1.0,0.0,1.0,3.0,8.0,24.0,0.0,0.0,0.0,3.0,8.0,25.0,0.0,4.574999999999999,4.7,4.6375,4.7125,4.7250000000000005,4.5625,4.6625,4.550000000000001,4.6,4.675000000000001
_,_,14:332:463:01,Analog Electronics,_,167.0,107.0,1.0,0.0,5.0,30.0,69.0,2.0,1.0,2.0,4.0,32.0,66.0,2.0,1.0,1.0,10.0,35.0,57.0,3.0,1.0,0.0,5.0,29.0,69.0,3.0,1.0,2.0,12.0,36.0,51.0,5.0,2.0,4.0,8.0,39.0,52.0,2.0,1.0,2.0,9.0,36.0,55.0,4.0,3.0,4.0,19.0,37.0,41.0,3.0,0.0,2.0,11.0,30.0,61.0,3.0,0.0,3.0,15.0,40.0,46.0,3.0,4.6125,4.5375,4.425000000000001,4.625,4.3875,4.325,4.449999999999999,4.05,4.4375,4.275
_,_,14:332:465:01,Physical Electronics,_,73.0,31.0,0.0,0.0,2.0,8.0,20.0,1.0,1.0,0.0,1.0,10.0,17.0,2.0,1.0,2.0,3.0,6.0,18.0,1.0,1.0,0.0,1.0,7.0,19.0,3.0,1.0,1.0,1.0,11.0,16.0,1.0,2.0,2.0,3.0,8.0,15.0,1.0,1.0,0.0,4.0,8.0,17.0,1.0,0.0,0.0,3.0,12.0,15.0,1.0,2.0,1.0,1.0,11.0,16.0,0.0,1.0,0.0,5.0,10.0,15.0,0.0,4.6875,4.4625,4.3,4.6,4.5375,4.2,4.375,4.3625,4.2875,4.3375
_,_,14:332:472:01,Robotics&comp Vision,_,181.0,68.0,1.0,3.0,4.0,11.0,49.0,0.0,1.0,1.0,3.0,11.0,52.0,0.0,1.0,1.0,2.0,14.0,50.0,0.0,1.0,2.0,1.0,12.0,52.0,0.0,0.0,2.0,3.0,12.0,49.0,2.0,2.0,3.0,4.0,15.0,44.0,0.0,1.0,2.0,2.0,17.0,44.0,2.0,3.0,1.0,3.0,18.0,41.0,2.0,1.0,4.0,3.0,11.0,48.0,1.0,2.0,4.0,4.0,16.0,40.0,2.0,4.7,4.75,4.7375,4.775,4.825,4.6,4.675000000000001,4.5375,4.725,4.575
_,_,14:332:479:01,Vlsi Design,_,87.0,40.0,1.0,0.0,0.0,8.0,30.0,1.0,0.0,0.0,1.0,7.0,31.0,1.0,0.0,1.0,0.0,7.0,31.0,1.0,0.0,0.0,0.0,8.0,31.0,1.0,0.0,0.0,1.0,6.0,31.0,2.0,0.0,1.0,0.0,13.0,25.0,1.0,0.0,1.0,2.0,10.0,26.0,1.0,0.0,1.0,6.0,11.0,20.0,2.0,0.0,1.0,0.0,12.0,27.0,0.0,0.0,1.0,1.0,11.0,27.0,0.0,4.699999999999999,4.75,4.75,4.775,4.800000000000001,4.65,4.675000000000001,4.4,4.65,4.625
_,_,14:332:481:01,Electromagnetic Waves,_,44.0,28.0,1.0,0.0,2.0,10.0,15.0,0.0,1.0,1.0,1.0,12.0,13.0,0.0,1.0,1.0,1.0,11.0,14.0,0.0,1.0,1.0,2.0,10.0,14.0,0.0,1.0,0.0,3.0,10.0,14.0,0.0,1.0,1.0,2.0,13.0,11.0,0.0,1.0,0.0,1.0,17.0,9.0,0.0,1.0,0.0,2.0,18.0,7.0,0.0,0.0,0.0,3.0,11.0,13.0,1.0,0.0,1.0,1.0,13.0,12.0,1.0,4.262499999999999,4.1875,4.2375,4.1875,4.1,4.15,4.0375,3.9875,4.4125,4.324999999999999
_,_,14:332:493:05,Topics In Ece: Introduction To Quantum Info Scienc,_,274.0,109.0,3.0,4.0,7.0,27.0,61.0,7.0,1.0,3.0,2.0,24.0,72.0,7.0,1.0,1.0,6.0,21.0,74.0,6.0,2.0,0.0,5.0,23.0,73.0,6.0,3.0,1.0,11.0,22.0,61.0,11.0,2.0,1.0,9.0,29.0,62.0,6.0,2.0,0.0,9.0,22.0,67.0,9.0,2.0,3.0,14.0,29.0,53.0,8.0,2.0,5.0,6.0,30.0,62.0,4.0,4.0,5.0,9.0,31.0,55.0,5.0,4.6433837890625,4.72666015625,4.5458740234375,4.7135009765625,4.5677490234375,4.506237792968751,4.40927734375,4.19925537109375,4.47777099609375,4.4384033203125
_,_,14:332:494:01,Topics in ECE: Cloud Computing,_,250.0,96.0,0.0,3.0,11.0,26.0,50.0,6.0,0.0,0.0,9.0,25.0,56.0,6.0,0.0,2.0,9.0,21.0,57.0,7.0,0.0,0.0,7.0,21.0,61.0,7.0,0.0,1.0,7.0,24.0,57.0,7.0,0.0,3.0,12.0,24.0,50.0,7.0,1.0,0.0,8.0,34.0,44.0,9.0,2.0,3.0,17.0,28.0,36.0,10.0,1.0,4.0,9.0,24.0,55.0,3.0,3.0,3.0,10.0,26.0,49.0,5.0,4.4578125,4.483593750000001,4.526171874999999,4.55546875,4.578906249999999,4.421093750000001,4.515625,3.9578125,4.241406250000001,4.039453125
_,_,14:440:115:01,Dellc Intr To Eng,_,135.0,91.0,1.0,7.0,8.0,31.0,36.0,8.0,0.0,2.0,9.0,33.0,39.0,8.0,1.0,1.0,11.0,32.0,38.0,8.0,0.0,0.0,4.0,32.0,47.0,8.0,0.0,1.0,9.0,27.0,44.0,10.0,0.0,1.0,10.0,32.0,40.0,8.0,0.0,5.0,15.0,35.0,27.0,9.0,2.0,7.0,19.0,25.0,28.0,10.0,2.0,7.0,9.0,28.0,43.0,2.0,1.0,7.0,10.0,33.0,36.0,4.0,3.975,4.125,4.1,4.4125,4.3125,4.25,3.9375000000000004,3.8499999999999996,3.95,4.0
_,_,14:440:127:01,Int Computer For Eng,_,3879.0,1607.0,19.0,29.0,150.0,592.0,631.0,186.0,29.0,49.0,178.0,511.0,655.0,185.0,35.0,67.0,248.0,508.0,562.0,187.0,19.0,21.0,147.0,526.0,709.0,185.0,22.0,29.0,158.0,533.0,674.0,191.0,34.0,63.0,232.0,552.0,546.0,180.0,52.0,89.0,274.0,585.0,440.0,167.0,102.0,231.0,400.0,400.0,302.0,172.0,36.0,52.0,245.0,614.0,582.0,78.0,41.0,78.0,314.0,684.0,419.0,71.0,4.592525216937066,4.469946844875812,4.256982249021529,4.493501816689968,4.461226382851601,4.306778213381767,3.886927533149719,3.699137568473816,4.1418801471591,3.9175958350300792
_,_,14:440:191:H1,Honors Intro Engg I,_,105.0,92.0,0.0,0.0,1.0,13.0,78.0,0.0,0.0,1.0,4.0,17.0,68.0,2.0,0.0,1.0,10.0,34.0,46.0,1.0,0.0,1.0,4.0,17.0,70.0,0.0,1.0,3.0,9.0,37.0,41.0,1.0,0.0,1.0,9.0,30.0,49.0,3.0,2.0,8.0,29.0,40.0,13.0,0.0,2.0,6.0,25.0,44.0,14.0,1.0,0.0,1.0,9.0,26.0,56.0,0.0,0.0,4.0,11.0,42.0,33.0,2.0,4.8,4.7,4.4,4.7,4.3,4.4,3.6,3.7,4.5,4.2
_,_,14:440:221:01,Eng Mech-Statics,_,2538.0,924.0,40.0,52.0,109.0,232.0,214.0,277.0,60.0,51.0,126.0,195.0,206.0,286.0,63.0,69.0,128.0,199.0,186.0,279.0,35.0,26.0,121.0,226.0,235.0,281.0,22.0,16.0,85.0,246.0,266.0,289.0,59.0,56.0,152.0,178.0,195.0,284.0,67.0,84.0,165.0,274.0,184.0,150.0,68.0,105.0,232.0,247.0,118.0,154.0,108.0,60.0,134.0,211.0,194.0,217.0,144.0,90.0,204.0,254.0,188.0,44.0,3.829504203796387,3.5268524169921873,3.650804328918457,3.8713621139526366,4.148802947998047,3.5847843170166014,3.603291130065918,3.472414016723633,3.6309133529663087,3.4041198730468754
_,_,14:440:222:01,Eng Mech-Dynamics,_,1242.0,1129.0,45.0,82.0,203.0,436.0,328.0,35.0,45.0,76.0,212.0,410.0,349.0,37.0,59.0,119.0,228.0,368.0,317.0,38.0,26.0,27.0,104.0,390.0,546.0,36.0,41.0,49.0,147.0,419.0,435.0,38.0,58.0,85.0,205.0,406.0,338.0,37.0,38.0,84.0,263.0,485.0,219.0,40.0,40.0,150.0,352.0,353.0,191.0,43.0,101.0,108.0,217.0,389.0,298.0,16.0,85.0,109.0,256.0,412.0,236.0,31.0,3.9890625,3.8890625,3.846875,4.3609375,4.260937500000001,3.9734375,3.83125,3.4046874999999996,3.715625,3.73125
_,_,14:440:291:01,Honors Eng Mech-Stat,_,323.0,150.0,2.0,12.0,26.0,48.0,52.0,10.0,12.0,12.0,31.0,49.0,36.0,10.0,21.0,21.0,34.0,35.0,29.0,10.0,4.0,3.0,26.0,60.0,47.0,10.0,2.0,8.0,31.0,53.0,44.0,12.0,11.0,25.0,42.0,25.0,36.0,11.0,3.0,11.0,40.0,48.0,37.0,11.0,13.0,29.0,47.0,35.0,15.0,11.0,13.0,25.0,43.0,30.0,35.0,4.0,10.0,21.0,40.0,43.0,31.0,5.0,3.8390625,3.5015625000000004,3.0234375,3.928125,4.01875,3.1453125,3.6453125,2.85,3.1359375,3.2093749999999996
_,_,14:440:292:01,Honors Eng Mech-Dyna,_,104.0,48.0,1.0,2.0,3.0,19.0,22.0,1.0,4.0,5.0,6.0,17.0,15.0,1.0,4.0,10.0,15.0,11.0,7.0,1.0,2.0,5.0,6.0,20.0,14.0,1.0,4.0,3.0,14.0,15.0,11.0,1.0,5.0,9.0,13.0,12.0,8.0,1.0,4.0,4.0,4.0,23.0,12.0,1.0,5.0,6.0,14.0,15.0,6.0,2.0,8.0,4.0,10.0,17.0,9.0,0.0,9.0,3.0,13.0,15.0,8.0,0.0,4.2125,3.875,3.0125,3.95,3.6624999999999996,3.075,3.75,3.2125000000000004,3.3625,3.1375
_,_,14:440:298:01,Skills To Succeed: Professional Development: Hire,_,324.0,127.0,0.0,0.0,3.0,14.0,105.0,5.0,0.0,1.0,2.0,13.0,105.0,6.0,0.0,2.0,2.0,10.0,107.0,6.0,0.0,1.0,2.0,11.0,108.0,5.0,0.0,0.0,3.0,15.0,103.0,6.0,0.0,1.0,2.0,14.0,105.0,5.0,0.0,1.0,3.0,27.0,91.0,5.0,1.0,7.0,29.0,28.0,57.0,5.0,1.0,0.0,1.0,13.0,108.0,4.0,1.0,0.0,2.0,14.0,107.0,3.0,4.711403656005859,4.733696365356446,4.671200180053711,4.805574417114258,4.809038543701172,4.705548477172852,4.626367950439453,3.633828353881836,4.845643997192383,4.728145980834961
_,_,14:440:301:01,Intro Packaging Eng,_,326.0,107.0,0.0,1.0,6.0,39.0,53.0,8.0,1.0,4.0,13.0,28.0,53.0,8.0,4.0,7.0,15.0,33.0,39.0,9.0,0.0,1.0,13.0,29.0,56.0,8.0,10.0,8.0,19.0,23.0,38.0,9.0,5.0,12.0,23.0,24.0,35.0,8.0,2.0,6.0,10.0,34.0,46.0,9.0,4.0,5.0,20.0,34.0,34.0,10.0,7.0,9.0,13.0,44.0,31.0,3.0,7.0,11.0,18.0,37.0,31.0,3.0,4.6296875,4.426562499999999,4.2859375,4.5453125,3.9734374999999997,3.9328125,4.301562499999999,3.8625,3.9671874999999996,3.8890625
_,_,14:440:371:01,Packaging Eval Mtds,_,89.0,34.0,5.0,10.0,6.0,7.0,5.0,1.0,10.0,8.0,6.0,3.0,6.0,1.0,3.0,11.0,7.0,6.0,6.0,1.0,5.0,4.0,6.0,10.0,8.0,1.0,3.0,4.0,11.0,9.0,5.0,2.0,10.0,7.0,7.0,5.0,4.0,1.0,3.0,4.0,12.0,9.0,5.0,1.0,2.0,6.0,13.0,3.0,9.0,1.0,11.0,3.0,11.0,4.0,3.0,2.0,11.0,6.0,8.0,2.0,6.0,1.0,3.1375,3.1750000000000003,3.3625,3.7375,3.3375,3.1125,3.525,3.425,3.0875000000000004,3.15
_,_,14:440:373:01,Pkgg Manufacturing,_,114.0,47.0,0.0,2.0,3.0,6.0,34.0,2.0,1.0,1.0,1.0,9.0,33.0,2.0,2.0,3.0,3.0,8.0,29.0,2.0,1.0,1.0,0.0,6.0,37.0,2.0,1.0,1.0,1.0,15.0,27.0,2.0,3.0,2.0,3.0,10.0,27.0,2.0,1.0,3.0,1.0,11.0,29.0,2.0,1.0,2.0,9.0,15.0,18.0,2.0,3.0,2.0,3.0,9.0,29.0,1.0,3.0,1.0,4.0,12.0,26.0,1.0,4.7125,4.699999999999999,4.2749999999999995,4.775,4.5,4.3875,4.45,3.9375000000000004,4.425000000000001,4.375
_,_,14:440:378:01,Sustainable Packag'g,_,167.0,64.0,0.0,1.0,0.0,14.0,49.0,0.0,0.0,1.0,0.0,17.0,46.0,0.0,1.0,1.0,7.0,20.0,35.0,0.0,0.0,0.0,1.0,17.0,46.0,0.0,0.0,1.0,1.0,18.0,44.0,0.0,0.0,2.0,3.0,22.0,37.0,0.0,1.0,0.0,2.0,26.0,35.0,0.0,1.0,0.0,10.0,24.0,29.0,0.0,0.0,1.0,4.0,16.0,42.0,1.0,1.0,0.0,2.0,20.0,40.0,1.0,4.7,4.6000000000000005,4.3125,4.6875,4.725,4.4625,4.3375,4.225,4.525,4.4375
_,_,14:440:419:01,Innovation & Design,_,97.0,38.0,0.0,0.0,1.0,12.0,24.0,1.0,0.0,0.0,1.0,16.0,20.0,1.0,0.0,1.0,1.0,9.0,26.0,1.0,1.0,0.0,1.0,9.0,26.0,1.0,0.0,0.0,4.0,9.0,18.0,7.0,0.0,1.0,2.0,15.0,18.0,2.0,0.0,2.0,2.0,14.0,18.0,2.0,0.0,1.0,4.0,11.0,20.0,2.0,0.0,2.0,1.0,11.0,23.0,1.0,0.0,1.0,1.0,18.0,17.0,1.0,4.75,4.637499999999999,4.7375,4.675000000000001,4.5625,4.4875,4.375,4.35,4.625,4.4375
_,_,14:540:201:01,Work Design & Ergo,_,252.0,121.0,1.0,10.0,11.0,44.0,52.0,3.0,2.0,4.0,17.0,37.0,58.0,3.0,2.0,3.0,12.0,35.0,66.0,3.0,1.0,3.0,5.0,39.0,69.0,4.0,2.0,3.0,11.0,40.0,61.0,4.0,3.0,10.0,12.0,30.0,61.0,5.0,2.0,2.0,13.0,46.0,52.0,6.0,2.0,7.0,24.0,44.0,40.0,4.0,2.0,11.0,16.0,31.0,58.0,3.0,2.0,2.0,18.0,37.0,60.0,2.0,4.137499999999999,4.0,3.9125,4.2875,4.199999999999999,3.8499999999999996,3.9124999999999996,3.6875,3.9625000000000004,4.15
_,_,14:540:320:01,Engr Statistics,_,208.0,97.0,0.0,1.0,10.0,35.0,46.0,5.0,0.0,3.0,14.0,34.0,41.0,5.0,5.0,10.0,17.0,34.0,26.0,5.0,1.0,2.0,11.0,27.0,51.0,5.0,3.0,2.0,12.0,37.0,37.0,6.0,4.0,6.0,17.0,39.0,25.0,6.0,2.0,6.0,12.0,38.0,33.0,6.0,7.0,16.0,23.0,33.0,12.0,6.0,3.0,6.0,14.0,45.0,25.0,4.0,4.0,4.0,17.0,45.0,23.0,4.0,4.0875,4.0,3.625,4.237500000000001,4.025,3.625,3.8875,3.2375,3.725,3.7625
_,_,14:540:338:01,Prob Models In Or,_,207.0,159.0,10.0,14.0,13.0,25.0,92.0,5.0,6.0,10.0,13.0,36.0,89.0,5.0,4.0,11.0,14.0,33.0,91.0,6.0,5.0,3.0,11.0,36.0,98.0,6.0,10.0,4.0,15.0,45.0,80.0,5.0,11.0,9.0,9.0,36.0,88.0,6.0,3.0,5.0,18.0,53.0,73.0,7.0,7.0,12.0,49.0,41.0,43.0,7.0,12.0,9.0,17.0,28.0,89.0,4.0,9.0,10.0,13.0,40.0,82.0,5.0,4.5875,4.575,4.5249999999999995,4.574999999999999,4.324999999999999,4.475,4.375,3.7,4.4,4.375
_,_,14:540:343:01,Engineerng Economics,_,3577.0,2432.0,19.0,9.0,50.0,468.0,1795.0,91.0,19.0,10.0,57.0,485.0,1764.0,97.0,25.0,24.0,132.0,607.0,1540.0,104.0,14.0,4.0,50.0,438.0,1829.0,97.0,16.0,8.0,59.0,471.0,1772.0,106.0,18.0,12.0,102.0,583.0,1610.0,107.0,22.0,33.0,166.0,881.0,1218.0,112.0,124.0,348.0,798.0,495.0,554.0,113.0,4.0,14.0,67.0,438.0,1866.0,43.0,10.0,23.0,104.0,681.0,1558.0,56.0,4.70865968465805,4.631045305728913,4.647752225399017,4.7108600497245785,4.693593537807464,4.6585500121116645,4.3814718484878545,3.5803853511810306,4.740026664733886,4.5930435895919794
_,_,14:540:382:01,Computer Cont Of Mfg,_,213.0,151.0,2.0,9.0,12.0,76.0,50.0,2.0,4.0,6.0,18.0,64.0,55.0,4.0,4.0,12.0,24.0,61.0,48.0,2.0,1.0,0.0,15.0,60.0,73.0,2.0,2.0,5.0,10.0,59.0,70.0,5.0,2.0,9.0,27.0,64.0,44.0,5.0,4.0,8.0,40.0,68.0,29.0,2.0,6.0,26.0,43.0,49.0,23.0,4.0,5.0,14.0,19.0,64.0,48.0,1.0,9.0,10.0,32.0,69.0,30.0,1.0,3.9875,3.925,3.7875,4.237500000000001,4.025,3.7875,3.675,3.4625,3.825,3.5374999999999996
_,_,14:540:400:01,Des Engr Sys II,_,206.0,76.0,5.0,8.0,16.0,31.0,15.0,1.0,5.0,8.0,15.0,30.0,18.0,0.0,3.0,5.0,14.0,31.0,21.0,2.0,4.0,9.0,11.0,29.0,23.0,0.0,6.0,8.0,18.0,29.0,13.0,2.0,4.0,7.0,16.0,28.0,19.0,2.0,3.0,3.0,13.0,31.0,25.0,1.0,5.0,6.0,23.0,25.0,15.0,2.0,6.0,7.0,20.0,25.0,17.0,1.0,6.0,8.0,13.0,35.0,14.0,0.0,3.5374999999999996,3.7625,3.7625,3.675,3.575,3.8,4.0125,3.475,3.5125,3.575
_,_,14:540:433:01,Quality Engineering,_,200.0,95.0,0.0,1.0,5.0,15.0,73.0,1.0,0.0,1.0,5.0,16.0,72.0,1.0,1.0,3.0,4.0,18.0,68.0,1.0,0.0,0.0,3.0,12.0,79.0,1.0,0.0,1.0,5.0,18.0,70.0,1.0,0.0,2.0,7.0,14.0,71.0,1.0,0.0,1.0,6.0,24.0,63.0,1.0,0.0,6.0,22.0,27.0,38.0,2.0,0.0,0.0,6.0,16.0,72.0,1.0,0.0,1.0,5.0,22.0,66.0,1.0,4.7875,4.775,4.4875,4.85,4.725,4.5875,4.7,4.074999999999999,4.775,4.725
_,_,14:540:453:01,Production Control,_,204.0,83.0,3.0,12.0,12.0,22.0,30.0,4.0,5.0,9.0,11.0,30.0,25.0,3.0,4.0,7.0,21.0,27.0,21.0,3.0,6.0,5.0,7.0,32.0,30.0,3.0,8.0,10.0,10.0,30.0,22.0,3.0,9.0,5.0,16.0,28.0,21.0,4.0,3.0,6.0,14.0,35.0,22.0,3.0,0.0,9.0,29.0,25.0,17.0,3.0,14.0,3.0,15.0,26.0,25.0,0.0,8.0,12.0,12.0,28.0,23.0,0.0,4.0875,4.074999999999999,3.875,4.1875,3.95,3.9125,4.0125,3.6624999999999996,3.8375,3.7874999999999996
_,_,14:540:491:02,Special Problems: Reliability,_,8.0,5.0,0.0,0.0,0.0,2.0,3.0,0.0,0.0,0.0,1.0,1.0,3.0,0.0,0.0,0.0,0.0,2.0,3.0,0.0,0.0,0.0,0.0,3.0,2.0,0.0,0.0,2.0,1.0,0.0,2.0,0.0,0.0,0.0,0.0,4.0,1.0,0.0,0.0,0.0,0.0,2.0,3.0,0.0,0.0,2.0,1.0,1.0,1.0,0.0,0.0,0.0,1.0,2.0,2.0,0.0,0.0,0.0,1.0,2.0,2.0,0.0,4.6,4.4,4.6,4.4,3.4,4.2,4.6,3.2,4.2,4.2
_,_,14:635:203:01,Intro Matls Sci Engg,_,109.0,58.0,0.0,2.0,4.0,15.0,35.0,2.0,0.0,1.0,1.0,22.0,33.0,1.0,0.0,1.0,6.0,15.0,34.0,2.0,0.0,1.0,2.0,16.0,38.0,1.0,0.0,0.0,5.0,18.0,34.0,1.0,0.0,1.0,7.0,18.0,30.0,2.0,0.0,0.0,7.0,17.0,31.0,3.0,0.0,4.0,8.0,16.0,27.0,3.0,0.0,3.0,5.0,17.0,32.0,1.0,1.0,0.0,9.0,16.0,30.0,2.0,4.48125,4.4875,4.3125,4.55,4.59375,4.2875,4.275,4.175,4.28125,4.106249999999999
_,_,14:635:205:01,Crystal Chem& Struct,_,74.0,55.0,0.0,1.0,3.0,30.0,20.0,1.0,0.0,4.0,16.0,23.0,11.0,1.0,0.0,4.0,10.0,21.0,19.0,1.0,0.0,1.0,9.0,29.0,15.0,1.0,1.0,3.0,11.0,33.0,6.0,1.0,0.0,3.0,14.0,24.0,12.0,2.0,1.0,0.0,11.0,26.0,16.0,1.0,1.0,3.0,18.0,16.0,15.0,2.0,1.0,5.0,12.0,30.0,7.0,0.0,1.0,3.0,16.0,25.0,9.0,1.0,4.2875,3.8625000000000003,4.1375,4.05,3.7125,3.7875,3.9875,3.7874999999999996,3.6875,3.7625
_,_,14:635:305:01,Matls Microproc,_,79.0,49.0,13.0,11.0,12.0,9.0,3.0,1.0,6.0,6.0,9.0,15.0,12.0,1.0,8.0,7.0,6.0,18.0,9.0,1.0,4.0,4.0,7.0,18.0,15.0,1.0,2.0,3.0,12.0,20.0,10.0,2.0,10.0,10.0,9.0,10.0,9.0,1.0,7.0,9.0,8.0,14.0,9.0,2.0,5.0,8.0,17.0,10.0,7.0,2.0,16.0,6.0,9.0,13.0,5.0,0.0,17.0,6.0,6.0,15.0,4.0,1.0,2.3625,3.4,3.0374999999999996,3.6625,3.7125,2.8625,3.125,3.1125,2.4749999999999996,2.5125
_,_,14:635:307:01,Kinetics Of Mat Proc,_,64.0,41.0,0.0,0.0,0.0,5.0,36.0,0.0,0.0,0.0,2.0,12.0,27.0,0.0,0.0,0.0,1.0,17.0,23.0,0.0,0.0,0.0,1.0,9.0,31.0,0.0,0.0,0.0,4.0,9.0,28.0,0.0,0.0,0.0,1.0,15.0,25.0,0.0,0.0,0.0,0.0,18.0,23.0,0.0,0.0,4.0,11.0,18.0,8.0,0.0,0.0,0.0,1.0,9.0,31.0,0.0,0.0,0.0,0.0,11.0,30.0,0.0,4.7875,4.625,4.55,4.75,4.6625,4.4375,4.512499999999999,3.5999999999999996,4.7124999999999995,4.65
_,_,14:635:309:01,Charact Of Materials,_,66.0,55.0,1.0,4.0,4.0,19.0,27.0,0.0,3.0,11.0,4.0,16.0,21.0,0.0,2.0,5.0,6.0,19.0,23.0,0.0,4.0,6.0,5.0,16.0,24.0,0.0,0.0,6.0,11.0,20.0,18.0,0.0,4.0,3.0,7.0,17.0,24.0,0.0,0.0,2.0,4.0,18.0,30.0,1.0,2.0,4.0,21.0,19.0,8.0,1.0,5.0,2.0,7.0,17.0,23.0,1.0,3.0,4.0,4.0,21.0,21.0,2.0,4.1,4.0,4.1625,4.0625,3.9625,4.125,4.5,3.5625,3.95,4.199999999999999
_,_,14:635:312:01,Glass Engineering,_,88.0,34.0,1.0,1.0,1.0,20.0,10.0,1.0,1.0,2.0,3.0,14.0,13.0,1.0,1.0,2.0,5.0,10.0,15.0,1.0,1.0,0.0,2.0,12.0,18.0,1.0,1.0,1.0,9.0,11.0,11.0,1.0,1.0,2.0,3.0,14.0,13.0,1.0,1.0,1.0,2.0,17.0,12.0,1.0,2.0,1.0,8.0,14.0,7.0,2.0,1.0,1.0,5.0,15.0,12.0,0.0,2.0,1.0,4.0,15.0,11.0,1.0,4.15,4.125,4.1,4.425,3.9,4.05,4.175000000000001,3.75,4.05,4.0
_,_,14:635:353:01,Lab II,_,62.0,36.0,0.0,0.0,2.0,14.0,19.0,1.0,0.0,1.0,3.0,10.0,22.0,0.0,1.0,1.0,6.0,10.0,18.0,0.0,0.0,2.0,2.0,11.0,21.0,0.0,0.0,1.0,7.0,10.0,15.0,3.0,1.0,1.0,5.0,11.0,18.0,0.0,1.0,2.0,2.0,12.0,19.0,0.0,1.0,3.0,8.0,16.0,8.0,0.0,1.0,1.0,4.0,9.0,19.0,2.0,2.0,0.0,4.0,13.0,16.0,1.0,4.7375,4.775,4.725,4.85,4.5125,4.725,4.725,3.9875000000000003,4.8125,4.675
_,_,14:635:360:01,Mse Ceramics,_,22.0,16.0,0.0,0.0,0.0,2.0,14.0,0.0,0.0,0.0,0.0,2.0,14.0,0.0,0.0,0.0,0.0,1.0,15.0,0.0,0.0,0.0,0.0,2.0,13.0,1.0,0.0,0.0,0.0,1.0,15.0,0.0,0.0,0.0,1.0,0.0,14.0,1.0,0.0,0.0,0.0,3.0,13.0,0.0,0.0,1.0,1.0,2.0,12.0,0.0,0.0,0.0,0.0,1.0,15.0,0.0,0.0,0.0,0.0,1.0,14.0,1.0,4.9,4.9,4.95,4.85,4.95,4.85,4.85,4.550000000000001,4.95,4.95
_,_,14:635:362:01,Physical Metallurgy,_,74.0,55.0,0.0,2.0,2.0,8.0,43.0,0.0,0.0,0.0,4.0,12.0,39.0,0.0,0.0,1.0,2.0,10.0,42.0,0.0,0.0,0.0,2.0,7.0,46.0,0.0,0.0,0.0,1.0,12.0,42.0,0.0,0.0,2.0,1.0,12.0,40.0,0.0,0.0,2.0,1.0,14.0,38.0,0.0,0.0,2.0,11.0,17.0,25.0,0.0,0.0,0.0,2.0,14.0,39.0,0.0,0.0,0.0,4.0,12.0,38.0,1.0,4.575,4.575,4.75,4.775,4.725,4.737500000000001,4.612500000000001,4.175,4.6875,4.5875
_,_,14:635:403:01,Mse Seminar,_,69.0,31.0,0.0,0.0,3.0,5.0,19.0,4.0,0.0,0.0,2.0,4.0,20.0,5.0,0.0,0.0,3.0,7.0,17.0,4.0,0.0,0.0,3.0,3.0,21.0,4.0,0.0,0.0,2.0,4.0,19.0,6.0,0.0,0.0,4.0,3.0,18.0,6.0,2.0,0.0,4.0,3.0,21.0,1.0,1.0,0.0,7.0,6.0,15.0,2.0,0.0,0.0,2.0,3.0,21.0,5.0,0.0,1.0,3.0,7.0,19.0,1.0,4.65,4.675,4.5125,4.675,4.6875,4.65,4.575,3.95,4.6875,4.6125
_,_,14:635:404:01,Mse Seminar,_,41.0,14.0,0.0,0.0,1.0,2.0,8.0,3.0,0.0,0.0,1.0,2.0,8.0,3.0,0.0,0.0,1.0,2.0,8.0,3.0,0.0,0.0,2.0,3.0,7.0,2.0,0.0,0.0,0.0,4.0,7.0,3.0,0.0,0.0,1.0,3.0,8.0,2.0,1.0,0.0,1.0,4.0,8.0,0.0,1.0,0.0,4.0,4.0,4.0,1.0,0.0,1.0,0.0,3.0,7.0,3.0,0.0,0.0,0.0,6.0,8.0,0.0,4.6,4.6,4.6,4.0875,4.7125,4.5875,4.3875,3.525,4.4625,4.575
_,_,14:635:405:01,Solar Cell Dsgn Proc,_,79.0,43.0,0.0,0.0,2.0,10.0,30.0,1.0,0.0,0.0,1.0,6.0,36.0,0.0,0.0,1.0,0.0,11.0,29.0,2.0,0.0,0.0,0.0,6.0,37.0,0.0,0.0,0.0,2.0,8.0,32.0,1.0,0.0,1.0,2.0,8.0,31.0,1.0,0.0,1.0,1.0,9.0,32.0,0.0,0.0,1.0,5.0,10.0,27.0,0.0,0.0,0.0,1.0,12.0,30.0,0.0,0.0,0.0,1.0,12.0,30.0,0.0,4.6375,4.8875,4.6499999999999995,4.9,4.85,4.675000000000001,4.6875,4.387499999999999,4.6875,4.725
_,_,14:635:407:01,Mechanical Properties Of Materials,_,1363.0,635.0,16.0,20.0,68.0,160.0,346.0,25.0,17.0,41.0,66.0,166.0,319.0,26.0,23.0,24.0,66.0,145.0,351.0,26.0,9.0,18.0,39.0,174.0,369.0,26.0,14.0,13.0,43.0,165.0,368.0,32.0,26.0,30.0,68.0,142.0,339.0,30.0,20.0,27.0,66.0,227.0,269.0,26.0,38.0,100.0,202.0,140.0,123.0,32.0,27.0,31.0,71.0,153.0,340.0,13.0,26.0,27.0,77.0,193.0,298.0,14.0,4.23843994140625,4.33612060546875,4.1340576171875,4.44935302734375,4.3897705078125,4.0866455078125,4.165478515625001,3.3643798828125,4.120227050781249,4.1138427734375
_,_,14:635:412:01,Mse Eng'g Design II,_,15.0,10.0,0.0,0.0,0.0,1.0,9.0,0.0,0.0,0.0,0.0,0.0,10.0,0.0,0.0,0.0,0.0,1.0,9.0,0.0,0.0,0.0,0.0,1.0,9.0,0.0,0.0,0.0,0.0,0.0,10.0,0.0,0.0,0.0,0.0,0.0,10.0,0.0,0.0,0.0,0.0,0.0,10.0,0.0,0.0,0.0,0.0,4.0,6.0,0.0,0.0,0.0,0.0,0.0,10.0,0.0,0.0,0.0,0.0,0.0,10.0,0.0,4.975,5.0,4.975,4.975,5.0,5.0,5.0,4.65,5.0,5.0
_,_,14:635:413:01,Mse Venture Analysis,_,13.0,4.0,0.0,0.0,0.0,0.0,4.0,0.0,0.0,0.0,0.0,0.0,4.0,0.0,0.0,0.0,0.0,0.0,4.0,0.0,0.0,0.0,0.0,0.0,4.0,0.0,0.0,0.0,0.0,0.0,4.0,0.0,0.0,0.0,0.0,0.0,4.0,0.0,0.0,0.0,0.0,0.0,4.0,0.0,0.0,0.0,0.0,0.0,4.0,0.0,0.0,0.0,0.0,0.0,4.0,0.0,0.0,0.0,0.0,0.0,4.0,0.0,5.0,5.0,5.0,5.0,5.0,5.0,5.0,5.0,5.0,5.0
_,_,14:650:210:01,Intro Aero Eng,_,270.0,98.0,2.0,2.0,10.0,23.0,55.0,6.0,0.0,2.0,9.0,25.0,56.0,6.0,1.0,2.0,12.0,17.0,60.0,6.0,0.0,0.0,11.0,25.0,55.0,7.0,4.0,2.0,9.0,27.0,50.0,6.0,4.0,1.0,14.0,27.0,46.0,6.0,1.0,4.0,10.0,27.0,50.0,6.0,0.0,0.0,9.0,28.0,55.0,6.0,5.0,4.0,18.0,22.0,48.0,1.0,4.0,6.0,17.0,23.0,47.0,1.0,4.2875,4.275,4.2875,4.3625,4.05,4.05,4.2250000000000005,4.425,3.9625,3.9000000000000004
_,_,14:650:289:01,Prof Development Mae,_,923.0,287.0,3.0,2.0,22.0,78.0,133.0,49.0,5.0,4.0,21.0,77.0,130.0,50.0,11.0,9.0,34.0,66.0,117.0,50.0,3.0,2.0,19.0,83.0,130.0,50.0,3.0,4.0,15.0,73.0,141.0,51.0,7.0,6.0,30.0,72.0,121.0,51.0,15.0,17.0,36.0,107.0,87.0,25.0,16.0,18.0,78.0,81.0,68.0,26.0,6.0,6.0,24.0,83.0,130.0,38.0,9.0,14.0,40.0,93.0,124.0,7.0,4.29921875,3.9640625,3.796875,4.1078125,4.38046875,3.8546875,3.815625,3.51171875,4.141406249999999,3.928125
_,_,14:650:291:01,Mech Materials,_,803.0,260.0,17.0,25.0,43.0,83.0,68.0,24.0,30.0,25.0,40.0,72.0,67.0,26.0,28.0,25.0,64.0,64.0,54.0,25.0,14.0,11.0,45.0,83.0,83.0,24.0,11.0,10.0,37.0,99.0,79.0,24.0,34.0,21.0,69.0,57.0,53.0,26.0,23.0,26.0,49.0,77.0,56.0,29.0,7.0,22.0,89.0,74.0,38.0,30.0,46.0,30.0,53.0,68.0,49.0,14.0,40.0,34.0,67.0,63.0,44.0,12.0,3.946484375,3.85625,3.591015625,4.0140625,3.813671875,3.515625,3.6515625,3.503515625,3.48125,3.37421875
_,_,14:650:312:01,Fluid Mechanics,_,870.0,361.0,2.0,9.0,23.0,110.0,185.0,32.0,2.0,14.0,38.0,104.0,171.0,32.0,6.0,11.0,30.0,103.0,179.0,32.0,2.0,8.0,36.0,97.0,188.0,30.0,4.0,16.0,48.0,118.0,144.0,31.0,6.0,10.0,45.0,106.0,164.0,30.0,3.0,14.0,31.0,124.0,156.0,33.0,7.0,28.0,85.0,114.0,95.0,32.0,12.0,13.0,42.0,102.0,181.0,11.0,13.0,16.0,50.0,118.0,154.0,10.0,4.2203125,4.244921875,4.008203125,4.3046875,4.166796875,4.030859375,4.087109375,3.6960937499999997,3.8628906250000004,3.727734375
_,_,14:650:342:01,Design Mech Compnts,_,765.0,236.0,5.0,16.0,28.0,78.0,86.0,23.0,5.0,14.0,37.0,75.0,83.0,22.0,13.0,23.0,37.0,63.0,77.0,23.0,3.0,9.0,31.0,72.0,99.0,22.0,2.0,4.0,28.0,70.0,108.0,24.0,15.0,17.0,44.0,61.0,76.0,23.0,11.0,18.0,46.0,69.0,70.0,22.0,4.0,24.0,66.0,54.0,66.0,22.0,16.0,24.0,46.0,61.0,80.0,9.0,14.0,26.0,51.0,68.0,66.0,11.0,4.378125,4.301171875,4.046484375,4.386328125,4.401953125,3.99453125,4.16640625,3.871875,4.012499999999999,3.92890625
_,_,14:650:350:01,Mech Eng Mes W/lab,_,981.0,446.0,36.0,44.0,74.0,110.0,129.0,53.0,47.0,46.0,76.0,102.0,120.0,55.0,62.0,53.0,84.0,97.0,95.0,55.0,34.0,23.0,79.0,122.0,134.0,54.0,30.0,36.0,101.0,116.0,107.0,56.0,60.0,58.0,85.0,98.0,92.0,53.0,47.0,56.0,99.0,136.0,81.0,27.0,34.0,90.0,150.0,95.0,47.0,30.0,93.0,44.0,65.0,98.0,101.0,45.0,91.0,62.0,97.0,112.0,66.0,18.0,2.5890625,2.43046875,2.38828125,3.1351562499999996,3.17890625,2.4234375000000004,2.646875,2.8765625,2.23359375,2.22109375
_,_,14:650:351:01,Thermodynamics,_,902.0,312.0,9.0,21.0,29.0,104.0,128.0,21.0,19.0,21.0,42.0,98.0,110.0,22.0,22.0,20.0,48.0,99.0,101.0,22.0,13.0,15.0,40.0,105.0,118.0,21.0,14.0,28.0,40.0,96.0,108.0,26.0,24.0,25.0,58.0,93.0,89.0,23.0,10.0,21.0,31.0,122.0,103.0,25.0,12.0,34.0,78.0,105.0,60.0,23.0,29.0,31.0,52.0,95.0,97.0,8.0,33.0,28.0,55.0,103.0,84.0,9.0,3.9757812500000003,3.96171875,3.712890625,4.10390625,3.8777343749999997,3.6433593749999997,3.84296875,3.567578125,3.532421875,3.398046875
_,_,14:650:361:01,Intro Mechantronics,_,860.0,803.0,43.0,69.0,126.0,300.0,233.0,32.0,53.0,56.0,137.0,282.0,242.0,33.0,53.0,56.0,178.0,243.0,235.0,38.0,28.0,18.0,106.0,247.0,368.0,36.0,40.0,24.0,94.0,264.0,347.0,34.0,47.0,44.0,141.0,271.0,263.0,37.0,43.0,50.0,155.0,335.0,186.0,34.0,47.0,105.0,249.0,222.0,146.0,34.0,84.0,65.0,143.0,251.0,240.0,20.0,73.0,68.0,160.0,289.0,191.0,22.0,3.7734375,3.815625,3.7015625,4.231249999999999,4.1640625,3.8875,3.7062500000000003,3.3828125,3.6015625,3.53125
_,_,14:650:388:01,Cad In Mech Engg,_,573.0,215.0,11.0,10.0,29.0,54.0,57.0,54.0,13.0,16.0,30.0,51.0,53.0,52.0,14.0,18.0,36.0,45.0,49.0,53.0,13.0,14.0,30.0,49.0,55.0,54.0,9.0,7.0,44.0,48.0,56.0,51.0,15.0,14.0,36.0,48.0,47.0,55.0,4.0,6.0,17.0,77.0,103.0,8.0,4.0,2.0,32.0,77.0,94.0,6.0,17.0,20.0,28.0,44.0,51.0,55.0,13.0,21.0,31.0,80.0,63.0,7.0,4.1474609375,4.1,3.9470703125,4.1501953125,4.0544921875,3.985546875,4.551562499999999,4.31484375,4.0763671875,4.231640625
_,_,14:650:401:01,Dyn Sys & Cntl,_,847.0,284.0,18.0,24.0,38.0,104.0,90.0,10.0,19.0,19.0,44.0,98.0,91.0,13.0,27.0,34.0,55.0,79.0,79.0,10.0,14.0,15.0,31.0,101.0,111.0,12.0,17.0,13.0,37.0,107.0,99.0,11.0,25.0,36.0,60.0,77.0,76.0,10.0,20.0,32.0,49.0,101.0,72.0,10.0,35.0,41.0,91.0,53.0,54.0,10.0,32.0,34.0,55.0,80.0,79.0,4.0,38.0,41.0,60.0,80.0,61.0,4.0,3.6628906249999997,3.7789062500000004,3.408984375,3.91484375,3.9203125,3.45234375,3.519140625,3.048828125,3.3285156249999996,3.145703125
_,_,14:650:431:01,Mech Engg Lab I,_,958.0,316.0,6.0,6.0,46.0,83.0,80.0,95.0,11.0,11.0,51.0,73.0,84.0,86.0,7.0,20.0,60.0,66.0,67.0,96.0,6.0,10.0,56.0,80.0,69.0,95.0,7.0,11.0,52.0,78.0,66.0,102.0,7.0,10.0,60.0,78.0,64.0,97.0,20.0,34.0,50.0,112.0,78.0,22.0,15.0,28.0,82.0,111.0,56.0,24.0,10.0,11.0,58.0,84.0,68.0,85.0,28.0,30.0,72.0,105.0,67.0,14.0,3.998505783081055,4.005164718627929,3.4212890624999996,3.4610097885131834,3.9771606445312497,3.4566940307617187,4.446360778808594,3.389078903198242,4.015616989135742,4.453664016723633
_,_,14:650:439:01,Multiphysics Simu,_,793.0,301.0,5.0,12.0,23.0,89.0,152.0,20.0,7.0,15.0,35.0,88.0,140.0,16.0,12.0,13.0,45.0,102.0,113.0,16.0,8.0,15.0,32.0,103.0,126.0,17.0,7.0,11.0,28.0,106.0,129.0,20.0,6.0,27.0,43.0,88.0,115.0,22.0,6.0,17.0,33.0,107.0,120.0,18.0,8.0,23.0,79.0,93.0,80.0,18.0,11.0,11.0,49.0,101.0,122.0,7.0,10.0,20.0,49.0,115.0,98.0,9.0,4.491357421875,4.4284423828125,4.21337890625,4.475146484375,4.2763427734375,4.1920166015625,4.3697509765625,3.9431396484374996,4.2317138671875,4.0373291015625
_,_,14:650:451:01,Vehicle Dynamics,_,134.0,55.0,2.0,2.0,3.0,26.0,21.0,1.0,2.0,2.0,8.0,21.0,21.0,1.0,4.0,3.0,3.0,21.0,22.0,2.0,2.0,0.0,5.0,18.0,29.0,1.0,2.0,2.0,6.0,24.0,19.0,2.0,5.0,1.0,3.0,26.0,19.0,1.0,3.0,1.0,8.0,24.0,18.0,1.0,0.0,2.0,10.0,18.0,24.0,1.0,6.0,3.0,6.0,21.0,19.0,0.0,5.0,2.0,6.0,22.0,20.0,0.0,4.1,3.9,3.8499999999999996,4.175,4.05,3.825,3.875,4.25,3.625,3.725
_,_,14:650:455:01,Design Of Mechanisms,_,165.0,76.0,2.0,5.0,5.0,20.0,43.0,1.0,3.0,3.0,6.0,19.0,43.0,2.0,5.0,2.0,12.0,21.0,34.0,2.0,2.0,2.0,2.0,22.0,47.0,1.0,2.0,5.0,6.0,21.0,40.0,2.0,6.0,3.0,13.0,19.0,34.0,1.0,6.0,4.0,7.0,25.0,32.0,2.0,3.0,6.0,22.0,23.0,21.0,1.0,4.0,3.0,10.0,19.0,39.0,1.0,5.0,5.0,9.0,26.0,30.0,1.0,3.65,3.725,3.5375,4.15,3.9499999999999997,3.5374999999999996,3.3625,3.6,3.4875,3.275
_,_,14:650:457:01,Spacecraft/mis De,_,447.0,185.0,1.0,1.0,6.0,41.0,131.0,5.0,1.0,2.0,11.0,39.0,126.0,6.0,7.0,4.0,10.0,38.0,120.0,6.0,1.0,2.0,4.0,43.0,129.0,6.0,2.0,2.0,13.0,54.0,107.0,7.0,5.0,2.0,18.0,52.0,101.0,7.0,5.0,3.0,9.0,58.0,104.0,6.0,3.0,2.0,19.0,71.0,84.0,6.0,4.0,5.0,13.0,40.0,119.0,4.0,4.0,4.0,10.0,51.0,112.0,4.0,4.5875,4.5,4.26875,4.55625,4.475,4.237500000000001,4.25625,4.2,4.33125,4.356249999999999
_,_,14:650:462:01,Power Plants,_,286.0,105.0,1.0,1.0,11.0,32.0,55.0,5.0,1.0,0.0,7.0,27.0,65.0,5.0,1.0,0.0,3.0,26.0,70.0,5.0,1.0,0.0,3.0,22.0,74.0,5.0,4.0,3.0,20.0,28.0,44.0,6.0,3.0,4.0,9.0,32.0,52.0,5.0,2.0,1.0,11.0,38.0,47.0,6.0,1.0,4.0,21.0,42.0,31.0,6.0,3.0,2.0,11.0,31.0,56.0,2.0,3.0,3.0,11.0,38.0,47.0,3.0,4.3500000000000005,4.5375,4.63125,4.6875,4.206250000000001,4.2875,4.24375,4.0375,4.3187500000000005,4.18125
_,_,14:650:465:01,Orbital Mechanics,_,353.0,114.0,2.0,9.0,11.0,46.0,44.0,2.0,7.0,10.0,15.0,41.0,38.0,3.0,13.0,15.0,18.0,35.0,31.0,2.0,5.0,4.0,15.0,44.0,44.0,2.0,4.0,8.0,10.0,42.0,48.0,2.0,15.0,10.0,14.0,38.0,35.0,2.0,5.0,5.0,14.0,45.0,43.0,2.0,1.0,3.0,16.0,38.0,54.0,2.0,15.0,6.0,21.0,32.0,40.0,0.0,8.0,13.0,15.0,38.0,40.0,0.0,4.275,4.0375,3.9125,4.2625,4.3375,4.0625,4.2125,4.2875,4.112500000000001,4.15
_,_,14:650:467:01,Design & Mfg. I,_,1791.0,735.0,10.0,9.0,58.0,226.0,363.0,69.0,11.0,11.0,63.0,206.0,389.0,55.0,15.0,19.0,94.0,196.0,347.0,64.0,11.0,7.0,65.0,204.0,396.0,52.0,7.0,4.0,74.0,154.0,332.0,164.0,10.0,14.0,80.0,203.0,353.0,75.0,42.0,28.0,130.0,237.0,259.0,39.0,26.0,28.0,150.0,227.0,259.0,45.0,11.0,15.0,73.0,210.0,374.0,52.0,46.0,44.0,119.0,258.0,247.0,21.0,4.40221003529842,4.414952030475151,4.3979126773203845,4.385510785375503,4.41969603406141,4.410511719380203,3.5173772522629365,3.496041470716849,4.023052250964629,3.058930754189756
_,_,14:650:474:01,Alt Energy I,_,249.0,107.0,6.0,7.0,8.0,40.0,42.0,4.0,4.0,7.0,13.0,26.0,51.0,6.0,5.0,6.0,13.0,30.0,48.0,5.0,2.0,3.0,8.0,28.0,61.0,5.0,2.0,5.0,15.0,37.0,41.0,7.0,7.0,7.0,15.0,37.0,36.0,5.0,5.0,8.0,8.0,45.0,36.0,5.0,1.0,3.0,24.0,35.0,39.0,5.0,7.0,7.0,16.0,36.0,38.0,3.0,9.0,6.0,17.0,35.0,37.0,3.0,4.08125,4.21875,4.15625,4.3999999999999995,4.06875,3.94375,4.06875,3.94375,4.01875,3.9625
_,_,14:650:481:01,Heat Transfer,_,675.0,206.0,7.0,10.0,26.0,69.0,85.0,9.0,7.0,11.0,19.0,73.0,86.0,10.0,12.0,17.0,28.0,58.0,81.0,10.0,7.0,4.0,21.0,56.0,109.0,9.0,6.0,5.0,26.0,64.0,92.0,13.0,13.0,13.0,32.0,67.0,71.0,10.0,8.0,5.0,29.0,84.0,69.0,11.0,9.0,20.0,60.0,64.0,42.0,11.0,13.0,11.0,25.0,72.0,77.0,8.0,9.0,13.0,39.0,78.0,59.0,8.0,3.8652343750000004,3.980078125,3.9,3.994140625,3.903125,3.71796875,4.234375,3.559765625,3.811328125,3.891796875
_,_,14:650:487:B7,Ae Design 1,_,437.0,139.0,0.0,0.0,11.0,53.0,58.0,17.0,0.0,2.0,11.0,48.0,62.0,16.0,4.0,2.0,15.0,46.0,55.0,17.0,0.0,0.0,13.0,48.0,59.0,19.0,0.0,0.0,12.0,45.0,43.0,39.0,2.0,3.0,12.0,48.0,50.0,24.0,7.0,9.0,22.0,45.0,46.0,10.0,2.0,0.0,34.0,51.0,43.0,9.0,0.0,2.0,14.0,54.0,54.0,15.0,5.0,8.0,30.0,48.0,43.0,5.0,4.612113571166992,4.612147665023803,4.31941704750061,4.476258754730225,4.472555875778198,4.319382858276367,4.079943466186523,3.8406554698944095,3.984776258468628,3.8422401428222654
_,_,14:125:499:01,Topics In Biomedical Engineering: Health Tech In Situ: Data & Enterprise,_,84.0,21.0,0.0,0.0,3.0,8.0,10.0,0.0,0.0,0.0,0.0,9.0,12.0,0.0,0.0,0.0,2.0,6.0,13.0,0.0,0.0,0.0,0.0,8.0,13.0,0.0,0.0,0.0,2.0,5.0,9.0,5.0,0.0,0.0,1.0,9.0,11.0,0.0,0.0,1.0,2.0,6.0,11.0,1.0,0.0,0.0,4.0,9.0,8.0,0.0,0.0,0.0,2.0,6.0,13.0,0.0,0.0,1.0,2.0,4.0,14.0,0.0,4.15,4.425,4.324999999999999,4.45,4.275,4.3,4.175,3.925,4.375,4.225
_,_,14:332:223:01,Principles Of Electrical Engineering I Lab,_,246.0,58.0,1.0,0.0,5.0,13.0,31.0,8.0,0.0,0.0,3.0,18.0,32.0,5.0,0.0,0.0,4.0,16.0,33.0,5.0,0.0,0.0,4.0,13.0,37.0,4.0,0.0,0.0,4.0,15.0,31.0,8.0,0.0,0.0,4.0,14.0,35.0,5.0,0.0,2.0,9.0,22.0,24.0,1.0,0.0,0.0,10.0,20.0,28.0,0.0,0.0,0.0,3.0,13.0,37.0,5.0,0.0,1.0,9.0,20.0,27.0,1.0,4.46484375,4.61484375,4.68984375,4.76640625,4.75390625,4.715624999999999,4.4046875,4.40078125,4.64453125,4.515625
_,_,14:332:224:01,Principles Of Electrical Engineering II Lab,_,206.0,48.0,0.0,0.0,3.0,23.0,18.0,4.0,0.0,0.0,3.0,18.0,23.0,4.0,0.0,0.0,5.0,20.0,19.0,4.0,0.0,0.0,2.0,20.0,20.0,6.0,0.0,0.0,2.0,20.0,20.0,6.0,0.0,0.0,2.0,24.0,18.0,4.0,1.0,2.0,8.0,22.0,15.0,0.0,1.0,3.0,21.0,11.0,11.0,1.0,0.0,0.0,3.0,17.0,24.0,4.0,0.0,4.0,8.0,21.0,14.0,1.0,4.228125,4.262499999999999,4.2140625,4.237500000000001,4.2671875,4.20625,3.8,3.5921874999999996,4.403125,3.7859375
_,_,14:332:233:01,Digital Logic Design Lab,_,240.0,56.0,1.0,1.0,3.0,18.0,26.0,7.0,0.0,2.0,5.0,17.0,25.0,7.0,2.0,0.0,6.0,20.0,20.0,8.0,0.0,0.0,5.0,20.0,24.0,7.0,0.0,0.0,3.0,15.0,31.0,7.0,1.0,1.0,6.0,17.0,22.0,9.0,0.0,0.0,10.0,24.0,21.0,1.0,1.0,2.0,10.0,20.0,20.0,3.0,0.0,2.0,7.0,19.0,22.0,6.0,0.0,0.0,11.0,20.0,23.0,2.0,4.481249999999999,4.4375,4.265625,4.49375,4.653125,4.1812499999999995,4.334375,4.090624999999999,4.28125,4.262499999999999
_,_,14:332:333:01,Computer Architecture Lab,_,241.0,64.0,2.0,4.0,6.0,18.0,20.0,14.0,2.0,3.0,7.0,19.0,21.0,12.0,3.0,2.0,8.0,21.0,15.0,15.0,2.0,3.0,6.0,18.0,22.0,13.0,3.0,2.0,9.0,20.0,15.0,15.0,2.0,2.0,11.0,16.0,18.0,15.0,3.0,6.0,16.0,18.0,17.0,4.0,8.0,8.0,20.0,19.0,7.0,2.0,2.0,4.0,8.0,14.0,21.0,15.0,8.0,8.0,16.0,19.0,12.0,1.0,3.9625,4.21875,4.1375,4.418749999999999,3.8812499999999996,4.14375,3.88125,3.34375,4.19375,3.50625
_,_,14:332:351:01,Progrm Methodologyii,_,307.0,120.0,2.0,1.0,11.0,46.0,54.0,6.0,3.0,2.0,10.0,50.0,49.0,6.0,3.0,2.0,28.0,40.0,40.0,7.0,3.0,0.0,10.0,47.0,53.0,7.0,2.0,4.0,10.0,48.0,49.0,7.0,3.0,3.0,20.0,47.0,40.0,7.0,2.0,3.0,16.0,45.0,50.0,4.0,2.0,9.0,22.0,45.0,37.0,5.0,2.0,3.0,22.0,52.0,36.0,5.0,4.0,3.0,24.0,53.0,31.0,5.0,4.275,4.199999999999999,3.9749999999999996,4.275,4.25,4.05,4.225,3.925,4.074999999999999,3.925
_,_,14:332:363:01,Electronic Devices Lab,_,127.0,38.0,1.0,4.0,9.0,7.0,11.0,6.0,1.0,5.0,9.0,6.0,12.0,5.0,2.0,5.0,12.0,6.0,8.0,5.0,0.0,5.0,8.0,7.0,13.0,5.0,0.0,6.0,6.0,6.0,10.0,10.0,2.0,5.0,8.0,7.0,10.0,6.0,0.0,8.0,8.0,9.0,11.0,2.0,0.0,6.0,13.0,11.0,8.0,0.0,4.0,4.0,8.0,7.0,9.0,6.0,3.0,6.0,12.0,7.0,10.0,0.0,3.56484375,3.4904296875,3.138671875,3.7033203125,3.4037109375,3.215234375,3.5687499999999996,3.6070312500000004,3.1072265625,3.2359375000000004
_,_,14:332:448:01,Capstone Design Ece,_,42.0,14.0,0.0,0.0,0.0,6.0,6.0,2.0,0.0,1.0,0.0,3.0,9.0,1.0,0.0,0.0,2.0,3.0,7.0,2.0,0.0,0.0,1.0,4.0,8.0,1.0,0.0,0.0,0.0,4.0,8.0,2.0,0.0,0.0,0.0,5.0,8.0,1.0,0.0,0.0,0.0,5.0,8.0,1.0,0.0,0.0,1.0,4.0,9.0,0.0,0.0,0.0,1.0,4.0,8.0,1.0,0.0,0.0,1.0,5.0,7.0,1.0,4.65,4.75,4.525,4.55,4.7,4.675,4.775,4.75,4.55,4.625
_,_,14:440:302:01,Cad For Packaging Engineering,_,135.0,106.0,2.0,2.0,9.0,31.0,57.0,5.0,6.0,1.0,10.0,25.0,59.0,5.0,3.0,2.0,11.0,33.0,52.0,5.0,2.0,3.0,12.0,26.0,58.0,5.0,2.0,2.0,13.0,35.0,49.0,5.0,2.0,6.0,8.0,39.0,46.0,5.0,2.0,0.0,7.0,24.0,71.0,2.0,2.0,9.0,12.0,35.0,46.0,2.0,3.0,2.0,12.0,29.0,56.0,4.0,3.0,2.0,11.0,37.0,52.0,1.0,4.29375,4.21875,4.15625,4.19375,4.143750000000001,4.08125,4.487500000000001,4.04375,4.24375,4.24375
_,_,14:440:470:01,Packaging Lab I,_,57.0,20.0,1.0,4.0,6.0,8.0,0.0,1.0,3.0,2.0,6.0,5.0,3.0,1.0,1.0,5.0,6.0,4.0,3.0,1.0,1.0,1.0,5.0,9.0,3.0,1.0,2.0,4.0,6.0,6.0,0.0,2.0,1.0,5.0,8.0,4.0,1.0,1.0,2.0,2.0,3.0,9.0,3.0,1.0,0.0,1.0,5.0,6.0,7.0,1.0,2.0,4.0,6.0,7.0,1.0,0.0,2.0,5.0,5.0,7.0,1.0,0.0,3.1,3.025,3.0999999999999996,3.575,2.875,2.9,3.5,4.025,3.0,2.95
_,_,14:540:434:01,Quality Engr Lab,_,70.0,20.0,0.0,0.0,0.0,6.0,13.0,1.0,0.0,0.0,0.0,5.0,14.0,1.0,0.0,0.0,1.0,7.0,11.0,1.0,0.0,0.0,0.0,5.0,14.0,1.0,0.0,0.0,0.0,4.0,14.0,2.0,0.0,0.0,1.0,5.0,13.0,1.0,0.0,2.0,1.0,10.0,7.0,0.0,0.0,2.0,4.0,9.0,5.0,0.0,0.0,0.0,1.0,6.0,13.0,0.0,0.0,0.0,2.0,7.0,11.0,0.0,4.85,4.8625,4.5375,4.8625,4.9125,4.8,4.1125,3.9749999999999996,4.7125,4.6
_,_,14:540:487:01,Energy Systems Model,_,13.0,7.0,0.0,0.0,1.0,1.0,4.0,1.0,0.0,0.0,0.0,2.0,5.0,0.0,0.0,0.0,0.0,3.0,4.0,0.0,0.0,0.0,0.0,2.0,5.0,0.0,0.0,0.0,0.0,1.0,6.0,0.0,0.0,0.0,0.0,1.0,5.0,1.0,0.0,0.0,0.0,3.0,4.0,0.0,0.0,1.0,1.0,1.0,4.0,0.0,0.0,0.0,0.0,2.0,5.0,0.0,0.0,0.0,0.0,1.0,5.0,1.0,4.5,4.75,4.55,4.75,4.85,4.9,4.55,4.0,4.75,4.9
_,_,14:635:316:01,Eom Prop Of Matls,_,29.0,15.0,0.0,0.0,2.0,2.0,11.0,0.0,1.0,1.0,2.0,1.0,10.0,0.0,0.0,4.0,1.0,1.0,9.0,0.0,0.0,0.0,3.0,2.0,10.0,0.0,0.0,0.0,0.0,4.0,11.0,0.0,0.0,1.0,3.0,2.0,9.0,0.0,0.0,1.0,3.0,0.0,11.0,0.0,1.0,2.0,3.0,2.0,7.0,0.0,1.0,0.0,3.0,2.0,9.0,0.0,1.0,0.0,3.0,1.0,10.0,0.0,4.7,4.4,4.25,4.6,4.800000000000001,4.45,4.55,3.925,4.4,4.45
_,_,14:635:402:01,Senior Mse Lab,_,26.0,19.0,0.0,0.0,2.0,7.0,7.0,3.0,0.0,0.0,1.0,8.0,10.0,0.0,0.0,0.0,1.0,5.0,8.0,5.0,0.0,0.0,0.0,9.0,9.0,1.0,1.0,1.0,2.0,6.0,6.0,3.0,0.0,0.0,1.0,9.0,8.0,1.0,0.0,2.0,1.0,9.0,6.0,1.0,0.0,0.0,5.0,8.0,4.0,2.0,0.0,0.0,1.0,11.0,7.0,0.0,0.0,0.0,4.0,10.0,5.0,0.0,4.35,4.5,4.5,4.5,3.9499999999999997,4.35,4.1,3.9,4.300000000000001,4.05
_,_,14:125:424:01,Biomed Instrumnt Lab,_,47.0,31.0,0.0,0.0,2.0,7.0,19.0,3.0,0.0,0.0,2.0,10.0,16.0,3.0,0.0,0.0,2.0,6.0,20.0,3.0,0.0,0.0,1.0,5.0,22.0,3.0,0.0,2.0,6.0,10.0,10.0,3.0,0.0,0.0,4.0,9.0,15.0,3.0,0.0,0.0,1.0,13.0,14.0,3.0,0.0,3.0,6.0,4.0,14.0,4.0,0.0,2.0,0.0,9.0,19.0,1.0,0.0,0.0,2.0,10.0,18.0,1.0,4.6,4.550000000000001,4.65,4.8,4.0,4.4,4.5,4.15,4.5,4.55
_,_,14:332:443:01,Machine Learning For Engineers,_,131.0,70.0,1.0,3.0,2.0,26.0,36.0,2.0,1.0,0.0,6.0,22.0,39.0,2.0,1.0,5.0,6.0,22.0,32.0,4.0,1.0,0.0,7.0,16.0,44.0,2.0,1.0,3.0,9.0,21.0,34.0,2.0,1.0,4.0,8.0,31.0,24.0,2.0,1.0,1.0,9.0,23.0,33.0,3.0,1.0,1.0,9.0,30.0,26.0,3.0,0.0,2.0,9.0,22.0,35.0,2.0,0.0,3.0,11.0,24.0,29.0,3.0,4.35,4.425,4.074999999999999,4.5,4.15,4.0,4.175,4.225,4.15,4.05
_,_,14:332:466:01,Opto-Electronics Devices,_,5.0,2.0,1.0,0.0,0.0,1.0,0.0,0.0,0.0,0.0,0.0,2.0,0.0,0.0,0.0,0.0,0.0,2.0,0.0,0.0,0.0,0.0,0.0,1.0,1.0,0.0,0.0,0.0,1.0,1.0,0.0,0.0,0.0,0.0,1.0,1.0,0.0,0.0,0.0,0.0,0.0,2.0,0.0,0.0,0.0,0.0,1.0,1.0,0.0,0.0,1.0,0.0,0.0,1.0,0.0,0.0,0.0,1.0,0.0,1.0,0.0,0.0,2.5,4.0,4.0,4.5,3.5,3.5,4.0,3.5,2.5,3.0
_,_,14:635:252:01,Lab I,_,36.0,25.0,0.0,0.0,0.0,6.0,19.0,0.0,0.0,0.0,0.0,4.0,21.0,0.0,0.0,0.0,0.0,5.0,20.0,0.0,0.0,0.0,0.0,2.0,23.0,0.0,1.0,0.0,0.0,4.0,20.0,0.0,0.0,0.0,0.0,5.0,20.0,0.0,0.0,0.0,1.0,6.0,18.0,0.0,0.0,0.0,5.0,9.0,11.0,0.0,0.0,0.0,0.0,5.0,20.0,0.0,0.0,0.0,3.0,6.0,16.0,0.0,4.775,4.8,4.775,4.9,4.7,4.775,4.675,4.225,4.775,4.525
_,_,14:650:447:01,Probabilistic Models,_,42.0,5.0,1.0,0.0,0.0,1.0,3.0,0.0,1.0,0.0,0.0,0.0,4.0,0.0,1.0,0.0,0.0,1.0,3.0,0.0,1.0,0.0,0.0,0.0,4.0,0.0,1.0,0.0,0.0,0.0,2.0,2.0,1.0,0.0,0.0,2.0,2.0,0.0,1.0,0.0,0.0,2.0,2.0,0.0,1.0,0.0,2.0,1.0,1.0,0.0,0.0,0.0,0.0,2.0,3.0,0.0,0.0,0.0,1.0,1.0,3.0,0.0,4.0,4.2,4.0,4.2,3.7,3.8,3.8,3.2,4.6,4.4
_,_,14:125:498:01,Topics In Biomedical Engineering,_,54.0,40.0,0.0,0.0,2.0,9.0,28.0,1.0,0.0,0.0,3.0,6.0,29.0,2.0,0.0,0.0,2.0,6.0,31.0,1.0,0.0,0.0,2.0,6.0,31.0,1.0,0.0,1.0,1.0,7.0,30.0,1.0,0.0,0.0,2.0,5.0,32.0,1.0,0.0,1.0,6.0,6.0,25.0,2.0,0.0,1.0,6.0,10.0,21.0,2.0,0.0,0.0,2.0,9.0,28.0,1.0,0.0,0.0,2.0,9.0,28.0,1.0,4.574999999999999,4.6,4.7,4.65,4.625,4.7,4.3,4.425,4.6000000000000005,4.6000000000000005
_,_,14:332:446:06,Topics In Electrical & Computer Engineering: Distributed Deep Learning,_,163.0,65.0,1.0,0.0,1.0,6.0,54.0,3.0,1.0,0.0,1.0,8.0,52.0,3.0,1.0,0.0,0.0,7.0,54.0,3.0,1.0,0.0,0.0,5.0,56.0,3.0,1.0,0.0,2.0,9.0,50.0,3.0,0.0,0.0,0.0,9.0,52.0,4.0,0.0,0.0,1.0,15.0,45.0,4.0,1.0,0.0,6.0,18.0,35.0,5.0,0.0,0.0,0.0,5.0,58.0,2.0,0.0,0.0,1.0,7.0,55.0,2.0,4.825,4.775,4.8375,4.85,4.7625,4.8500000000000005,4.7625,4.574999999999999,4.9375,4.8500000000000005
_,_,14:440:107:01,Method Of Inquiry For Engineers,_,55.0,11.0,1.0,0.0,1.0,1.0,6.0,2.0,1.0,0.0,0.0,1.0,7.0,2.0,1.0,1.0,2.0,2.0,3.0,2.0,1.0,0.0,0.0,2.0,6.0,2.0,1.0,0.0,2.0,0.0,6.0,2.0,1.0,0.0,0.0,2.0,5.0,3.0,0.0,1.0,2.0,2.0,4.0,2.0,1.0,1.0,4.0,2.0,1.0,2.0,0.0,0.0,2.0,2.0,6.0,1.0,0.0,1.0,2.0,3.0,4.0,1.0,4.375,4.575,3.625,4.475,4.25,4.425000000000001,4.075,3.05,4.325,4.075
_,_,14:125:315:01,Bme Measur & Analys,_,342.0,73.0,1.0,1.0,7.0,26.0,26.0,12.0,0.0,1.0,10.0,24.0,30.0,8.0,0.0,2.0,12.0,22.0,25.0,12.0,0.0,0.0,7.0,28.0,27.0,11.0,0.0,1.0,5.0,28.0,27.0,12.0,0.0,1.0,9.0,28.0,22.0,13.0,1.0,0.0,5.0,30.0,30.0,7.0,1.0,2.0,11.0,32.0,19.0,8.0,0.0,1.0,9.0,28.0,27.0,8.0,0.0,3.0,9.0,29.0,28.0,4.0,4.125,4.225,4.025,4.275,4.175,4.1,4.25,3.9,4.15,4.050000000000001
_,_,14:125:402:01,Senior Design II Lec,_,202.0,56.0,3.0,5.0,5.0,22.0,19.0,2.0,4.0,2.0,10.0,18.0,21.0,1.0,2.0,3.0,15.0,19.0,16.0,1.0,3.0,1.0,5.0,23.0,23.0,1.0,3.0,3.0,8.0,17.0,20.0,5.0,3.0,2.0,16.0,17.0,17.0,1.0,3.0,5.0,14.0,22.0,11.0,1.0,2.0,2.0,16.0,24.0,11.0,1.0,2.0,6.0,11.0,21.0,15.0,1.0,3.0,6.0,12.0,22.0,12.0,1.0,4.05,4.05,3.9000000000000004,4.2,4.05,3.9,3.65,3.75,3.9,3.75
_,_,14:125:431:01,Intro Opticl Imaging,_,48.0,14.0,0.0,1.0,3.0,5.0,5.0,0.0,1.0,3.0,1.0,2.0,7.0,0.0,0.0,2.0,0.0,6.0,6.0,0.0,0.0,2.0,2.0,1.0,9.0,0.0,0.0,0.0,2.0,4.0,7.0,1.0,0.0,4.0,0.0,4.0,6.0,0.0,0.0,2.0,2.0,4.0,6.0,0.0,0.0,2.0,3.0,7.0,2.0,0.0,1.0,2.0,1.0,5.0,5.0,0.0,1.0,2.0,2.0,4.0,5.0,0.0,4.074999999999999,4.1,4.325,4.375,4.425000000000001,3.9749999999999996,4.35,3.75,4.1,4.15
_,_,14:125:434:01,Tissue Eng II,_,56.0,14.0,0.0,0.0,0.0,5.0,8.0,1.0,0.0,0.0,1.0,4.0,9.0,0.0,0.0,0.0,1.0,5.0,8.0,0.0,0.0,0.0,1.0,3.0,10.0,0.0,0.0,0.0,3.0,4.0,7.0,0.0,0.0,0.0,1.0,5.0,8.0,0.0,0.0,0.0,1.0,5.0,8.0,0.0,0.0,0.0,0.0,6.0,8.0,0.0,0.0,0.0,1.0,6.0,7.0,0.0,0.0,0.0,1.0,5.0,8.0,0.0,4.9,4.875,4.85,4.9,4.55,4.625,4.85,4.875,4.825,4.85
_,_,14:125:455:01,Bme Global Health,_,194.0,127.0,0.0,1.0,7.0,34.0,84.0,1.0,0.0,2.0,5.0,36.0,83.0,1.0,0.0,2.0,10.0,36.0,77.0,2.0,1.0,1.0,3.0,36.0,85.0,1.0,0.0,5.0,17.0,42.0,62.0,1.0,0.0,1.0,13.0,42.0,69.0,2.0,0.0,0.0,12.0,53.0,61.0,1.0,0.0,5.0,19.0,50.0,49.0,4.0,1.0,1.0,11.0,38.0,74.0,2.0,0.0,0.0,9.0,54.0,63.0,1.0,4.65,4.6,4.5,4.575,4.175,4.425,4.45,4.175,4.5,4.475
_,_,14:125:470:01,Advanced Biomedical Devices Lab,_,100.0,25.0,0.0,0.0,1.0,10.0,14.0,0.0,0.0,0.0,1.0,10.0,14.0,0.0,0.0,0.0,2.0,9.0,14.0,0.0,0.0,0.0,0.0,10.0,14.0,1.0,0.0,0.0,0.0,9.0,16.0,0.0,0.0,0.0,2.0,10.0,13.0,0.0,0.0,1.0,2.0,9.0,13.0,0.0,1.0,2.0,6.0,10.0,6.0,0.0,0.0,0.0,1.0,11.0,13.0,0.0,0.0,0.0,3.0,9.0,13.0,0.0,4.434374999999999,4.534375,4.540625,4.5625,4.6875,4.346875000000001,4.296875,3.54375,4.334375,4.315625000000001
_,_,14:125:494:01,Bme Ha Adv Res II,_,14.0,2.0,0.0,0.0,0.0,2.0,0.0,0.0,0.0,0.0,0.0,2.0,0.0,0.0,0.0,0.0,1.0,1.0,0.0,0.0,0.0,0.0,0.0,1.0,1.0,0.0,0.0,0.0,0.0,1.0,1.0,0.0,0.0,0.0,0.0,2.0,0.0,0.0,0.0,0.0,0.0,1.0,1.0,0.0,0.0,0.0,0.0,1.0,1.0,0.0,0.0,0.0,0.0,2.0,0.0,0.0,0.0,0.0,0.0,1.0,1.0,0.0,4.0,4.0,3.5,4.5,4.5,4.0,4.5,4.5,4.0,4.5
_,_,14:155:208:01,Chemical Engineering Thermodynamics I,_,45.0,17.0,0.0,2.0,0.0,5.0,10.0,0.0,0.0,1.0,1.0,7.0,8.0,0.0,0.0,2.0,0.0,9.0,6.0,0.0,0.0,1.0,0.0,7.0,9.0,0.0,0.0,1.0,0.0,6.0,10.0,0.0,0.0,2.0,2.0,5.0,7.0,1.0,1.0,0.0,2.0,5.0,9.0,0.0,0.0,0.0,5.0,9.0,3.0,0.0,1.0,0.0,1.0,7.0,8.0,0.0,1.0,0.0,3.0,5.0,8.0,0.0,4.4,4.3,4.1,4.4,4.5,4.1,4.2,3.9,4.2,4.1
_,_,14:155:210:01,Biological Foundations in Chemical Engineering,_,243.0,182.0,1.0,2.0,4.0,70.0,100.0,5.0,2.0,3.0,13.0,68.0,91.0,5.0,2.0,9.0,21.0,66.0,79.0,5.0,1.0,0.0,11.0,58.0,106.0,6.0,4.0,6.0,24.0,68.0,74.0,6.0,4.0,4.0,26.0,62.0,80.0,6.0,2.0,7.0,21.0,81.0,62.0,9.0,11.0,43.0,36.0,44.0,39.0,9.0,4.0,7.0,24.0,68.0,77.0,2.0,4.0,4.0,41.0,71.0,60.0,2.0,4.675000000000001,4.550000000000001,4.3999999999999995,4.7125,4.525,4.449999999999999,4.324999999999999,3.6875,4.4375,4.2875
_,_,14:155:304:01,Transport Phenomena In Chemical Engineering II,_,216.0,119.0,1.0,4.0,17.0,34.0,60.0,3.0,0.0,8.0,7.0,35.0,66.0,3.0,4.0,4.0,28.0,31.0,49.0,3.0,0.0,0.0,3.0,31.0,82.0,3.0,1.0,7.0,12.0,31.0,63.0,5.0,1.0,12.0,19.0,30.0,54.0,3.0,1.0,10.0,19.0,38.0,47.0,4.0,4.0,10.0,35.0,41.0,24.0,5.0,4.0,10.0,24.0,23.0,56.0,2.0,2.0,13.0,20.0,34.0,48.0,2.0,4.35,4.425,4.025,4.625,4.4,4.15,4.075,3.675,4.1,4.074999999999999
_,_,14:155:324:01,Separation Processes,_,210.0,80.0,0.0,2.0,4.0,29.0,44.0,1.0,1.0,2.0,5.0,32.0,38.0,2.0,1.0,2.0,11.0,26.0,39.0,1.0,1.0,1.0,7.0,30.0,40.0,1.0,2.0,1.0,12.0,30.0,31.0,4.0,3.0,3.0,11.0,29.0,32.0,2.0,2.0,4.0,3.0,32.0,36.0,3.0,4.0,9.0,24.0,27.0,15.0,1.0,3.0,1.0,12.0,33.0,31.0,0.0,2.0,2.0,15.0,32.0,28.0,1.0,4.45,4.4,4.25,4.425,4.2,4.175000000000001,4.225,3.6,4.199999999999999,4.125
_,_,14:155:341:01,Chemical Engineering Kinetics,_,212.0,86.0,0.0,8.0,11.0,31.0,35.0,1.0,0.0,2.0,14.0,36.0,32.0,2.0,3.0,3.0,16.0,31.0,31.0,2.0,0.0,1.0,3.0,32.0,47.0,3.0,0.0,0.0,6.0,29.0,48.0,3.0,2.0,6.0,14.0,23.0,39.0,2.0,1.0,5.0,10.0,37.0,31.0,2.0,3.0,4.0,32.0,25.0,17.0,5.0,0.0,6.0,12.0,36.0,30.0,2.0,1.0,5.0,10.0,39.0,29.0,2.0,4.25,4.275,4.025,4.550000000000001,4.550000000000001,4.225,4.175,3.575,4.15,4.2
_,_,14:155:416:01,Process Engineering II (Lab),_,318.0,214.0,3.0,10.0,24.0,76.0,85.0,16.0,5.0,8.0,27.0,69.0,88.0,17.0,7.0,8.0,26.0,70.0,87.0,16.0,4.0,6.0,21.0,52.0,115.0,16.0,13.0,15.0,40.0,67.0,63.0,16.0,9.0,6.0,24.0,68.0,91.0,16.0,11.0,10.0,38.0,79.0,67.0,9.0,4.0,12.0,61.0,77.0,50.0,10.0,8.0,9.0,27.0,73.0,81.0,16.0,16.0,10.0,29.0,85.0,67.0,7.0,3.75,3.65,3.65,3.8625,3.5,3.65,3.3875,3.725,3.7750000000000004,3.4625
_,_,14:155:428:01,Chemical Engineering Design,_,265.0,95.0,2.0,3.0,11.0,29.0,46.0,4.0,5.0,6.0,6.0,27.0,47.0,4.0,3.0,3.0,9.0,32.0,44.0,4.0,2.0,8.0,10.0,22.0,49.0,4.0,3.0,6.0,8.0,26.0,48.0,4.0,2.0,6.0,8.0,24.0,48.0,7.0,5.0,3.0,9.0,28.0,46.0,4.0,3.0,11.0,19.0,35.0,22.0,5.0,2.0,5.0,12.0,26.0,49.0,1.0,4.0,5.0,13.0,27.0,45.0,1.0,4.375,4.375,4.375,4.425000000000001,4.375,4.3999999999999995,4.300000000000001,4.025,4.325,4.300000000000001
_,_,14:180:320:01,Elemts Struct Design,_,223.0,59.0,0.0,1.0,1.0,13.0,41.0,3.0,0.0,0.0,0.0,6.0,51.0,2.0,0.0,0.0,1.0,8.0,48.0,2.0,0.0,0.0,1.0,3.0,53.0,2.0,0.0,1.0,0.0,8.0,47.0,3.0,0.0,0.0,1.0,11.0,45.0,2.0,0.0,0.0,3.0,17.0,36.0,3.0,0.0,2.0,11.0,22.0,22.0,2.0,0.0,0.0,2.0,6.0,50.0,1.0,0.0,0.0,3.0,12.0,43.0,1.0,4.6000000000000005,4.85,4.824999999999999,4.9,4.824999999999999,4.75,4.575,4.15,4.824999999999999,4.675
_,_,14:180:364:01,Transportation Eng I,_,235.0,65.0,2.0,6.0,6.0,23.0,22.0,6.0,2.0,4.0,9.0,25.0,19.0,6.0,3.0,4.0,6.0,22.0,24.0,6.0,2.0,3.0,6.0,25.0,22.0,7.0,2.0,3.0,9.0,21.0,24.0,6.0,4.0,5.0,7.0,23.0,18.0,8.0,0.0,2.0,8.0,27.0,21.0,7.0,5.0,6.0,14.0,21.0,12.0,7.0,5.0,4.0,11.0,20.0,23.0,2.0,5.0,3.0,12.0,22.0,20.0,3.0,3.9250000000000003,3.8750000000000004,3.9250000000000003,4.1,4.0,3.7750000000000004,4.125,3.5,3.825,3.75
_,_,14:180:372:01,Soil Mechanics,_,214.0,60.0,1.0,5.0,9.0,16.0,26.0,3.0,1.0,9.0,7.0,17.0,23.0,3.0,4.0,9.0,8.0,18.0,18.0,3.0,1.0,2.0,13.0,17.0,24.0,3.0,1.0,2.0,9.0,20.0,25.0,3.0,4.0,8.0,12.0,16.0,16.0,4.0,2.0,5.0,9.0,20.0,21.0,3.0,3.0,8.0,17.0,15.0,14.0,3.0,7.0,4.0,11.0,18.0,18.0,2.0,6.0,2.0,16.0,16.0,18.0,2.0,4.25,4.15,3.875,4.275,4.324999999999999,3.9000000000000004,4.15,3.65,3.9250000000000003,3.9
_,_,14:180:382:01,Hydraulic&envir Engg,_,44.0,30.0,0.0,1.0,0.0,11.0,18.0,0.0,2.0,0.0,2.0,14.0,12.0,0.0,0.0,0.0,1.0,12.0,17.0,0.0,0.0,2.0,0.0,15.0,13.0,0.0,1.0,1.0,3.0,15.0,10.0,0.0,0.0,1.0,1.0,16.0,12.0,0.0,0.0,1.0,2.0,13.0,14.0,0.0,1.0,2.0,9.0,12.0,6.0,0.0,1.0,0.0,2.0,16.0,10.0,1.0,1.0,0.0,4.0,14.0,10.0,1.0,4.375,4.074999999999999,4.525,4.225,4.1,4.25,4.35,3.7,4.175,4.225
_,_,14:180:407:01,Construction Proj,_,82.0,29.0,0.0,2.0,5.0,15.0,5.0,2.0,2.0,3.0,7.0,8.0,7.0,2.0,3.0,3.0,7.0,9.0,5.0,2.0,1.0,2.0,3.0,12.0,9.0,2.0,0.0,2.0,6.0,12.0,6.0,3.0,3.0,1.0,6.0,13.0,4.0,2.0,3.0,2.0,4.0,13.0,5.0,2.0,0.0,0.0,3.0,11.0,12.0,3.0,5.0,2.0,9.0,9.0,3.0,1.0,3.0,3.0,4.0,13.0,5.0,1.0,4.175,4.0,3.675,4.225,4.15,4.025,3.775,4.15,3.1,3.6
_,_,14:180:426:01,Structural Design,_,89.0,24.0,0.0,1.0,2.0,8.0,11.0,2.0,1.0,0.0,3.0,5.0,13.0,2.0,1.0,0.0,1.0,7.0,13.0,2.0,0.0,1.0,1.0,7.0,13.0,2.0,0.0,0.0,3.0,8.0,7.0,6.0,1.0,0.0,3.0,7.0,11.0,2.0,0.0,1.0,1.0,7.0,13.0,2.0,0.0,0.0,1.0,7.0,14.0,2.0,1.0,0.0,3.0,8.0,10.0,2.0,1.0,0.0,1.0,12.0,8.0,2.0,4.65,4.65,4.7,4.7,4.575,4.6,4.75,4.8,4.575,4.575
_,_,14:180:431:01,Dsgn Env Eng Facilit,_,34.0,14.0,1.0,0.0,0.0,4.0,9.0,0.0,1.0,1.0,2.0,0.0,10.0,0.0,0.0,1.0,1.0,3.0,9.0,0.0,0.0,0.0,0.0,3.0,11.0,0.0,0.0,0.0,0.0,5.0,7.0,2.0,1.0,0.0,2.0,3.0,8.0,0.0,1.0,0.0,0.0,4.0,9.0,0.0,0.0,0.0,2.0,4.0,8.0,0.0,1.0,0.0,3.0,2.0,8.0,0.0,0.0,1.0,3.0,2.0,8.0,0.0,4.5,4.575,4.275,4.675,4.35,4.15,4.275,4.675,4.325,4.375
_,_,14:180:448:01,Elements Hydrology,_,85.0,45.0,0.0,5.0,7.0,11.0,21.0,1.0,0.0,2.0,4.0,11.0,27.0,1.0,1.0,2.0,2.0,17.0,22.0,1.0,0.0,0.0,2.0,12.0,30.0,1.0,0.0,1.0,4.0,14.0,24.0,2.0,1.0,3.0,4.0,13.0,23.0,1.0,1.0,3.0,5.0,22.0,13.0,1.0,0.0,9.0,10.0,17.0,8.0,1.0,3.0,0.0,6.0,15.0,20.0,1.0,1.0,2.0,9.0,16.0,16.0,1.0,4.075,4.525,4.325,4.6499999999999995,4.5,4.225,4.125,3.7249999999999996,4.175,3.975
_,_,14:180:474:01,Geotechnical Eng Des,_,21.0,10.0,0.0,0.0,0.0,1.0,9.0,0.0,0.0,0.0,1.0,1.0,8.0,0.0,0.0,0.0,0.0,2.0,8.0,0.0,0.0,0.0,0.0,2.0,8.0,0.0,0.0,0.0,0.0,2.0,8.0,0.0,0.0,0.0,0.0,3.0,7.0,0.0,0.0,0.0,0.0,3.0,7.0,0.0,0.0,0.0,2.0,2.0,6.0,0.0,0.0,0.0,0.0,2.0,8.0,0.0,0.0,0.0,0.0,2.0,8.0,0.0,4.925,4.75,4.825,4.825,4.825,4.775,4.675000000000001,4.475,4.825,4.825
_,_,14:180:482:01,Prof Issues Civil En,_,244.0,74.0,1.0,6.0,4.0,21.0,37.0,5.0,6.0,8.0,4.0,17.0,33.0,6.0,5.0,2.0,9.0,19.0,35.0,4.0,7.0,7.0,9.0,13.0,32.0,6.0,2.0,0.0,6.0,15.0,37.0,14.0,7.0,6.0,7.0,18.0,31.0,5.0,3.0,4.0,12.0,23.0,28.0,4.0,4.0,6.0,14.0,20.0,25.0,5.0,8.0,4.0,9.0,16.0,33.0,4.0,6.0,6.0,9.0,19.0,32.0,2.0,4.05,3.7,3.8499999999999996,3.575,4.075,3.7,3.75,3.8499999999999996,3.6500000000000004,3.575
_,_,14:332:226:01,Probability & Random Processes,_,569.0,130.0,14.0,23.0,34.0,30.0,10.0,19.0,21.0,14.0,33.0,30.0,13.0,19.0,25.0,23.0,33.0,22.0,8.0,19.0,14.0,8.0,43.0,35.0,11.0,19.0,13.0,7.0,40.0,37.0,12.0,21.0,30.0,21.0,34.0,17.0,7.0,21.0,18.0,30.0,35.0,21.0,8.0,18.0,19.0,24.0,44.0,20.0,6.0,17.0,33.0,24.0,32.0,15.0,11.0,15.0,31.0,23.0,37.0,14.0,9.0,16.0,3.125,3.125,2.7,3.3,3.4000000000000004,2.625,2.775,2.7,2.725,2.825
_,_,14:332:252:01,Programming Methodology I,_,429.0,123.0,10.0,15.0,26.0,35.0,20.0,17.0,9.0,15.0,25.0,32.0,29.0,13.0,15.0,13.0,32.0,22.0,26.0,15.0,6.0,11.0,32.0,34.0,25.0,15.0,13.0,10.0,35.0,30.0,21.0,14.0,12.0,15.0,44.0,18.0,17.0,17.0,12.0,10.0,24.0,36.0,28.0,13.0,10.0,5.0,26.0,39.0,28.0,15.0,20.0,23.0,29.0,23.0,21.0,7.0,23.0,32.0,23.0,26.0,15.0,4.0,3.4375,3.5374999999999996,3.4124999999999996,3.5125,3.35,3.2125000000000004,3.575,3.625,3.2125000000000004,2.9625000000000004
_,_,14:332:301:01,Wireless Revolution: Wireless Revolution,_,280.0,120.0,1.0,0.0,1.0,15.0,100.0,3.0,1.0,0.0,1.0,20.0,95.0,3.0,1.0,0.0,3.0,21.0,91.0,4.0,1.0,0.0,1.0,16.0,98.0,4.0,1.0,0.0,0.0,28.0,87.0,4.0,1.0,4.0,3.0,21.0,88.0,3.0,1.0,0.0,0.0,34.0,81.0,4.0,2.0,3.0,31.0,38.0,42.0,4.0,0.0,2.0,3.0,19.0,96.0,0.0,0.0,0.0,3.0,20.0,95.0,2.0,4.8125,4.7875,4.75,4.825,4.7125,4.612500000000001,4.675,3.95,4.725,4.800000000000001
_,_,14:332:322:01,Principles Of Communication Systems,_,97.0,31.0,0.0,5.0,3.0,8.0,13.0,2.0,0.0,1.0,4.0,9.0,15.0,2.0,2.0,3.0,2.0,8.0,14.0,2.0,0.0,0.0,3.0,11.0,15.0,2.0,0.0,1.0,6.0,7.0,15.0,2.0,2.0,5.0,3.0,6.0,13.0,2.0,0.0,6.0,2.0,10.0,11.0,2.0,2.0,3.0,11.0,7.0,6.0,2.0,6.0,1.0,5.0,6.0,12.0,1.0,5.0,3.0,7.0,4.0,11.0,1.0,3.825,4.0,3.75,4.175000000000001,4.175,3.725,3.775,3.475,3.475,3.325
_,_,14:332:346:01,Digital Signal Processing,_,339.0,99.0,25.0,18.0,22.0,19.0,9.0,6.0,26.0,17.0,19.0,19.0,12.0,6.0,35.0,12.0,18.0,16.0,12.0,6.0,24.0,10.0,26.0,20.0,12.0,7.0,13.0,19.0,24.0,24.0,10.0,9.0,39.0,16.0,15.0,14.0,9.0,6.0,26.0,17.0,19.0,20.0,11.0,6.0,10.0,17.0,29.0,22.0,15.0,6.0,43.0,17.0,12.0,16.0,6.0,5.0,45.0,12.0,15.0,18.0,4.0,5.0,2.6750000000000003,2.6999999999999997,2.5,2.9000000000000004,2.975,2.325,2.6500000000000004,3.175,2.2,2.1500000000000004
_,_,14:332:376:01,Virtual Reality,_,138.0,55.0,0.0,0.0,1.0,10.0,41.0,3.0,0.0,0.0,1.0,10.0,40.0,4.0,0.0,1.0,3.0,8.0,40.0,3.0,0.0,0.0,1.0,11.0,40.0,3.0,0.0,0.0,1.0,8.0,43.0,3.0,0.0,0.0,2.0,11.0,39.0,3.0,0.0,0.0,3.0,14.0,35.0,3.0,0.0,0.0,3.0,12.0,36.0,4.0,0.0,0.0,3.0,10.0,40.0,2.0,0.0,0.0,3.0,9.0,42.0,1.0,4.725,4.699999999999999,4.6,4.725,4.8,4.7,4.6,4.65,4.7,4.725
_,_,14:332:378:01,Virtual Reality Lab,_,35.0,8.0,0.0,0.0,1.0,1.0,6.0,0.0,0.0,0.0,1.0,1.0,6.0,0.0,0.0,0.0,1.0,1.0,6.0,0.0,0.0,0.0,1.0,1.0,6.0,0.0,0.0,0.0,1.0,1.0,6.0,0.0,0.0,0.0,1.0,1.0,6.0,0.0,0.0,0.0,1.0,1.0,6.0,0.0,0.0,0.0,1.0,0.0,7.0,0.0,0.0,0.0,1.0,1.0,6.0,0.0,0.0,0.0,1.0,1.0,6.0,0.0,4.65,4.65,4.65,4.65,4.65,4.65,4.65,4.75,4.65,4.65
_,_,14:332:382:01,Electromagnetic Fields,_,60.0,39.0,0.0,0.0,4.0,9.0,26.0,0.0,0.0,1.0,1.0,13.0,24.0,0.0,0.0,3.0,4.0,13.0,19.0,0.0,0.0,1.0,1.0,13.0,24.0,0.0,0.0,0.0,4.0,10.0,24.0,1.0,0.0,2.0,5.0,11.0,21.0,0.0,0.0,0.0,5.0,18.0,16.0,0.0,1.0,4.0,10.0,11.0,13.0,0.0,0.0,2.0,4.0,10.0,23.0,0.0,0.0,1.0,7.0,14.0,17.0,0.0,4.6,4.55,4.25,4.55,4.5,4.3,4.300000000000001,3.85,4.4,4.2
_,_,14:332:393:01,Professionalism/ethics,_,780.0,163.0,1.0,2.0,5.0,33.0,110.0,12.0,2.0,2.0,5.0,29.0,112.0,13.0,2.0,2.0,10.0,39.0,96.0,14.0,2.0,1.0,8.0,33.0,107.0,12.0,1.0,0.0,10.0,31.0,105.0,16.0,3.0,2.0,9.0,38.0,99.0,12.0,5.0,4.0,18.0,52.0,71.0,13.0,5.0,21.0,43.0,27.0,52.0,15.0,2.0,2.0,13.0,36.0,108.0,2.0,3.0,2.0,18.0,47.0,89.0,4.0,4.6,4.575,4.425000000000001,4.525,4.575,4.425,4.175,3.6999999999999997,4.449999999999999,4.275
_,_,14:332:411:01,Electrical Energy Conversion,_,61.0,21.0,0.0,0.0,1.0,3.0,11.0,6.0,0.0,0.0,1.0,5.0,10.0,5.0,0.0,0.0,2.0,3.0,11.0,5.0,0.0,0.0,0.0,5.0,11.0,5.0,0.0,0.0,1.0,4.0,11.0,5.0,0.0,1.0,2.0,2.0,10.0,6.0,0.0,0.0,1.0,5.0,10.0,5.0,0.0,1.0,3.0,7.0,5.0,5.0,0.0,1.0,2.0,5.0,11.0,2.0,0.0,1.0,0.0,7.0,11.0,2.0,4.55,4.475,4.375,4.625,4.525,4.199999999999999,4.475,3.925,4.225,4.375
_,_,14:332:423:01,Computer & Communication Networks,_,135.0,42.0,0.0,3.0,4.0,12.0,22.0,1.0,1.0,1.0,5.0,13.0,21.0,1.0,1.0,1.0,9.0,13.0,16.0,2.0,0.0,0.0,5.0,8.0,27.0,2.0,0.0,0.0,6.0,11.0,19.0,6.0,0.0,2.0,7.0,11.0,20.0,2.0,0.0,3.0,8.0,11.0,18.0,2.0,0.0,1.0,12.0,14.0,13.0,2.0,3.0,0.0,6.0,13.0,18.0,2.0,2.0,1.0,10.0,13.0,14.0,2.0,4.225,4.225,3.9749999999999996,4.525,4.2,4.225,4.05,3.9,3.9000000000000004,3.9
_,_,14:332:434:01,Introduction To Computer Systems,_,532.0,110.0,9.0,19.0,22.0,37.0,18.0,5.0,3.0,7.0,25.0,39.0,31.0,5.0,8.0,12.0,26.0,34.0,25.0,5.0,4.0,2.0,14.0,32.0,53.0,5.0,4.0,6.0,20.0,33.0,41.0,6.0,11.0,15.0,20.0,30.0,28.0,6.0,9.0,11.0,32.0,28.0,25.0,5.0,8.0,11.0,27.0,43.0,16.0,5.0,19.0,10.0,30.0,33.0,16.0,2.0,18.0,20.0,26.0,30.0,13.0,3.0,3.375,3.8249999999999997,3.6,4.175,3.9,3.4,3.425,3.5,3.075,2.9749999999999996
_,_,14:332:456:01,Network Centric Programming,_,109.0,36.0,1.0,1.0,1.0,10.0,22.0,1.0,1.0,0.0,0.0,13.0,20.0,2.0,1.0,0.0,4.0,12.0,18.0,1.0,1.0,0.0,2.0,9.0,23.0,1.0,1.0,0.0,1.0,10.0,21.0,3.0,1.0,1.0,4.0,11.0,17.0,2.0,1.0,1.0,3.0,12.0,18.0,1.0,2.0,1.0,6.0,14.0,12.0,1.0,0.0,1.0,5.0,10.0,20.0,0.0,0.0,0.0,8.0,10.0,18.0,0.0,4.425000000000001,4.525,4.3500000000000005,4.525,4.525,4.3,4.275,3.9749999999999996,4.4,4.325
_,_,14:332:464:01,Rf Integrated Circuit Design,_,38.0,18.0,0.0,3.0,2.0,6.0,6.0,1.0,0.0,1.0,1.0,7.0,8.0,1.0,0.0,0.0,4.0,4.0,9.0,1.0,0.0,0.0,2.0,9.0,6.0,1.0,1.0,0.0,4.0,7.0,5.0,1.0,0.0,2.0,3.0,6.0,6.0,1.0,0.0,1.0,2.0,8.0,6.0,1.0,1.0,0.0,2.0,7.0,7.0,1.0,0.0,2.0,4.0,4.0,8.0,0.0,0.0,2.0,3.0,6.0,7.0,0.0,4.275,4.6,4.55,4.525,4.2,4.3,4.300000000000001,4.275,4.35,4.35
_,_,14:332:467:01,Microelectronic Processing: Microelectronics Processing,_,56.0,21.0,0.0,0.0,1.0,5.0,15.0,0.0,0.0,0.0,0.0,5.0,16.0,0.0,0.0,0.0,0.0,5.0,16.0,0.0,0.0,0.0,0.0,6.0,15.0,0.0,0.0,0.0,2.0,4.0,13.0,2.0,0.0,0.0,2.0,3.0,16.0,0.0,0.0,0.0,0.0,7.0,14.0,0.0,0.0,1.0,2.0,6.0,10.0,2.0,0.0,0.0,0.0,7.0,14.0,0.0,0.0,0.0,0.0,5.0,16.0,0.0,4.825,4.875,4.875,4.85,4.775,4.825,4.825,4.65,4.8,4.875
_,_,14:440:406:01,Packaging Printing And Decoration,_,140.0,48.0,0.0,0.0,0.0,5.0,41.0,2.0,0.0,0.0,0.0,6.0,40.0,2.0,0.0,0.0,1.0,8.0,36.0,3.0,0.0,0.0,0.0,5.0,41.0,2.0,0.0,0.0,0.0,10.0,36.0,2.0,0.0,0.0,1.0,7.0,37.0,3.0,0.0,0.0,2.0,11.0,32.0,3.0,0.0,4.0,4.0,13.0,25.0,2.0,0.0,0.0,2.0,5.0,41.0,0.0,0.0,0.0,1.0,6.0,41.0,0.0,4.95,4.925,4.65,4.9,4.85,4.7,4.575,4.325,4.8,4.9
_,_,14:440:418:01,Packaging Development Process,_,66.0,22.0,0.0,1.0,0.0,4.0,17.0,0.0,1.0,2.0,0.0,6.0,13.0,0.0,0.0,1.0,7.0,5.0,9.0,0.0,0.0,0.0,4.0,6.0,12.0,0.0,1.0,2.0,3.0,9.0,7.0,0.0,1.0,0.0,2.0,12.0,7.0,0.0,1.0,1.0,1.0,3.0,16.0,0.0,0.0,2.0,1.0,10.0,9.0,0.0,1.0,0.0,2.0,12.0,7.0,0.0,1.0,0.0,2.0,8.0,11.0,0.0,4.65,4.3,4.1,4.4,3.975,4.1,4.475,4.25,4.1,4.300000000000001
_,_,14:440:420:01,Packaging Senior Design II,_,70.0,26.0,0.0,0.0,2.0,9.0,12.0,3.0,0.0,0.0,3.0,6.0,14.0,3.0,0.0,0.0,1.0,8.0,14.0,3.0,0.0,0.0,0.0,6.0,17.0,3.0,0.0,0.0,3.0,7.0,13.0,3.0,0.0,0.0,1.0,9.0,13.0,3.0,0.0,0.0,4.0,6.0,12.0,4.0,0.0,0.0,4.0,6.0,13.0,3.0,0.0,0.0,2.0,9.0,13.0,2.0,0.0,0.0,3.0,7.0,14.0,2.0,4.574999999999999,4.449999999999999,4.449999999999999,4.825,4.425,4.625,4.375,4.35,4.625,4.5
_,_,14:440:468:01,Packaging Machinery,_,39.0,15.0,0.0,1.0,0.0,3.0,9.0,2.0,0.0,1.0,0.0,2.0,10.0,2.0,0.0,0.0,1.0,3.0,9.0,2.0,0.0,0.0,1.0,2.0,10.0,2.0,0.0,0.0,2.0,2.0,9.0,2.0,0.0,0.0,2.0,4.0,7.0,2.0,0.0,0.0,2.0,2.0,9.0,2.0,0.0,0.0,3.0,7.0,3.0,2.0,0.0,0.0,2.0,3.0,10.0,0.0,0.0,2.0,0.0,3.0,10.0,0.0,4.675,4.725,4.75,4.8,4.775,4.6,4.675,4.25,4.625,4.5
_,_,14:440:471:01,Distribution Pkg,_,71.0,26.0,2.0,3.0,4.0,12.0,4.0,1.0,1.0,3.0,6.0,7.0,8.0,1.0,2.0,1.0,6.0,10.0,6.0,1.0,0.0,2.0,4.0,8.0,11.0,1.0,1.0,0.0,5.0,9.0,10.0,1.0,2.0,1.0,4.0,9.0,9.0,1.0,1.0,3.0,4.0,10.0,7.0,1.0,0.0,4.0,9.0,9.0,3.0,1.0,2.0,4.0,5.0,7.0,7.0,1.0,3.0,4.0,2.0,10.0,6.0,1.0,3.575,3.85,3.775,4.275,4.225,4.05,3.8499999999999996,3.4749999999999996,3.65,3.625
_,_,14:440:473:01,Packaging Lab II,_,58.0,23.0,0.0,1.0,6.0,11.0,5.0,0.0,1.0,1.0,7.0,3.0,11.0,0.0,0.0,3.0,4.0,4.0,12.0,0.0,0.0,1.0,1.0,10.0,11.0,0.0,2.0,2.0,5.0,5.0,9.0,0.0,0.0,2.0,4.0,7.0,10.0,0.0,1.0,2.0,2.0,8.0,10.0,0.0,0.0,1.0,5.0,6.0,11.0,0.0,1.0,3.0,3.0,7.0,9.0,0.0,1.0,3.0,4.0,6.0,9.0,0.0,3.925,4.175,4.35,4.55,4.05,4.35,4.25,4.1000000000000005,4.1,4.074999999999999
_,_,14:440:477:01,Packaging Manufacturing II,_,73.0,28.0,0.0,0.0,1.0,6.0,18.0,3.0,0.0,0.0,0.0,5.0,20.0,3.0,0.0,0.0,2.0,7.0,16.0,3.0,0.0,0.0,0.0,5.0,20.0,3.0,1.0,0.0,1.0,8.0,15.0,3.0,0.0,1.0,1.0,8.0,15.0,3.0,0.0,0.0,0.0,9.0,15.0,4.0,0.0,1.0,5.0,8.0,11.0,3.0,0.0,1.0,0.0,7.0,18.0,2.0,1.0,0.0,0.0,10.0,15.0,2.0,4.675000000000001,4.775,4.3,4.775,4.324999999999999,4.25,4.375,3.9499999999999997,4.55,4.35
_,_,14:540:210:01,Eng Probability,_,163.0,58.0,5.0,5.0,8.0,17.0,20.0,3.0,6.0,5.0,10.0,12.0,22.0,3.0,7.0,9.0,6.0,13.0,20.0,3.0,7.0,3.0,8.0,11.0,25.0,4.0,3.0,6.0,11.0,14.0,21.0,3.0,8.0,9.0,8.0,13.0,17.0,3.0,4.0,5.0,10.0,22.0,13.0,4.0,6.0,4.0,16.0,14.0,14.0,4.0,10.0,3.0,14.0,13.0,18.0,0.0,9.0,3.0,16.0,14.0,16.0,0.0,3.9749999999999996,3.925,3.825,4.125,4.0,3.8,3.9,3.65,3.5999999999999996,3.625
_,_,14:540:303:01,Manufacturing Procss,_,146.0,73.0,8.0,9.0,10.0,30.0,16.0,0.0,22.0,11.0,11.0,17.0,12.0,0.0,17.0,14.0,11.0,19.0,12.0,0.0,23.0,8.0,9.0,18.0,14.0,1.0,17.0,9.0,19.0,18.0,10.0,0.0,23.0,9.0,18.0,14.0,9.0,0.0,13.0,8.0,23.0,20.0,8.0,1.0,9.0,13.0,28.0,15.0,8.0,0.0,23.0,10.0,16.0,14.0,10.0,0.0,24.0,9.0,18.0,12.0,9.0,1.0,3.9000000000000004,3.375,3.45,3.525,3.4749999999999996,3.2,3.4749999999999996,3.15,3.3,3.2249999999999996
_,_,14:540:311:01,Deter Models Op Res,_,131.0,63.0,2.0,4.0,10.0,20.0,24.0,3.0,2.0,3.0,8.0,23.0,26.0,1.0,1.0,4.0,8.0,15.0,34.0,1.0,2.0,1.0,2.0,21.0,36.0,1.0,1.0,2.0,5.0,21.0,33.0,1.0,2.0,3.0,7.0,19.0,31.0,1.0,1.0,2.0,6.0,23.0,29.0,2.0,2.0,8.0,20.0,11.0,20.0,2.0,0.0,6.0,6.0,22.0,29.0,0.0,1.0,6.0,5.0,23.0,27.0,1.0,3.9250000000000003,4.075,4.074999999999999,4.375,4.175000000000001,4.1,4.15,3.5999999999999996,4.050000000000001,4.0
_,_,14:540:384:01,Simulation Modls I E,_,140.0,52.0,0.0,1.0,4.0,18.0,27.0,2.0,0.0,0.0,5.0,18.0,27.0,2.0,0.0,4.0,6.0,16.0,24.0,2.0,0.0,0.0,2.0,15.0,33.0,2.0,0.0,1.0,4.0,12.0,33.0,2.0,0.0,0.0,6.0,16.0,28.0,2.0,0.0,2.0,9.0,17.0,21.0,3.0,1.0,5.0,14.0,16.0,13.0,3.0,0.0,0.0,8.0,18.0,26.0,0.0,0.0,1.0,6.0,20.0,24.0,1.0,4.45,4.4,4.199999999999999,4.625,4.5,4.4,4.125,3.7249999999999996,4.35,4.300000000000001
_,_,14:540:399:01,Design Engr System I,_,141.0,51.0,6.0,3.0,7.0,19.0,11.0,5.0,3.0,2.0,10.0,18.0,13.0,5.0,4.0,3.0,7.0,18.0,14.0,5.0,5.0,2.0,7.0,16.0,16.0,5.0,3.0,2.0,6.0,20.0,14.0,6.0,5.0,3.0,7.0,19.0,12.0,5.0,4.0,5.0,7.0,19.0,13.0,3.0,4.0,4.0,10.0,20.0,9.0,4.0,8.0,2.0,8.0,18.0,11.0,4.0,4.0,8.0,9.0,15.0,12.0,3.0,3.2,3.55,3.4749999999999996,3.45,3.5250000000000004,3.3499999999999996,3.65,3.425,3.0749999999999997,3.3
_,_,14:540:461:90,Engineering Law: Engineering Law,_,87.0,27.0,0.0,0.0,0.0,10.0,16.0,1.0,0.0,0.0,0.0,10.0,16.0,1.0,0.0,0.0,1.0,8.0,17.0,1.0,0.0,0.0,0.0,10.0,16.0,1.0,0.0,0.0,0.0,8.0,18.0,1.0,0.0,0.0,2.0,10.0,14.0,1.0,0.0,0.0,0.0,9.0,17.0,1.0,0.0,0.0,4.0,12.0,10.0,1.0,0.0,0.0,0.0,9.0,17.0,1.0,0.0,0.0,0.0,9.0,17.0,1.0,4.625,4.625,4.65,4.625,4.699999999999999,4.550000000000001,4.65,4.15,4.525,4.6
_,_,14:540:462:01,Fac Layout & Mh,_,140.0,48.0,0.0,2.0,4.0,10.0,26.0,6.0,0.0,1.0,5.0,11.0,24.0,7.0,0.0,2.0,5.0,11.0,24.0,6.0,0.0,1.0,4.0,9.0,28.0,6.0,0.0,1.0,3.0,11.0,27.0,6.0,0.0,2.0,4.0,14.0,22.0,6.0,0.0,2.0,5.0,16.0,18.0,7.0,2.0,2.0,12.0,15.0,10.0,7.0,0.0,2.0,6.0,10.0,28.0,2.0,1.0,2.0,3.0,21.0,19.0,2.0,4.35,4.35,4.2749999999999995,4.449999999999999,4.525,4.324999999999999,4.225,3.775,4.425,4.175000000000001
_,_,14:540:485:90,Industrial Informatics: Industrial Data Analytics,_,26.0,24.0,0.0,0.0,0.0,2.0,22.0,0.0,0.0,0.0,0.0,2.0,22.0,0.0,0.0,0.0,0.0,1.0,23.0,0.0,0.0,0.0,0.0,1.0,23.0,0.0,0.0,0.0,1.0,3.0,20.0,0.0,0.0,0.0,0.0,4.0,20.0,0.0,0.0,0.0,0.0,5.0,19.0,0.0,0.0,2.0,4.0,6.0,11.0,1.0,0.0,0.0,0.0,2.0,22.0,0.0,0.0,0.0,1.0,6.0,17.0,0.0,4.9,4.9,4.95,4.95,4.8,4.85,4.800000000000001,4.1,4.9,4.699999999999999
_,_,14:540:492:02,Special Problems: Intro To Reliability,_,32.0,17.0,0.0,0.0,1.0,8.0,5.0,3.0,0.0,0.0,2.0,6.0,6.0,3.0,0.0,0.0,1.0,5.0,8.0,3.0,0.0,0.0,0.0,4.0,10.0,3.0,0.0,1.0,1.0,5.0,7.0,3.0,0.0,1.0,3.0,6.0,4.0,3.0,0.0,0.0,1.0,6.0,7.0,3.0,1.0,1.0,2.0,7.0,3.0,3.0,0.0,2.0,2.0,5.0,6.0,2.0,0.0,3.0,1.0,6.0,5.0,2.0,4.300000000000001,4.300000000000001,4.550000000000001,4.699999999999999,4.3,3.9,4.45,3.75,4.0,3.8499999999999996
_,_,14:635:204:01,Materials Processing,_,58.0,21.0,3.0,6.0,5.0,6.0,1.0,0.0,2.0,4.0,3.0,7.0,5.0,0.0,2.0,5.0,3.0,6.0,4.0,1.0,1.0,2.0,5.0,9.0,4.0,0.0,4.0,1.0,4.0,7.0,5.0,0.0,5.0,4.0,2.0,8.0,2.0,0.0,3.0,5.0,3.0,5.0,5.0,0.0,4.0,3.0,4.0,9.0,1.0,0.0,7.0,4.0,2.0,5.0,3.0,0.0,7.0,4.0,2.0,6.0,2.0,0.0,2.675,3.375,3.25,3.5250000000000004,3.4749999999999996,2.9,3.175,2.925,2.675,2.575
_,_,14:635:206:01,Thermo Of Materials,_,46.0,28.0,0.0,0.0,2.0,7.0,19.0,0.0,0.0,1.0,1.0,9.0,17.0,0.0,0.0,0.0,3.0,5.0,20.0,0.0,0.0,0.0,0.0,3.0,25.0,0.0,0.0,0.0,0.0,8.0,19.0,1.0,0.0,0.0,1.0,5.0,22.0,0.0,1.0,0.0,0.0,9.0,17.0,1.0,0.0,1.0,3.0,15.0,9.0,0.0,0.0,0.0,2.0,6.0,19.0,1.0,1.0,0.0,2.0,6.0,19.0,0.0,4.4,4.35,4.449999999999999,4.95,4.725,4.675,4.375,3.975,4.35,4.3
_,_,14:635:212:01,Physics Of Materials,_,48.0,42.0,0.0,0.0,1.0,6.0,35.0,0.0,0.0,0.0,0.0,11.0,31.0,0.0,0.0,0.0,4.0,8.0,30.0,0.0,0.0,0.0,2.0,8.0,32.0,0.0,0.0,0.0,2.0,17.0,23.0,0.0,0.0,1.0,4.0,10.0,27.0,0.0,0.0,1.0,1.0,18.0,22.0,0.0,1.0,7.0,13.0,13.0,8.0,0.0,0.0,0.0,3.0,11.0,28.0,0.0,0.0,0.0,4.0,13.0,25.0,0.0,4.75,4.725,4.575,4.725,4.5,4.425000000000001,4.425,3.45,4.550000000000001,4.45
_,_,14:635:314:01,Strength Of Mat,_,35.0,21.0,0.0,0.0,0.0,5.0,16.0,0.0,0.0,0.0,0.0,2.0,19.0,0.0,0.0,0.0,1.0,3.0,17.0,0.0,0.0,0.0,0.0,3.0,18.0,0.0,0.0,0.0,0.0,5.0,16.0,0.0,0.0,0.0,0.0,3.0,16.0,2.0,0.0,1.0,1.0,3.0,15.0,1.0,0.0,1.0,7.0,8.0,4.0,1.0,0.0,0.0,1.0,2.0,17.0,1.0,0.0,0.0,1.0,4.0,14.0,2.0,4.825,4.925,4.775,4.9,4.824999999999999,4.9,4.625,3.825,4.875,4.75
_,_,14:635:320:01,Int To Nanomaterials,_,66.0,26.0,0.0,0.0,0.0,5.0,20.0,1.0,0.0,1.0,1.0,5.0,18.0,1.0,0.0,0.0,0.0,12.0,13.0,1.0,0.0,0.0,1.0,8.0,16.0,1.0,0.0,0.0,0.0,10.0,15.0,1.0,0.0,1.0,3.0,6.0,14.0,2.0,0.0,0.0,3.0,11.0,11.0,1.0,1.0,2.0,5.0,6.0,11.0,1.0,0.0,0.0,2.0,6.0,17.0,1.0,0.0,0.0,2.0,10.0,13.0,1.0,4.625,4.55,4.375,4.475,4.55,4.35,4.275,4.125,4.65,4.5
_,_,14:635:401:01,Senior Mse Lab,_,26.0,17.0,0.0,0.0,2.0,2.0,12.0,1.0,0.0,1.0,2.0,2.0,11.0,1.0,0.0,0.0,2.0,1.0,11.0,3.0,0.0,0.0,2.0,2.0,11.0,2.0,0.0,0.0,2.0,2.0,8.0,5.0,0.0,0.0,1.0,3.0,12.0,1.0,0.0,1.0,3.0,1.0,11.0,1.0,0.0,0.0,3.0,2.0,10.0,2.0,0.0,1.0,2.0,2.0,11.0,1.0,0.0,1.0,2.0,3.0,11.0,0.0,4.6,4.35,4.574999999999999,4.525,4.425,4.675000000000001,4.3,4.45,4.4,4.35
_,_,14:635:411:01,Mse Eng'g Design I,_,9.0,5.0,0.0,0.0,0.0,2.0,3.0,0.0,0.0,0.0,0.0,2.0,3.0,0.0,0.0,0.0,0.0,2.0,3.0,0.0,0.0,0.0,0.0,2.0,3.0,0.0,0.0,0.0,0.0,2.0,3.0,0.0,0.0,0.0,0.0,2.0,3.0,0.0,1.0,0.0,0.0,2.0,2.0,0.0,0.0,0.0,1.0,2.0,2.0,0.0,0.0,0.0,0.0,1.0,4.0,0.0,0.0,0.0,0.0,1.0,4.0,0.0,4.5,4.5,4.5,4.5,4.5,4.5,3.5,4.0,4.75,4.75
_,_,14:635:416:01,Phys&chem Prop Glass,_,8.0,3.0,0.0,0.0,0.0,1.0,2.0,0.0,0.0,0.0,1.0,1.0,1.0,0.0,0.0,0.0,0.0,0.0,3.0,0.0,0.0,0.0,2.0,0.0,1.0,0.0,0.0,0.0,2.0,1.0,0.0,0.0,0.0,0.0,1.0,1.0,1.0,0.0,0.0,0.0,1.0,0.0,2.0,0.0,0.0,0.0,1.0,0.0,2.0,0.0,0.0,0.0,1.0,2.0,0.0,0.0,0.0,1.0,0.0,1.0,1.0,0.0,4.75,4.25,5.0,4.0,3.5,4.25,4.5,4.5,3.75,4.0
_,_,14:635:440:01,Electrochemical Devices,_,57.0,27.0,0.0,2.0,4.0,7.0,13.0,1.0,0.0,1.0,3.0,6.0,16.0,1.0,0.0,1.0,6.0,6.0,13.0,1.0,0.0,0.0,2.0,4.0,20.0,1.0,0.0,0.0,4.0,4.0,18.0,1.0,1.0,0.0,5.0,8.0,12.0,1.0,0.0,1.0,3.0,12.0,9.0,2.0,0.0,0.0,6.0,12.0,8.0,1.0,1.0,1.0,6.0,6.0,13.0,0.0,0.0,3.0,2.0,12.0,10.0,0.0,4.125,4.325,4.074999999999999,4.625,4.4750000000000005,4.0,4.1,4.025,3.975,4.0
_,_,14:650:432:01,Mech Engg Lab II,_,400.0,127.0,0.0,2.0,19.0,33.0,20.0,53.0,1.0,2.0,22.0,27.0,22.0,53.0,1.0,5.0,20.0,25.0,24.0,52.0,0.0,4.0,19.0,31.0,20.0,53.0,1.0,6.0,19.0,28.0,21.0,52.0,1.0,3.0,21.0,27.0,20.0,55.0,8.0,10.0,15.0,49.0,27.0,18.0,7.0,11.0,26.0,36.0,28.0,19.0,2.0,5.0,19.0,37.0,22.0,42.0,9.0,6.0,23.0,54.0,26.0,9.0,4.0625,4.0125,4.0,4.0,3.9124999999999996,4.0125,3.7375,3.6375,3.9624999999999995,3.7249999999999996
_,_,14:650:433:01,Aerospace Engr Lab,_,386.0,99.0,1.0,2.0,14.0,20.0,21.0,41.0,2.0,3.0,17.0,17.0,21.0,39.0,1.0,2.0,17.0,16.0,21.0,42.0,2.0,0.0,19.0,17.0,19.0,42.0,1.0,0.0,16.0,20.0,21.0,41.0,2.0,0.0,18.0,17.0,21.0,41.0,1.0,3.0,14.0,44.0,20.0,17.0,0.0,0.0,18.0,41.0,23.0,17.0,4.0,0.0,13.0,26.0,20.0,36.0,2.0,10.0,22.0,42.0,17.0,6.0,4.0875,4.0625,4.075,4.0625,4.175,4.125,3.9875,3.95,3.8625,3.6750000000000003
_,_,14:650:435:01,Energy Systems Lab,_,155.0,50.0,0.0,1.0,10.0,9.0,15.0,15.0,0.0,0.0,12.0,11.0,15.0,12.0,0.0,2.0,9.0,9.0,15.0,15.0,0.0,0.0,10.0,12.0,14.0,14.0,2.0,0.0,6.0,8.0,15.0,19.0,0.0,1.0,7.0,12.0,14.0,16.0,1.0,2.0,13.0,18.0,14.0,2.0,1.0,2.0,12.0,20.0,12.0,3.0,0.0,1.0,8.0,9.0,16.0,16.0,2.0,2.0,12.0,21.0,12.0,1.0,4.2,4.3,4.25,4.3,4.35,4.324999999999999,4.075,4.0,4.25,4.0
_,_,14:650:449:01,Aerospace Materials,_,305.0,81.0,2.0,7.0,14.0,26.0,22.0,10.0,4.0,5.0,19.0,21.0,21.0,11.0,4.0,9.0,15.0,21.0,22.0,10.0,1.0,1.0,17.0,24.0,28.0,10.0,2.0,7.0,12.0,18.0,27.0,15.0,6.0,10.0,21.0,15.0,19.0,10.0,2.0,10.0,19.0,24.0,15.0,11.0,2.0,13.0,26.0,19.0,11.0,10.0,9.0,9.0,21.0,22.0,20.0,0.0,7.0,13.0,22.0,22.0,16.0,1.0,3.9,3.75,3.5999999999999996,4.074999999999999,3.675,3.35,3.7,3.3249999999999997,3.45,3.2750000000000004
_,_,14:650:458:01,Aerospace Structures,_,235.0,71.0,0.0,4.0,10.0,31.0,22.0,4.0,0.0,4.0,15.0,30.0,18.0,4.0,4.0,10.0,17.0,28.0,8.0,4.0,2.0,6.0,18.0,26.0,15.0,4.0,5.0,7.0,18.0,23.0,14.0,4.0,5.0,7.0,22.0,24.0,8.0,5.0,6.0,5.0,16.0,31.0,8.0,5.0,2.0,14.0,25.0,20.0,4.0,6.0,4.0,9.0,16.0,30.0,11.0,1.0,5.0,11.0,18.0,29.0,7.0,1.0,3.9250000000000003,3.75,3.2249999999999996,3.4749999999999996,3.5,3.25,3.325,3.2,3.45,3.25
_,_,14:650:459:01,Aerospace Propulsion,_,196.0,57.0,0.0,1.0,6.0,16.0,28.0,6.0,0.0,1.0,7.0,20.0,23.0,6.0,1.0,3.0,6.0,18.0,23.0,6.0,0.0,1.0,8.0,19.0,23.0,6.0,4.0,2.0,10.0,13.0,21.0,7.0,2.0,4.0,10.0,16.0,19.0,6.0,0.0,4.0,3.0,21.0,22.0,7.0,0.0,4.0,7.0,19.0,20.0,7.0,2.0,7.0,6.0,16.0,22.0,4.0,2.0,5.0,8.0,17.0,20.0,5.0,4.449999999999999,4.35,4.25,4.425000000000001,4.199999999999999,4.025,4.325,4.125,3.9749999999999996,4.075
_,_,14:650:460:01,Aerodynamics,_,314.0,270.0,4.0,1.0,11.0,64.0,178.0,12.0,5.0,5.0,21.0,61.0,166.0,12.0,5.0,2.0,17.0,74.0,159.0,13.0,3.0,4.0,19.0,71.0,161.0,12.0,4.0,4.0,34.0,79.0,135.0,14.0,3.0,3.0,32.0,69.0,149.0,14.0,3.0,4.0,22.0,83.0,138.0,20.0,3.0,8.0,47.0,94.0,100.0,18.0,3.0,4.0,17.0,75.0,165.0,6.0,2.0,5.0,23.0,85.0,145.0,10.0,4.65,4.5,4.5,4.4750000000000005,4.3500000000000005,4.425,4.425,4.15,4.5,4.425
_,_,14:650:461:01,Int Comb Engines,_,226.0,75.0,7.0,7.0,14.0,26.0,18.0,3.0,2.0,4.0,6.0,26.0,34.0,3.0,3.0,8.0,8.0,24.0,29.0,3.0,0.0,3.0,8.0,24.0,36.0,4.0,0.0,3.0,9.0,32.0,27.0,4.0,6.0,7.0,8.0,24.0,26.0,4.0,5.0,6.0,8.0,30.0,22.0,4.0,1.0,4.0,13.0,26.0,27.0,4.0,8.0,8.0,11.0,26.0,20.0,2.0,10.0,3.0,13.0,25.0,21.0,3.0,3.5250000000000004,3.8875,3.9125,4.2375,4.1000000000000005,3.9,3.9375,4.0125,3.5625,3.5250000000000004
_,_,14:650:463:01,Comprs Fluid Dynamcs,_,270.0,83.0,0.0,1.0,0.0,22.0,54.0,6.0,1.0,1.0,3.0,18.0,54.0,6.0,0.0,3.0,0.0,19.0,55.0,6.0,0.0,3.0,1.0,16.0,56.0,7.0,0.0,2.0,6.0,26.0,42.0,7.0,0.0,1.0,6.0,25.0,44.0,7.0,1.0,1.0,4.0,24.0,47.0,6.0,0.0,7.0,12.0,24.0,33.0,7.0,1.0,2.0,3.0,23.0,51.0,3.0,1.0,0.0,7.0,29.0,43.0,3.0,4.75,4.65,4.699999999999999,4.699999999999999,4.4,4.5,4.6,4.2,4.55,4.4
_,_,14:650:468:B1,Design & Mfg 2,_,1496.0,604.0,6.0,14.0,66.0,165.0,284.0,69.0,6.0,11.0,65.0,166.0,294.0,62.0,11.0,15.0,83.0,145.0,282.0,68.0,6.0,11.0,51.0,163.0,313.0,60.0,6.0,6.0,58.0,152.0,296.0,86.0,8.0,15.0,74.0,154.0,281.0,72.0,11.0,30.0,86.0,206.0,249.0,22.0,5.0,21.0,117.0,186.0,241.0,34.0,8.0,14.0,70.0,155.0,301.0,56.0,16.0,32.0,89.0,228.0,221.0,18.0,4.839307547643951,4.897073529879047,4.901150203351168,4.901326251174812,4.864565442549844,4.864257807574955,4.049289843242244,4.273018341100732,4.7492421957553255,4.478465220520156
_,_,14:650:471:01,Aircraft Flight Dyn,_,229.0,85.0,11.0,7.0,20.0,25.0,15.0,7.0,15.0,9.0,11.0,23.0,20.0,7.0,12.0,8.0,19.0,23.0,16.0,7.0,8.0,9.0,18.0,26.0,17.0,7.0,6.0,5.0,25.0,27.0,15.0,7.0,16.0,10.0,18.0,21.0,13.0,7.0,6.0,15.0,13.0,29.0,15.0,7.0,2.0,2.0,17.0,26.0,30.0,8.0,23.0,6.0,21.0,22.0,11.0,2.0,20.0,7.0,23.0,20.0,12.0,3.0,3.7,3.8000000000000003,3.8,3.925,3.9,3.5999999999999996,3.7249999999999996,3.925,3.325,3.35
_,_,14:650:478:01,Me Aspects Elec Pkgg,_,64.0,17.0,0.0,0.0,0.0,5.0,11.0,1.0,0.0,0.0,0.0,3.0,13.0,1.0,0.0,0.0,0.0,4.0,11.0,2.0,0.0,0.0,0.0,3.0,13.0,1.0,0.0,0.0,0.0,2.0,14.0,1.0,0.0,0.0,0.0,3.0,13.0,1.0,0.0,0.0,0.0,3.0,13.0,1.0,0.0,1.0,2.0,3.0,10.0,1.0,0.0,0.0,1.0,2.0,14.0,0.0,0.0,0.0,1.0,4.0,11.0,1.0,4.7,4.8,4.75,4.8,4.9,4.8,4.8,4.425000000000001,4.8,4.65
_,_,14:650:485:01,Computing Environmen,_,29.0,11.0,0.0,0.0,0.0,4.0,7.0,0.0,0.0,0.0,0.0,3.0,8.0,0.0,0.0,0.0,1.0,4.0,6.0,0.0,0.0,0.0,0.0,4.0,7.0,0.0,0.0,0.0,2.0,2.0,7.0,0.0,0.0,0.0,0.0,4.0,7.0,0.0,0.0,0.0,0.0,4.0,7.0,0.0,0.0,0.0,3.0,6.0,2.0,0.0,0.0,0.0,0.0,5.0,6.0,0.0,0.0,0.0,1.0,4.0,6.0,0.0,4.325,4.825,3.8,4.325,3.775,4.325,4.325,3.525,4.275,3.8
_,_,14:650:488:B2,Aerospace Engineering Design 2,_,393.0,150.0,2.0,0.0,17.0,60.0,54.0,17.0,2.0,4.0,23.0,55.0,53.0,13.0,3.0,4.0,23.0,56.0,45.0,19.0,3.0,1.0,20.0,54.0,56.0,16.0,2.0,0.0,17.0,51.0,60.0,20.0,4.0,5.0,20.0,52.0,53.0,16.0,17.0,6.0,16.0,62.0,40.0,9.0,6.0,0.0,31.0,52.0,43.0,18.0,3.0,8.0,15.0,52.0,62.0,10.0,9.0,11.0,22.0,64.0,40.0,4.0,4.113284772634506,4.106002125144005,4.213237869739532,4.109946143627167,4.160659509897232,4.063773041963577,3.803073227405548,3.6096860647201536,3.8084391474723818,3.856991559267044
_,_,14:125:490:01,Bme Ha Research II,_,21.0,4.0,0.0,0.0,1.0,0.0,1.0,2.0,0.0,0.0,1.0,0.0,1.0,2.0,0.0,0.0,1.0,0.0,1.0,2.0,0.0,0.0,1.0,0.0,1.0,2.0,0.0,0.0,1.0,0.0,1.0,2.0,0.0,0.0,1.0,0.0,1.0,2.0,0.0,0.0,1.0,0.0,1.0,2.0,0.0,0.0,1.0,0.0,1.0,2.0,0.0,0.0,1.0,0.0,2.0,1.0,0.0,0.0,1.0,0.0,2.0,1.0,4.0,4.0,4.0,4.0,4.0,4.0,4.0,4.0,4.5,4.5
_,_,14:180:438:01,Transportatn Engg II,_,36.0,13.0,0.0,0.0,3.0,4.0,6.0,0.0,0.0,0.0,3.0,3.0,7.0,0.0,0.0,0.0,2.0,2.0,8.0,1.0,0.0,0.0,2.0,2.0,9.0,0.0,0.0,0.0,1.0,3.0,9.0,0.0,0.0,0.0,4.0,1.0,8.0,0.0,0.0,0.0,2.0,4.0,7.0,0.0,0.0,0.0,4.0,3.0,6.0,0.0,0.0,0.0,2.0,3.0,8.0,0.0,0.0,0.0,2.0,2.0,9.0,0.0,4.1,4.199999999999999,4.4,4.4,4.55,4.1,4.25,4.1,4.35,4.4
_,_,14:332:348:01,Digital Signal Processing Lab,_,113.0,16.0,0.0,3.0,3.0,5.0,1.0,4.0,1.0,3.0,5.0,3.0,1.0,3.0,2.0,3.0,3.0,5.0,1.0,2.0,1.0,2.0,3.0,6.0,1.0,3.0,2.0,2.0,5.0,4.0,0.0,3.0,2.0,2.0,7.0,3.0,0.0,2.0,3.0,4.0,4.0,4.0,0.0,1.0,2.0,4.0,3.0,5.0,1.0,1.0,1.0,6.0,5.0,0.0,0.0,4.0,3.0,5.0,4.0,1.0,1.0,2.0,3.125,2.7,2.625,2.925,2.6,2.475,2.3499999999999996,3.2,2.125,2.2
_,_,14:635:361:01,Mse Of Polymers,_,26.0,10.0,1.0,1.0,1.0,4.0,3.0,0.0,1.0,1.0,2.0,2.0,4.0,0.0,1.0,1.0,2.0,3.0,2.0,1.0,0.0,0.0,3.0,3.0,4.0,0.0,1.0,1.0,1.0,4.0,3.0,0.0,1.0,1.0,2.0,3.0,3.0,0.0,1.0,0.0,3.0,3.0,3.0,0.0,0.0,0.0,5.0,2.0,3.0,0.0,2.0,0.0,2.0,3.0,3.0,0.0,1.0,1.0,3.0,2.0,3.0,0.0,3.8499999999999996,3.8,3.65,4.15,3.8499999999999996,3.8,3.8499999999999996,3.85,3.7,3.65
_,_,14:180:374:01,Soil Mechanics Lab,_,71.0,19.0,0.0,0.0,1.0,7.0,6.0,5.0,0.0,0.0,0.0,10.0,5.0,4.0,0.0,0.0,3.0,7.0,5.0,4.0,0.0,0.0,0.0,10.0,5.0,4.0,0.0,0.0,3.0,6.0,6.0,4.0,0.0,0.0,2.0,8.0,5.0,4.0,0.0,0.0,1.0,9.0,5.0,4.0,0.0,1.0,5.0,4.0,5.0,4.0,0.0,0.0,1.0,10.0,6.0,2.0,0.0,0.0,1.0,10.0,6.0,2.0,4.35,4.324999999999999,4.075,4.324999999999999,4.275,4.175000000000001,4.3,3.9,4.275,4.25
_,_,14:635:354:01,Lab III,_,9.0,5.0,0.0,0.0,0.0,4.0,1.0,0.0,0.0,0.0,0.0,5.0,0.0,0.0,0.0,0.0,0.0,4.0,1.0,0.0,0.0,0.0,0.0,4.0,1.0,0.0,0.0,0.0,0.0,3.0,2.0,0.0,0.0,0.0,0.0,4.0,1.0,0.0,0.0,0.0,1.0,4.0,0.0,0.0,0.0,0.0,2.0,3.0,0.0,0.0,0.0,0.0,0.0,3.0,2.0,0.0,0.0,0.0,1.0,3.0,1.0,0.0,4.2,4.0,4.2,4.2,4.4,4.2,3.8,3.6,4.4,4.0
