_,_,_,_,"Olabisi, Ronke",67.0,37.0,1.0,0.0,4.0,12.0,19.0,1.0,2.0,0.0,6.0,15.0,13.0,1.0,1.0,1.0,4.0,12.0,18.0,1.0,1.0,1.0,3.0,14.0,17.0,1.0,1.0,1.0,2.0,17.0,15.0,1.0,1.0,2.0,4.0,13.0,16.0,1.0,0.0,0.0,1.0,19.0,16.0,1.0,0.0,0.0,3.0,11.0,22.0,1.0,1.0,2.0,4.0,14.0,15.0,1.0,1.0,0.0,2.0,22.0,11.0,1.0,4.3,4.0,4.3,4.3,4.2,4.1,4.4,4.5,4.1,4.2
_,_,_,_,"Hacihaliloglu, Ilker",67.0,37.0,0.0,0.0,1.0,14.0,21.0,1.0,0.0,0.0,2.0,14.0,20.0,1.0,0.0,0.0,3.0,13.0,19.0,2.0,0.0,0.0,1.0,15.0,19.0,2.0,0.0,0.0,2.0,16.0,15.0,4.0,0.0,0.0,4.0,12.0,19.0,2.0,0.0,0.0,1.0,19.0,16.0,1.0,0.0,0.0,3.0,11.0,22.0,1.0,0.0,0.0,4.0,13.0,19.0,1.0,1.0,0.0,2.0,22.0,11.0,1.0,4.6,4.5,4.5,4.5,4.4,4.4,4.4,4.5,4.4,4.2
_,_,_,_,"Shoane, George",355.0,109.0,5.0,15.0,20.0,46.0,18.0,5.0,14.0,15.0,21.0,35.0,18.0,6.0,37.0,15.0,19.0,18.0,14.0,6.0,15.0,9.0,24.0,38.0,18.0,5.0,10.0,15.0,31.0,31.0,16.0,6.0,34.0,24.0,23.0,12.0,11.0,5.0,13.0,18.0,23.0,36.0,14.0,5.0,6.0,2.0,19.0,46.0,31.0,5.0,48.0,16.0,22.0,13.0,7.0,3.0,37.0,26.0,16.0,19.0,6.0,5.0,3.2984375000000004,3.0718750000000004,2.3625,3.09375,2.9296875,2.2125,2.8453125000000004,3.83125,1.9718749999999998,1.96875
_,_,_,_,"Parekkadan, Biju",206.0,178.0,7.0,9.0,18.0,75.0,68.0,1.0,15.0,14.0,22.0,53.0,73.0,1.0,11.0,9.0,26.0,64.0,67.0,1.0,15.0,8.0,19.0,51.0,84.0,1.0,8.0,5.0,27.0,72.0,62.0,4.0,13.0,8.0,29.0,68.0,57.0,3.0,8.0,11.0,30.0,68.0,60.0,1.0,17.0,44.0,57.0,39.0,19.0,2.0,15.0,14.0,33.0,50.0,63.0,3.0,18.0,11.0,34.0,66.0,48.0,1.0,4.075,3.9499999999999997,4.0,4.125,4.075,3.925,3.9749999999999996,3.0,3.8,3.75
_,_,_,_,"Labazzo, Kristen",107.0,42.0,0.0,0.0,2.0,4.0,36.0,0.0,0.0,0.0,1.0,6.0,35.0,0.0,0.0,0.0,1.0,7.0,34.0,0.0,0.0,0.0,1.0,2.0,39.0,0.0,0.0,0.0,1.0,9.0,32.0,0.0,0.0,1.0,3.0,8.0,30.0,0.0,0.0,1.0,3.0,9.0,29.0,0.0,0.0,1.0,7.0,12.0,22.0,0.0,0.0,0.0,2.0,8.0,32.0,0.0,0.0,0.0,3.0,10.0,29.0,0.0,4.824999999999999,4.9,4.875,4.95,4.55,4.55,4.675,4.300000000000001,4.625,4.449999999999999
_,_,_,_,"Pierce, Mark",368.0,186.0,0.0,2.0,4.0,50.0,129.0,1.0,2.0,3.0,8.0,50.0,122.0,1.0,1.0,3.0,26.0,59.0,94.0,3.0,1.0,4.0,7.0,55.0,117.0,2.0,3.0,10.0,29.0,68.0,75.0,1.0,1.0,4.0,26.0,64.0,90.0,1.0,0.0,2.0,10.0,77.0,96.0,1.0,6.0,27.0,45.0,60.0,46.0,2.0,1.0,5.0,6.0,71.0,101.0,2.0,1.0,5.0,17.0,74.0,88.0,1.0,4.699999999999999,4.5703125,4.446875,4.54375,4.0671875,4.3734375,4.49375,3.909375,4.4921875,4.44375
_,_,_,_,"Berthiaume, Francois",564.0,153.0,2.0,1.0,14.0,60.0,62.0,14.0,0.0,1.0,19.0,53.0,68.0,12.0,6.0,8.0,33.0,45.0,46.0,15.0,0.0,0.0,17.0,58.0,65.0,13.0,1.0,5.0,13.0,55.0,64.0,15.0,2.0,6.0,30.0,51.0,49.0,15.0,2.0,3.0,16.0,69.0,54.0,9.0,1.0,16.0,37.0,60.0,28.0,11.0,2.0,6.0,24.0,54.0,59.0,8.0,1.0,9.0,29.0,60.0,49.0,5.0,4.12421875,4.221875,3.965625,4.253125000000001,4.11015625,4.02578125,4.171875,3.7765625,4.09921875,3.9718750000000003
_,_,_,_,"Shreiber, David",212.0,63.0,0.0,1.0,6.0,40.0,16.0,0.0,1.0,4.0,6.0,28.0,24.0,0.0,1.0,0.0,9.0,24.0,29.0,0.0,1.0,4.0,9.0,25.0,24.0,0.0,1.0,2.0,8.0,31.0,21.0,0.0,2.0,1.0,11.0,27.0,22.0,0.0,0.0,3.0,5.0,30.0,24.0,1.0,1.0,8.0,12.0,26.0,14.0,2.0,2.0,2.0,7.0,33.0,19.0,0.0,2.0,3.0,9.0,31.0,17.0,1.0,4.0875,4.3125,4.4625,4.225,4.125,4.074999999999999,4.175000000000001,3.675,4.125,3.9624999999999995
_,_,_,_,"Drzewiecki, Gary",1029.0,267.0,14.0,31.0,59.0,103.0,49.0,11.0,5.0,37.0,61.0,92.0,63.0,9.0,29.0,51.0,65.0,66.0,48.0,8.0,4.0,10.0,58.0,108.0,78.0,9.0,16.0,30.0,54.0,100.0,52.0,15.0,26.0,48.0,72.0,69.0,44.0,8.0,23.0,33.0,86.0,72.0,40.0,13.0,26.0,50.0,95.0,57.0,26.0,13.0,32.0,46.0,57.0,79.0,43.0,10.0,34.0,41.0,74.0,74.0,37.0,7.0,4.43016602396965,4.533841428160667,4.536781996488571,4.5608121991157535,4.679249694943428,4.3393478989601135,4.288849487900734,3.532070052623749,4.327595767378807,4.307826215028763
_,_,_,_,"Sy, Jay",366.0,264.0,8.0,7.0,23.0,102.0,122.0,2.0,8.0,12.0,32.0,101.0,108.0,3.0,9.0,26.0,59.0,91.0,77.0,2.0,7.0,3.0,20.0,116.0,116.0,2.0,8.0,14.0,49.0,113.0,74.0,6.0,12.0,21.0,63.0,92.0,71.0,5.0,12.0,31.0,67.0,102.0,50.0,2.0,9.0,25.0,84.0,86.0,56.0,4.0,8.0,19.0,55.0,107.0,73.0,2.0,14.0,30.0,68.0,107.0,42.0,3.0,3.75,3.8,3.7375,4.1125,3.65,3.7249999999999996,3.5999999999999996,3.8125,3.6,3.425
_,_,_,_,"Li, John",344.0,205.0,0.0,3.0,10.0,63.0,118.0,11.0,1.0,3.0,13.0,64.0,114.0,10.0,1.0,5.0,23.0,59.0,106.0,11.0,0.0,1.0,6.0,50.0,138.0,10.0,1.0,8.0,18.0,58.0,109.0,11.0,3.0,3.0,27.0,57.0,105.0,10.0,1.0,3.0,25.0,79.0,87.0,10.0,0.0,9.0,43.0,59.0,82.0,12.0,2.0,7.0,21.0,63.0,109.0,3.0,3.0,4.0,20.0,71.0,103.0,4.0,4.521484375,4.5,4.3484375,4.657421875,4.41171875,4.3859375,4.31484375,3.9828124999999996,4.418359375,4.401953125
_,_,_,_,"Craelius, William",13.0,11.0,4.0,3.0,2.0,2.0,0.0,0.0,6.0,2.0,0.0,3.0,0.0,0.0,3.0,4.0,1.0,2.0,1.0,0.0,2.0,2.0,2.0,4.0,1.0,0.0,3.0,1.0,3.0,3.0,0.0,1.0,3.0,3.0,3.0,1.0,0.0,1.0,4.0,3.0,1.0,2.0,0.0,1.0,0.0,0.0,0.0,1.0,9.0,1.0,8.0,1.0,2.0,0.0,0.0,0.0,6.0,2.0,2.0,0.0,0.0,1.0,2.2,2.0,2.5,3.0,2.6,2.2,2.1,4.9,1.5,1.6
_,_,_,_,"Langrana, Noshir",419.0,149.0,1.0,8.0,20.0,51.0,62.0,7.0,0.0,6.0,16.0,58.0,64.0,5.0,3.0,4.0,19.0,53.0,62.0,8.0,0.0,2.0,15.0,50.0,75.0,7.0,1.0,3.0,19.0,42.0,73.0,11.0,2.0,7.0,22.0,51.0,58.0,9.0,3.0,6.0,13.0,62.0,60.0,5.0,3.0,7.0,20.0,59.0,57.0,3.0,3.0,3.0,20.0,49.0,70.0,4.0,4.0,8.0,21.0,50.0,64.0,2.0,3.998828125,3.9925781249999996,4.006640625,4.03671875,4.0390625,3.87890625,3.99453125,3.6421875,3.886328125,3.891796875
_,_,_,_,"Cai, Li",206.0,149.0,1.0,3.0,11.0,61.0,72.0,1.0,0.0,1.0,13.0,66.0,69.0,0.0,1.0,3.0,18.0,53.0,74.0,0.0,0.0,0.0,5.0,51.0,92.0,1.0,0.0,2.0,23.0,58.0,62.0,4.0,1.0,3.0,30.0,59.0,55.0,1.0,0.0,7.0,23.0,63.0,55.0,1.0,0.0,4.0,15.0,61.0,69.0,0.0,2.0,3.0,29.0,64.0,51.0,0.0,1.0,3.0,31.0,63.0,50.0,1.0,4.3125,4.275,4.3375,4.5375,4.25,4.025,4.0125,4.2875,3.9375,4.0375
_,_,_,_,"Gormley, Adam",283.0,227.0,0.0,0.0,3.0,44.0,180.0,0.0,1.0,2.0,5.0,44.0,173.0,2.0,0.0,1.0,6.0,47.0,170.0,3.0,0.0,2.0,7.0,42.0,176.0,0.0,0.0,2.0,12.0,64.0,148.0,1.0,0.0,1.0,11.0,55.0,159.0,1.0,1.0,0.0,7.0,85.0,130.0,4.0,2.0,6.0,44.0,83.0,87.0,5.0,0.0,1.0,5.0,51.0,168.0,2.0,0.0,2.0,8.0,77.0,136.0,4.0,4.728125,4.540625,4.65625,4.484375,4.387499999999999,4.590624999999999,4.50625,3.8625000000000003,4.578125,4.3125
_,_,_,_,"Zahn, Jeffrey",51.0,22.0,0.0,0.0,0.0,4.0,18.0,0.0,0.0,0.0,0.0,3.0,19.0,0.0,0.0,0.0,3.0,3.0,16.0,0.0,0.0,1.0,0.0,3.0,16.0,2.0,0.0,1.0,0.0,5.0,16.0,0.0,0.0,0.0,2.0,9.0,11.0,0.0,0.0,0.0,0.0,9.0,13.0,0.0,0.0,2.0,6.0,5.0,9.0,0.0,0.0,0.0,2.0,10.0,10.0,0.0,0.0,1.0,1.0,9.0,11.0,0.0,4.9,4.9125,4.55,4.8375,4.825,4.45,4.55,3.6875,4.4625,4.425
_,_,_,_,"Buettner, Helen",174.0,140.0,2.0,1.0,9.0,57.0,70.0,1.0,1.0,4.0,15.0,52.0,67.0,1.0,2.0,7.0,30.0,49.0,50.0,2.0,1.0,3.0,13.0,44.0,78.0,1.0,3.0,8.0,23.0,46.0,58.0,2.0,1.0,7.0,29.0,48.0,52.0,3.0,3.0,1.0,11.0,62.0,62.0,1.0,3.0,7.0,34.0,51.0,42.0,3.0,3.0,9.0,24.0,46.0,57.0,1.0,3.0,6.0,20.0,61.0,49.0,1.0,4.612500000000001,4.575,4.324999999999999,4.575,4.4375,4.375,4.475,4.0625,4.425,4.375
_,_,_,_,"Murray, Karen",184.0,89.0,0.0,0.0,0.0,19.0,70.0,0.0,0.0,0.0,1.0,13.0,75.0,0.0,0.0,1.0,3.0,17.0,67.0,1.0,0.0,0.0,1.0,13.0,75.0,0.0,0.0,1.0,3.0,12.0,63.0,10.0,0.0,1.0,2.0,20.0,66.0,0.0,0.0,1.0,8.0,28.0,51.0,1.0,2.0,2.0,16.0,28.0,41.0,0.0,1.0,0.0,3.0,18.0,67.0,0.0,1.0,0.0,4.0,22.0,62.0,0.0,4.8,4.85,4.75,4.8,4.75,4.75,4.550000000000001,4.25,4.75,4.65
_,_,_,_,"Tomassone, Maria",303.0,128.0,3.0,8.0,10.0,35.0,70.0,2.0,2.0,4.0,11.0,29.0,80.0,2.0,4.0,2.0,15.0,30.0,74.0,3.0,1.0,2.0,8.0,24.0,91.0,2.0,4.0,2.0,6.0,23.0,89.0,4.0,2.0,6.0,13.0,33.0,71.0,3.0,2.0,5.0,9.0,38.0,71.0,3.0,6.0,10.0,38.0,40.0,30.0,4.0,3.0,6.0,8.0,42.0,69.0,0.0,5.0,6.0,9.0,53.0,53.0,2.0,4.3875,4.4125,4.375,4.625,4.65,4.387499999999999,4.3875,3.575,4.35,4.15
_,_,_,_,"Androulakis, Ioannis",432.0,123.0,2.0,8.0,17.0,54.0,38.0,4.0,10.0,8.0,29.0,43.0,29.0,4.0,5.0,15.0,31.0,33.0,35.0,4.0,5.0,16.0,23.0,40.0,35.0,4.0,3.0,12.0,22.0,47.0,33.0,6.0,8.0,9.0,28.0,46.0,27.0,5.0,3.0,7.0,16.0,52.0,39.0,6.0,10.0,16.0,41.0,25.0,24.0,7.0,8.0,11.0,31.0,41.0,30.0,2.0,12.0,9.0,37.0,36.0,27.0,2.0,3.64482421875,3.5699218750000004,3.42314453125,3.51171875,3.5318359375000004,3.479296875,3.566015625,3.3576171875,4.0087890625,3.9671875
_,_,_,_,"Chiew, Yee",184.0,56.0,0.0,1.0,3.0,16.0,36.0,0.0,0.0,0.0,6.0,16.0,34.0,0.0,0.0,1.0,8.0,19.0,28.0,0.0,0.0,0.0,5.0,20.0,31.0,0.0,2.0,10.0,11.0,13.0,18.0,2.0,0.0,2.0,10.0,17.0,27.0,0.0,0.0,3.0,8.0,15.0,30.0,0.0,1.0,2.0,12.0,20.0,20.0,1.0,1.0,1.0,9.0,13.0,32.0,0.0,1.0,4.0,9.0,19.0,23.0,0.0,4.55,4.5,4.35,4.449999999999999,3.7,4.25,4.300000000000001,4.05,4.35,4.1
_,_,_,_,"Schuster, Benjamin",419.0,376.0,2.0,9.0,24.0,146.0,189.0,6.0,5.0,11.0,48.0,140.0,165.0,7.0,8.0,27.0,56.0,136.0,140.0,9.0,3.0,0.0,35.0,137.0,193.0,8.0,15.0,28.0,74.0,139.0,110.0,10.0,14.0,24.0,71.0,142.0,116.0,9.0,8.0,28.0,68.0,179.0,80.0,13.0,31.0,63.0,88.0,110.0,71.0,13.0,12.0,26.0,56.0,160.0,117.0,5.0,14.0,32.0,83.0,165.0,78.0,4.0,4.4328125,4.2640625,4.159375,4.4781249999999995,3.9187499999999997,4.0640625,4.0234375,3.3078125000000003,4.0671875,3.8953124999999997
_,_,_,_,"Zhang, Haoran",241.0,198.0,0.0,1.0,6.0,90.0,98.0,3.0,0.0,4.0,17.0,84.0,90.0,3.0,2.0,10.0,31.0,82.0,71.0,2.0,1.0,0.0,14.0,82.0,98.0,3.0,4.0,5.0,14.0,85.0,85.0,5.0,2.0,7.0,30.0,86.0,70.0,3.0,2.0,11.0,33.0,91.0,54.0,7.0,12.0,23.0,42.0,61.0,52.0,8.0,0.0,4.0,26.0,96.0,69.0,3.0,3.0,8.0,35.0,93.0,55.0,4.0,4.8375,4.734375,4.56875,4.734375,4.3375,4.440625,4.459375,4.065625,4.49375,4.428125
_,_,_,_,"Bertuccio, Alex",510.0,444.0,4.0,21.0,42.0,164.0,213.0,0.0,10.0,25.0,52.0,140.0,216.0,1.0,11.0,15.0,50.0,150.0,218.0,0.0,7.0,10.0,42.0,107.0,278.0,0.0,37.0,50.0,101.0,146.0,109.0,1.0,15.0,22.0,56.0,156.0,192.0,3.0,18.0,20.0,73.0,173.0,158.0,2.0,9.0,35.0,144.0,156.0,97.0,3.0,19.0,20.0,61.0,165.0,174.0,5.0,28.0,28.0,60.0,181.0,144.0,3.0,4.2640625,4.2578125,4.303125,4.5078125,3.790625,4.25,4.0015625,3.7875,4.159375,4.0078125
_,_,_,_,"Ramachandran, Rohit",428.0,211.0,1.0,9.0,32.0,84.0,70.0,15.0,0.0,3.0,24.0,71.0,97.0,16.0,6.0,16.0,38.0,73.0,65.0,13.0,0.0,1.0,19.0,67.0,110.0,14.0,2.0,8.0,33.0,74.0,78.0,16.0,8.0,14.0,35.0,71.0,68.0,15.0,9.0,8.0,35.0,81.0,69.0,9.0,12.0,33.0,79.0,54.0,26.0,7.0,8.0,16.0,31.0,76.0,68.0,12.0,15.0,18.0,35.0,73.0,64.0,6.0,4.175,4.2671875,3.9640625,4.171875,4.2015625,4.053125,3.7328125,3.5359375,4.167187500000001,3.728125
_,_,_,_,"Celik, Fuat",273.0,119.0,2.0,5.0,14.0,37.0,59.0,2.0,6.0,7.0,11.0,38.0,57.0,0.0,4.0,5.0,11.0,42.0,57.0,0.0,2.0,11.0,13.0,38.0,55.0,0.0,3.0,6.0,14.0,39.0,57.0,0.0,3.0,8.0,11.0,38.0,56.0,3.0,7.0,4.0,10.0,37.0,61.0,0.0,3.0,14.0,24.0,48.0,29.0,1.0,3.0,8.0,13.0,38.0,57.0,0.0,4.0,10.0,16.0,36.0,53.0,0.0,4.3,4.199999999999999,4.3,4.199999999999999,4.225,4.225,4.275,3.8,4.25,4.25
_,_,_,_,"Nassif, Hani",57.0,30.0,1.0,0.0,5.0,13.0,11.0,0.0,0.0,1.0,6.0,11.0,12.0,0.0,0.0,1.0,5.0,10.0,14.0,0.0,0.0,0.0,5.0,13.0,12.0,0.0,0.0,1.0,2.0,16.0,10.0,1.0,0.0,3.0,5.0,13.0,9.0,0.0,0.0,0.0,6.0,10.0,14.0,0.0,0.0,2.0,18.0,4.0,6.0,0.0,2.0,2.0,4.0,10.0,12.0,0.0,1.0,0.0,6.0,14.0,9.0,0.0,4.075,4.15,4.25,4.25,4.175000000000001,3.9,4.25,3.5,3.85,4.0
_,_,_,_,"Brenner, Alfred",331.0,130.0,1.0,1.0,4.0,15.0,107.0,2.0,1.0,0.0,1.0,9.0,117.0,2.0,1.0,0.0,2.0,8.0,116.0,3.0,1.0,0.0,1.0,8.0,118.0,2.0,1.0,0.0,1.0,9.0,117.0,2.0,1.0,0.0,3.0,13.0,110.0,3.0,1.0,0.0,3.0,28.0,95.0,3.0,4.0,11.0,20.0,39.0,53.0,3.0,0.0,0.0,1.0,13.0,115.0,1.0,0.0,0.0,1.0,14.0,113.0,2.0,4.737500000000001,4.8375,4.824999999999999,4.8375,4.8125,4.7,4.6,4.1375,4.825,4.9
_,_,_,_,"Yong, Yook-Kong",431.0,131.0,2.0,18.0,30.0,45.0,32.0,4.0,8.0,15.0,44.0,36.0,23.0,5.0,9.0,15.0,37.0,41.0,24.0,5.0,2.0,2.0,28.0,58.0,36.0,5.0,2.0,7.0,21.0,48.0,46.0,7.0,4.0,20.0,41.0,38.0,23.0,5.0,4.0,13.0,29.0,46.0,34.0,5.0,2.0,2.0,31.0,56.0,34.0,6.0,12.0,17.0,43.0,39.0,18.0,2.0,10.0,17.0,39.0,42.0,21.0,2.0,4.171875,3.9046875,3.8203125,4.096875,4.2015625,3.8328125,4.2453125,3.753125,3.753125,3.7703125
_,_,_,_,"Mazurek, Monica",53.0,18.0,1.0,3.0,3.0,5.0,6.0,0.0,1.0,1.0,2.0,3.0,11.0,0.0,0.0,1.0,2.0,5.0,10.0,0.0,0.0,0.0,0.0,4.0,14.0,0.0,1.0,0.0,2.0,3.0,11.0,1.0,0.0,2.0,1.0,5.0,10.0,0.0,1.0,1.0,2.0,8.0,6.0,0.0,0.0,3.0,2.0,6.0,7.0,0.0,1.0,1.0,4.0,5.0,7.0,0.0,2.0,1.0,4.0,4.0,7.0,0.0,3.93125,4.425,4.4375,4.8625,4.575,4.356249999999999,4.1,4.06875,4.05,3.925
_,_,_,_,"Fahrenfeld, Nicole",138.0,110.0,0.0,2.0,0.0,27.0,81.0,0.0,3.0,4.0,5.0,51.0,47.0,0.0,1.0,1.0,13.0,48.0,47.0,0.0,1.0,3.0,5.0,47.0,53.0,1.0,3.0,3.0,9.0,52.0,43.0,0.0,1.0,3.0,10.0,53.0,43.0,0.0,0.0,5.0,4.0,44.0,57.0,0.0,2.0,25.0,42.0,27.0,14.0,0.0,2.0,2.0,10.0,45.0,50.0,1.0,4.0,1.0,13.0,53.0,38.0,1.0,4.4,4.1,4.5,4.225,4.15,4.2375,4.3625,3.6,4.2125,4.25
_,_,_,_,"Gong, Jie",72.0,32.0,0.0,0.0,1.0,12.0,19.0,0.0,0.0,0.0,3.0,10.0,19.0,0.0,1.0,0.0,1.0,10.0,20.0,0.0,0.0,0.0,1.0,10.0,20.0,1.0,0.0,1.0,0.0,9.0,22.0,0.0,1.0,1.0,0.0,12.0,18.0,0.0,0.0,0.0,1.0,12.0,19.0,0.0,0.0,0.0,0.0,13.0,19.0,0.0,0.0,0.0,3.0,10.0,19.0,0.0,0.0,0.0,2.0,10.0,20.0,0.0,4.65,4.550000000000001,4.449999999999999,4.65,4.7,4.4,4.6,4.65,4.5,4.6
_,_,_,_,"Arafa, Mohamed",80.0,28.0,1.0,2.0,3.0,10.0,11.0,1.0,1.0,3.0,6.0,5.0,12.0,1.0,0.0,1.0,6.0,7.0,13.0,1.0,0.0,4.0,6.0,4.0,13.0,1.0,0.0,1.0,5.0,5.0,16.0,1.0,1.0,2.0,6.0,8.0,10.0,1.0,0.0,1.0,7.0,6.0,13.0,1.0,0.0,1.0,4.0,13.0,9.0,1.0,1.0,1.0,7.0,8.0,9.0,2.0,1.0,2.0,7.0,5.0,12.0,1.0,4.0,3.9,4.2,4.0,4.3,3.9,4.2,4.1,3.9,3.9
_,_,_,_,"Moon, Franklin",21.0,7.0,0.0,0.0,0.0,1.0,6.0,0.0,0.0,0.0,0.0,0.0,7.0,0.0,0.0,0.0,0.0,0.0,7.0,0.0,0.0,0.0,0.0,2.0,5.0,0.0,0.0,0.0,0.0,0.0,7.0,0.0,0.0,0.0,0.0,2.0,5.0,0.0,0.0,0.0,0.0,1.0,5.0,1.0,0.0,0.0,0.0,1.0,5.0,1.0,0.0,0.0,0.0,0.0,7.0,0.0,0.0,0.0,0.0,1.0,5.0,1.0,4.9,5.0,5.0,4.7,5.0,4.7,4.8,4.8,5.0,4.8
_,_,_,_,"Miskewitz, Robert",326.0,121.0,2.0,16.0,19.0,39.0,43.0,2.0,3.0,11.0,16.0,37.0,52.0,2.0,3.0,5.0,18.0,37.0,55.0,3.0,3.0,6.0,16.0,35.0,59.0,2.0,0.0,3.0,16.0,41.0,59.0,2.0,4.0,7.0,22.0,39.0,47.0,2.0,2.0,12.0,14.0,51.0,40.0,2.0,9.0,29.0,32.0,19.0,29.0,3.0,6.0,12.0,21.0,35.0,44.0,3.0,6.0,9.0,22.0,39.0,43.0,2.0,4.0,4.15,4.275,4.325,4.275,4.112500000000001,3.975,3.425,3.9749999999999996,4.0375
_,_,_,_,Jin Jing,91.0,67.0,5.0,5.0,8.0,22.0,26.0,1.0,0.0,4.0,7.0,20.0,35.0,1.0,2.0,2.0,11.0,22.0,29.0,1.0,0.0,0.0,2.0,21.0,43.0,1.0,0.0,1.0,5.0,27.0,33.0,1.0,0.0,5.0,14.0,25.0,22.0,1.0,1.0,5.0,14.0,28.0,18.0,1.0,9.0,17.0,15.0,16.0,8.0,2.0,3.0,6.0,14.0,18.0,24.0,2.0,2.0,5.0,15.0,27.0,17.0,1.0,3.9,4.3,4.1,4.6,4.4,4.0,3.9,3.0,3.8,3.8
_,_,_,_,"Maher, Ali",327.0,115.0,2.0,4.0,15.0,38.0,50.0,6.0,6.0,2.0,19.0,36.0,45.0,7.0,5.0,10.0,19.0,36.0,39.0,6.0,2.0,7.0,13.0,45.0,42.0,6.0,2.0,6.0,19.0,40.0,40.0,8.0,5.0,7.0,24.0,40.0,32.0,7.0,3.0,8.0,28.0,41.0,30.0,5.0,8.0,19.0,33.0,26.0,23.0,6.0,4.0,9.0,22.0,40.0,36.0,4.0,3.0,7.0,32.0,36.0,33.0,4.0,4.0375,3.925,3.825,3.9750000000000005,3.925,3.7,3.6875,3.3875,3.825,3.7625
_,_,_,_,"Godrich, Hana",1293.0,408.0,2.0,2.0,19.0,114.0,255.0,16.0,1.0,5.0,19.0,117.0,257.0,9.0,0.0,7.0,33.0,119.0,237.0,12.0,0.0,1.0,16.0,99.0,281.0,11.0,2.0,3.0,25.0,106.0,249.0,23.0,1.0,5.0,39.0,116.0,235.0,12.0,2.0,6.0,42.0,174.0,176.0,8.0,2.0,14.0,71.0,144.0,165.0,12.0,2.0,7.0,22.0,130.0,235.0,12.0,5.0,11.0,40.0,167.0,178.0,7.0,4.61602783203125,4.628613281250001,4.5223388671875,4.766552734375001,4.788586425781251,4.653765869140625,4.3010009765624995,4.125238037109375,4.6359375,4.40374755859375
_,_,_,_,"Mammone, Richard",31.0,8.0,0.0,0.0,0.0,2.0,6.0,0.0,0.0,0.0,1.0,1.0,6.0,0.0,0.0,0.0,2.0,2.0,4.0,0.0,0.0,0.0,0.0,3.0,5.0,0.0,0.0,0.0,0.0,1.0,7.0,0.0,0.0,0.0,0.0,5.0,3.0,0.0,0.0,0.0,2.0,3.0,3.0,0.0,1.0,1.0,1.0,3.0,2.0,0.0,0.0,0.0,1.0,4.0,3.0,0.0,0.0,0.0,2.0,4.0,2.0,0.0,4.8,4.6,4.3,4.6,4.9,4.4,4.1,3.5,4.3,4.0
_,_,_,_,"Caggiano, Michael",1113.0,357.0,7.0,11.0,37.0,117.0,165.0,20.0,3.0,15.0,48.0,116.0,155.0,20.0,10.0,7.0,43.0,111.0,163.0,23.0,6.0,7.0,36.0,118.0,168.0,22.0,3.0,4.0,41.0,112.0,170.0,27.0,12.0,21.0,52.0,103.0,142.0,27.0,5.0,8.0,36.0,131.0,155.0,22.0,8.0,20.0,74.0,129.0,105.0,21.0,16.0,12.0,52.0,114.0,150.0,13.0,14.0,14.0,43.0,132.0,139.0,15.0,4.498364257812501,4.49420166015625,4.4501708984375,4.5851318359375,4.53585205078125,4.32633056640625,4.50537109375,3.9094970703125,4.1302490234375,4.0367919921875
_,_,_,_,"Petropulu, Athina",317.0,108.0,15.0,21.0,24.0,27.0,21.0,0.0,24.0,21.0,20.0,19.0,21.0,3.0,24.0,16.0,21.0,21.0,25.0,1.0,26.0,17.0,20.0,19.0,24.0,2.0,9.0,18.0,27.0,26.0,27.0,1.0,29.0,20.0,15.0,22.0,21.0,1.0,13.0,18.0,21.0,29.0,26.0,1.0,10.0,27.0,26.0,22.0,23.0,0.0,36.0,18.0,16.0,19.0,18.0,1.0,33.0,17.0,21.0,23.0,14.0,0.0,4.03125,3.9437499999999996,4.0375,3.9375,4.16875,3.85625,4.13125,4.125,3.79375,3.7875
_,_,_,_,"Burdea, Grigore",146.0,63.0,1.0,2.0,12.0,20.0,28.0,0.0,2.0,4.0,9.0,24.0,24.0,0.0,3.0,4.0,10.0,13.0,32.0,1.0,3.0,2.0,8.0,22.0,27.0,1.0,2.0,2.0,21.0,19.0,18.0,1.0,5.0,6.0,14.0,19.0,19.0,0.0,5.0,1.0,11.0,19.0,26.0,1.0,5.0,10.0,17.0,19.0,12.0,0.0,4.0,6.0,13.0,24.0,14.0,2.0,3.0,9.0,10.0,24.0,16.0,1.0,4.1,4.0,4.1,4.1,3.8,3.7,4.0,3.4,3.6,3.7
_,_,_,_,"Orfanidis, Sophocles",784.0,204.0,1.0,11.0,22.0,60.0,91.0,19.0,1.0,6.0,36.0,61.0,82.0,18.0,11.0,4.0,42.0,65.0,65.0,17.0,0.0,1.0,26.0,77.0,83.0,17.0,1.0,2.0,16.0,55.0,111.0,19.0,3.0,11.0,37.0,60.0,74.0,19.0,0.0,8.0,34.0,84.0,69.0,9.0,7.0,13.0,45.0,70.0,58.0,11.0,7.0,12.0,34.0,69.0,66.0,16.0,5.0,6.0,36.0,82.0,66.0,9.0,4.319921875,4.3083984375,3.840234375,4.2486328125,4.3623046875,4.04375,4.0337890625,3.546875,3.9447265625,4.090625
_,_,_,_,"Sarwate, Anand",748.0,321.0,5.0,10.0,30.0,100.0,153.0,23.0,4.0,4.0,23.0,120.0,144.0,26.0,6.0,11.0,45.0,98.0,135.0,26.0,2.0,2.0,28.0,107.0,158.0,24.0,3.0,10.0,34.0,113.0,136.0,25.0,10.0,10.0,43.0,124.0,108.0,26.0,9.0,11.0,56.0,127.0,89.0,29.0,19.0,53.0,109.0,68.0,42.0,30.0,10.0,9.0,42.0,121.0,113.0,26.0,11.0,16.0,55.0,129.0,82.0,28.0,4.475,4.48515625,4.278124999999999,4.5203125,4.39609375,4.17578125,4.008593749999999,3.4640625,4.11484375,3.84296875
_,_,_,_,"Javanmard, Mehdi",653.0,329.0,5.0,11.0,41.0,127.0,139.0,6.0,5.0,10.0,31.0,95.0,181.0,7.0,8.0,8.0,60.0,100.0,146.0,7.0,6.0,4.0,29.0,98.0,184.0,8.0,10.0,8.0,48.0,124.0,128.0,11.0,11.0,13.0,62.0,105.0,132.0,6.0,3.0,16.0,41.0,134.0,126.0,9.0,13.0,32.0,88.0,91.0,96.0,9.0,10.0,10.0,48.0,114.0,141.0,6.0,11.0,21.0,56.0,119.0,116.0,6.0,4.096875,4.128125,4.078125,4.0093749999999995,4.09375,3.7156249999999997,3.9499999999999997,4.003125,3.596875,3.4875
_,_,_,_,Sehajpal Sumati,64.0,22.0,0.0,1.0,3.0,6.0,11.0,1.0,1.0,0.0,7.0,5.0,8.0,1.0,2.0,4.0,2.0,5.0,8.0,1.0,2.0,0.0,5.0,4.0,9.0,2.0,1.0,2.0,1.0,7.0,10.0,1.0,3.0,3.0,2.0,6.0,7.0,1.0,2.0,2.0,3.0,6.0,8.0,1.0,2.0,3.0,4.0,5.0,7.0,1.0,3.0,3.0,3.0,4.0,8.0,1.0,3.0,2.0,3.0,6.0,7.0,1.0,4.35,3.95,3.7,3.95,4.15,3.6,3.9,3.75,3.6,3.65
_,_,_,_,McGarvey John,55.0,36.0,0.0,0.0,4.0,14.0,18.0,0.0,0.0,0.0,2.0,12.0,22.0,0.0,0.0,2.0,5.0,8.0,20.0,1.0,0.0,0.0,1.0,8.0,27.0,0.0,0.0,0.0,4.0,13.0,18.0,1.0,0.0,2.0,6.0,10.0,18.0,0.0,1.0,2.0,6.0,13.0,14.0,0.0,5.0,11.0,8.0,8.0,3.0,1.0,0.0,1.0,4.0,16.0,15.0,0.0,0.0,2.0,8.0,17.0,9.0,0.0,4.4,4.6,4.3,4.7,4.4,4.2,4.0,2.8,4.3,3.9
_,_,_,_,"Gajic, Zoran",187.0,52.0,2.0,3.0,9.0,15.0,22.0,1.0,2.0,3.0,7.0,16.0,23.0,1.0,4.0,3.0,11.0,14.0,19.0,1.0,2.0,2.0,6.0,18.0,23.0,1.0,3.0,3.0,5.0,13.0,27.0,1.0,7.0,1.0,12.0,13.0,18.0,1.0,4.0,3.0,9.0,16.0,19.0,1.0,3.0,2.0,11.0,16.0,19.0,1.0,7.0,1.0,13.0,12.0,18.0,1.0,6.0,5.0,9.0,15.0,16.0,1.0,3.96875,4.14375,3.5625,4.15,3.96875,3.7,3.925,3.8562499999999997,3.4375,3.4875
_,_,_,_,"Pompili, Dario",196.0,62.0,4.0,10.0,12.0,16.0,19.0,1.0,4.0,6.0,9.0,22.0,19.0,2.0,9.0,6.0,15.0,14.0,17.0,1.0,4.0,4.0,11.0,23.0,19.0,1.0,3.0,1.0,12.0,24.0,21.0,1.0,5.0,9.0,16.0,16.0,15.0,1.0,5.0,10.0,10.0,23.0,13.0,1.0,3.0,6.0,19.0,22.0,11.0,1.0,8.0,11.0,11.0,16.0,16.0,0.0,9.0,11.0,12.0,17.0,13.0,0.0,3.5,3.503125,3.290625,3.625,3.815625,3.421875,3.45,3.46875,3.2625,3.10625
_,_,_,_,"Trappe, Wade",702.0,181.0,0.0,2.0,3.0,30.0,145.0,1.0,0.0,0.0,2.0,27.0,149.0,3.0,0.0,1.0,7.0,29.0,142.0,2.0,0.0,0.0,1.0,26.0,152.0,2.0,0.0,0.0,4.0,23.0,147.0,7.0,0.0,2.0,7.0,30.0,140.0,2.0,2.0,2.0,11.0,59.0,104.0,3.0,2.0,8.0,32.0,40.0,94.0,5.0,0.0,0.0,5.0,28.0,147.0,1.0,0.0,0.0,6.0,47.0,125.0,3.0,4.7875,4.8375,4.7125,4.875,4.8625,4.75,4.487500000000001,4.15,4.775,4.65
_,_,_,_,"Chen, Yingying",172.0,89.0,0.0,0.0,1.0,19.0,67.0,2.0,0.0,0.0,1.0,21.0,64.0,3.0,0.0,0.0,10.0,18.0,59.0,2.0,0.0,0.0,2.0,24.0,59.0,4.0,0.0,1.0,2.0,21.0,63.0,2.0,0.0,1.0,7.0,22.0,56.0,3.0,0.0,0.0,9.0,24.0,52.0,4.0,1.0,2.0,11.0,24.0,48.0,3.0,0.0,0.0,5.0,20.0,62.0,2.0,0.0,1.0,8.0,20.0,57.0,3.0,4.699999999999999,4.7125,4.46875,4.625,4.6187499999999995,4.36875,4.48125,4.15,4.55,4.456250000000001
_,_,_,_,"Hassan, Umer",346.0,251.0,2.0,3.0,17.0,67.0,159.0,3.0,1.0,4.0,13.0,71.0,159.0,3.0,3.0,5.0,24.0,58.0,155.0,6.0,1.0,2.0,6.0,68.0,171.0,3.0,2.0,3.0,20.0,67.0,154.0,5.0,2.0,1.0,29.0,75.0,138.0,6.0,1.0,4.0,28.0,94.0,119.0,5.0,3.0,17.0,58.0,71.0,93.0,9.0,3.0,3.0,27.0,70.0,144.0,4.0,0.0,5.0,22.0,101.0,120.0,3.0,4.524218749999999,4.553125,4.421093750000001,4.645312499999999,4.4734375,4.375781249999999,4.371874999999999,3.8921875,4.37890625,4.2828125
_,_,_,_,"Spasojevic, Predrag",765.0,189.0,16.0,23.0,40.0,63.0,32.0,15.0,21.0,9.0,47.0,55.0,43.0,14.0,30.0,32.0,42.0,48.0,22.0,15.0,19.0,10.0,48.0,65.0,32.0,15.0,13.0,7.0,44.0,73.0,33.0,19.0,27.0,31.0,44.0,50.0,21.0,16.0,17.0,31.0,38.0,60.0,26.0,17.0,18.0,23.0,60.0,39.0,31.0,18.0,37.0,26.0,43.0,46.0,20.0,17.0,37.0,24.0,46.0,46.0,20.0,16.0,3.3499999999999996,3.575,3.115625,3.45625,3.503125,3.034375,3.140625,3.078125,2.825,2.8125
_,_,_,_,"Bajwa, Waheed Uz Zaman",54.0,44.0,0.0,0.0,2.0,5.0,37.0,0.0,0.0,0.0,0.0,7.0,37.0,0.0,0.0,1.0,3.0,14.0,26.0,0.0,0.0,1.0,1.0,6.0,36.0,0.0,0.0,0.0,4.0,13.0,27.0,0.0,0.0,1.0,4.0,10.0,29.0,0.0,0.0,1.0,4.0,7.0,32.0,0.0,1.0,0.0,4.0,18.0,21.0,0.0,0.0,0.0,4.0,7.0,33.0,0.0,0.0,1.0,4.0,14.0,25.0,0.0,4.8,4.8,4.5,4.8,4.5,4.5,4.6,4.3,4.7,4.4
_,_,_,_,Striki Maria,29.0,26.0,0.0,0.0,1.0,12.0,13.0,0.0,0.0,0.0,0.0,7.0,19.0,0.0,0.0,0.0,3.0,8.0,15.0,0.0,0.0,0.0,0.0,5.0,21.0,0.0,0.0,0.0,1.0,4.0,20.0,1.0,0.0,0.0,2.0,11.0,13.0,0.0,0.0,0.0,1.0,12.0,13.0,0.0,0.0,1.0,6.0,9.0,9.0,1.0,0.0,0.0,2.0,10.0,14.0,0.0,0.0,0.0,2.0,10.0,14.0,0.0,4.45,4.7,4.5,4.800000000000001,4.75,4.45,4.45,4.05,4.5,4.5
_,_,_,_,"Marsic, Ivan",550.0,182.0,27.0,28.0,36.0,46.0,39.0,6.0,30.0,27.0,40.0,43.0,37.0,5.0,36.0,27.0,41.0,33.0,40.0,5.0,27.0,21.0,41.0,43.0,44.0,6.0,49.0,35.0,39.0,28.0,22.0,9.0,36.0,35.0,35.0,40.0,31.0,5.0,24.0,24.0,37.0,55.0,34.0,8.0,13.0,10.0,26.0,62.0,62.0,9.0,50.0,27.0,32.0,33.0,36.0,4.0,52.0,31.0,28.0,34.0,32.0,5.0,3.3125,3.075,2.8812499999999996,3.2249999999999996,2.4875,2.85625,3.38125,3.9,2.64375,2.54375
_,_,_,_,"Lindqvist, Janne",26.0,11.0,0.0,0.0,4.0,5.0,2.0,0.0,0.0,3.0,2.0,3.0,3.0,0.0,0.0,2.0,2.0,5.0,2.0,0.0,1.0,2.0,1.0,6.0,1.0,0.0,0.0,0.0,3.0,7.0,1.0,0.0,1.0,2.0,2.0,4.0,2.0,0.0,1.0,0.0,2.0,3.0,5.0,0.0,0.0,0.0,1.0,3.0,7.0,0.0,2.0,1.0,2.0,5.0,1.0,0.0,1.0,2.0,0.0,6.0,2.0,0.0,3.8,3.6,3.6,3.4,3.8,3.4,4.0,4.6,3.2,3.6
_,_,_,_,"Najafizadeh, Laleh",247.0,142.0,1.0,1.0,11.0,41.0,86.0,2.0,2.0,5.0,11.0,48.0,74.0,2.0,2.0,4.0,16.0,49.0,67.0,4.0,1.0,1.0,14.0,41.0,82.0,3.0,2.0,4.0,19.0,50.0,62.0,5.0,2.0,9.0,16.0,50.0,63.0,2.0,1.0,2.0,19.0,45.0,70.0,5.0,4.0,10.0,25.0,48.0,51.0,4.0,2.0,6.0,18.0,42.0,70.0,4.0,0.0,8.0,24.0,51.0,55.0,4.0,4.403125,3.859375,3.85625,4.20625,3.9968749999999997,3.93125,4.2875,3.8875,3.7593750000000004,3.91875
_,_,_,_,"Dana, Kristin",181.0,68.0,1.0,3.0,4.0,11.0,49.0,0.0,1.0,1.0,3.0,11.0,52.0,0.0,1.0,1.0,2.0,14.0,50.0,0.0,1.0,2.0,1.0,12.0,52.0,0.0,0.0,2.0,3.0,12.0,49.0,2.0,2.0,3.0,4.0,15.0,44.0,0.0,1.0,2.0,2.0,17.0,44.0,2.0,3.0,1.0,3.0,18.0,41.0,2.0,1.0,4.0,3.0,11.0,48.0,1.0,2.0,4.0,4.0,16.0,40.0,2.0,4.7,4.75,4.7375,4.775,4.825,4.6,4.675000000000001,4.5375,4.725,4.575
_,_,_,_,"Yuan, Bo",488.0,167.0,2.0,0.0,6.0,39.0,111.0,9.0,1.0,0.0,10.0,29.0,118.0,9.0,2.0,2.0,14.0,30.0,110.0,9.0,1.0,0.0,5.0,37.0,114.0,10.0,1.0,0.0,4.0,30.0,122.0,10.0,1.0,2.0,11.0,41.0,101.0,11.0,1.0,1.0,17.0,46.0,92.0,10.0,1.0,4.0,21.0,40.0,90.0,11.0,0.0,4.0,13.0,36.0,108.0,6.0,0.0,2.0,14.0,42.0,101.0,8.0,4.737500000000001,4.762499999999999,4.668749999999999,4.734375,4.84375,4.668749999999999,4.546875,4.512499999999999,4.6187499999999995,4.634375
_,_,_,_,Wu Chung-Tse,14.0,9.0,0.0,0.0,1.0,4.0,4.0,0.0,0.0,1.0,0.0,4.0,4.0,0.0,0.0,1.0,0.0,4.0,4.0,0.0,0.0,1.0,1.0,2.0,5.0,0.0,0.0,0.0,1.0,2.0,6.0,0.0,0.0,1.0,0.0,5.0,3.0,0.0,0.0,0.0,0.0,5.0,4.0,0.0,0.0,0.0,0.0,6.0,3.0,0.0,0.0,0.0,2.0,4.0,3.0,0.0,0.0,1.0,0.0,5.0,3.0,0.0,4.3,4.2,4.2,4.2,4.6,4.1,4.4,4.3,4.1,4.1
_,_,_,_,"Soljanin, Emina",232.0,70.0,8.0,13.0,16.0,15.0,15.0,3.0,13.0,10.0,12.0,14.0,18.0,3.0,11.0,12.0,17.0,12.0,15.0,3.0,7.0,4.0,21.0,16.0,19.0,3.0,6.0,3.0,21.0,20.0,16.0,4.0,16.0,12.0,16.0,10.0,12.0,4.0,9.0,16.0,16.0,15.0,11.0,3.0,8.0,13.0,24.0,16.0,7.0,2.0,18.0,11.0,18.0,8.0,12.0,3.0,19.0,12.0,19.0,7.0,11.0,2.0,4.375,4.39375,4.2,4.4875,4.51875,4.0875,3.9625,3.8625,4.0625,4.0625
_,_,_,_,"Ortiz, Jorge",429.0,130.0,8.0,15.0,21.0,38.0,32.0,16.0,6.0,13.0,23.0,31.0,43.0,14.0,13.0,10.0,23.0,27.0,43.0,14.0,4.0,10.0,25.0,37.0,40.0,14.0,11.0,9.0,32.0,29.0,33.0,16.0,10.0,14.0,35.0,25.0,31.0,15.0,10.0,9.0,20.0,36.0,38.0,17.0,8.0,5.0,23.0,43.0,34.0,17.0,18.0,18.0,24.0,30.0,35.0,5.0,18.0,24.0,23.0,34.0,26.0,5.0,3.621875,3.7406249999999996,3.675,3.7281250000000004,3.5250000000000004,3.459375,3.73125,3.721875,3.4593749999999996,3.240625
_,_,_,_,"Southard, Phillip",36.0,23.0,1.0,2.0,1.0,4.0,15.0,0.0,0.0,0.0,0.0,7.0,16.0,0.0,0.0,0.0,1.0,4.0,18.0,0.0,0.0,0.0,0.0,6.0,17.0,0.0,0.0,0.0,1.0,6.0,16.0,0.0,0.0,1.0,0.0,8.0,14.0,0.0,0.0,0.0,4.0,2.0,17.0,0.0,0.0,0.0,2.0,8.0,13.0,0.0,0.0,3.0,0.0,5.0,15.0,0.0,1.0,2.0,1.0,7.0,12.0,0.0,4.1,4.65,4.699999999999999,4.7,4.6,4.4,4.55,4.5,4.25,4.1
_,_,_,_,"Brown, Philip",3331.0,1412.0,15.0,18.0,133.0,507.0,562.0,177.0,21.0,40.0,147.0,448.0,583.0,173.0,31.0,56.0,204.0,448.0,496.0,177.0,14.0,17.0,115.0,456.0,635.0,175.0,19.0,25.0,132.0,462.0,593.0,181.0,29.0,49.0,201.0,479.0,483.0,171.0,42.0,77.0,240.0,513.0,381.0,159.0,88.0,200.0,349.0,342.0,265.0,168.0,31.0,39.0,215.0,540.0,516.0,71.0,37.0,66.0,277.0,601.0,364.0,67.0,4.597550177574158,4.464893591403961,4.251464414596558,4.487003600597381,4.459952569007873,4.301056265830994,3.898854923248291,3.698275089263916,4.133760201931,3.910191595554352
_,_,_,_,"Antoine, Jean Patrick",105.0,92.0,0.0,0.0,1.0,13.0,78.0,0.0,0.0,1.0,4.0,17.0,68.0,2.0,0.0,1.0,10.0,34.0,46.0,1.0,0.0,1.0,4.0,17.0,70.0,0.0,1.0,3.0,9.0,37.0,41.0,1.0,0.0,1.0,9.0,30.0,49.0,3.0,2.0,8.0,29.0,40.0,13.0,0.0,2.0,6.0,25.0,44.0,14.0,1.0,0.0,1.0,9.0,26.0,56.0,0.0,0.0,4.0,11.0,42.0,33.0,2.0,4.8,4.7,4.4,4.7,4.3,4.4,3.6,3.7,4.5,4.2
_,_,_,_,"Denda, Mitsunori",1612.0,593.0,21.0,33.0,63.0,154.0,143.0,179.0,35.0,36.0,88.0,123.0,130.0,181.0,39.0,39.0,74.0,128.0,133.0,180.0,23.0,18.0,74.0,140.0,158.0,180.0,9.0,8.0,46.0,146.0,197.0,187.0,42.0,32.0,79.0,118.0,138.0,184.0,47.0,59.0,103.0,176.0,122.0,86.0,29.0,64.0,159.0,156.0,97.0,88.0,58.0,37.0,81.0,120.0,130.0,167.0,92.0,57.0,138.0,152.0,127.0,27.0,3.620726680755615,3.5429229736328125,3.5691905975341793,3.698039150238037,3.9249720573425293,3.543460559844971,3.8973087310791015,3.8143126487731935,3.968092441558838,3.603795623779297
_,_,_,_,"Scacchioli, Annalisa",2107.0,1934.0,88.0,151.0,329.0,737.0,562.0,67.0,98.0,132.0,349.0,693.0,592.0,70.0,112.0,175.0,406.0,612.0,553.0,76.0,54.0,45.0,210.0,638.0,915.0,72.0,81.0,73.0,241.0,683.0,784.0,72.0,105.0,129.0,346.0,677.0,603.0,74.0,81.0,134.0,418.0,820.0,407.0,74.0,87.0,255.0,601.0,576.0,338.0,77.0,185.0,173.0,360.0,641.0,539.0,36.0,158.0,177.0,416.0,701.0,429.0,53.0,3.80474853515625,3.8041015625,3.734381103515625,4.268841552734376,4.211962890624999,3.918499755859375,3.732611083984375,3.3590026855468746,3.5573974609375,3.560626220703125
_,_,_,_,"Cook Chennault, Kimberly",142.0,93.0,1.0,6.0,9.0,20.0,49.0,8.0,0.0,2.0,13.0,25.0,45.0,8.0,2.0,5.0,13.0,24.0,41.0,8.0,0.0,0.0,4.0,31.0,50.0,8.0,0.0,5.0,15.0,26.0,36.0,11.0,0.0,3.0,16.0,20.0,45.0,9.0,0.0,3.0,18.0,35.0,29.0,8.0,5.0,7.0,19.0,24.0,29.0,9.0,2.0,9.0,12.0,22.0,45.0,3.0,1.0,11.0,12.0,35.0,31.0,3.0,4.596875,4.721875,4.7,4.79375,4.7375,4.646875,4.309375,4.328125,4.496875,4.146875
_,_,_,_,"Bottega, William",376.0,126.0,1.0,6.0,15.0,52.0,44.0,8.0,2.0,8.0,24.0,47.0,40.0,5.0,8.0,16.0,32.0,44.0,18.0,8.0,4.0,9.0,25.0,47.0,35.0,6.0,8.0,7.0,31.0,41.0,32.0,7.0,9.0,15.0,35.0,40.0,20.0,7.0,12.0,8.0,24.0,54.0,22.0,6.0,8.0,19.0,41.0,33.0,15.0,10.0,9.0,14.0,26.0,49.0,26.0,2.0,14.0,14.0,34.0,46.0,17.0,1.0,3.9390625000000004,3.86591796875,3.6703125,3.8423828125,4.14111328125,3.7578125,3.74482421875,3.74716796875,3.60283203125,3.65859375
_,_,_,_,"Matlock, Thomas",324.0,127.0,0.0,0.0,3.0,14.0,105.0,5.0,0.0,1.0,2.0,13.0,105.0,6.0,0.0,2.0,2.0,10.0,107.0,6.0,0.0,1.0,2.0,11.0,108.0,5.0,0.0,0.0,3.0,15.0,103.0,6.0,0.0,1.0,2.0,14.0,105.0,5.0,0.0,1.0,3.0,27.0,91.0,5.0,1.0,7.0,29.0,28.0,57.0,5.0,1.0,0.0,1.0,13.0,108.0,4.0,1.0,0.0,2.0,14.0,107.0,3.0,4.711403656005859,4.733696365356446,4.671200180053711,4.805574417114258,4.809038543701172,4.705548477172852,4.626367950439453,3.633828353881836,4.845643997192383,4.728145980834961
_,_,_,_,"Bennett, Harold",370.0,121.0,0.0,1.0,6.0,42.0,64.0,8.0,1.0,6.0,13.0,33.0,60.0,8.0,4.0,8.0,21.0,36.0,43.0,9.0,0.0,1.0,16.0,34.0,62.0,8.0,10.0,10.0,22.0,30.0,40.0,9.0,5.0,12.0,25.0,33.0,38.0,8.0,2.0,7.0,11.0,37.0,55.0,9.0,4.0,7.0,20.0,42.0,38.0,10.0,7.0,9.0,15.0,53.0,34.0,3.0,7.0,11.0,20.0,44.0,36.0,3.0,4.782421875000001,4.381640624999999,4.165234375,4.448828125,3.8871093749999996,4.051953125,4.337890625,3.903125,4.004296875,3.966015625
_,_,_,_,"Rhee, Won-Jong",155.0,58.0,7.0,16.0,10.0,15.0,9.0,1.0,14.0,12.0,13.0,6.0,12.0,1.0,5.0,14.0,14.0,13.0,11.0,1.0,6.0,7.0,13.0,16.0,15.0,1.0,5.0,4.0,17.0,17.0,12.0,3.0,13.0,10.0,14.0,11.0,9.0,1.0,5.0,7.0,18.0,17.0,10.0,1.0,2.0,9.0,19.0,14.0,13.0,1.0,14.0,9.0,18.0,8.0,7.0,2.0,15.0,14.0,10.0,9.0,9.0,1.0,3.46171875,3.46875,3.50546875,3.84921875,3.83671875,3.51640625,3.49375,3.4812499999999997,3.2132812499999996,3.109375
_,_,_,_,"Golden, Martin",219.0,86.0,0.0,2.0,4.0,14.0,59.0,7.0,1.0,1.0,1.0,15.0,61.0,7.0,2.0,3.0,5.0,17.0,52.0,7.0,1.0,1.0,0.0,13.0,64.0,7.0,2.0,1.0,4.0,24.0,48.0,7.0,3.0,3.0,4.0,21.0,48.0,7.0,1.0,3.0,1.0,22.0,51.0,8.0,1.0,3.0,17.0,27.0,31.0,7.0,3.0,3.0,3.0,18.0,56.0,3.0,4.0,1.0,4.0,24.0,50.0,3.0,4.762890625000001,4.80625,4.38671875,4.796093750000001,4.45625,4.358984375,4.4296875,3.976171875,4.63203125,4.48984375
_,_,_,_,"Santos, Patricia",189.0,72.0,0.0,2.0,0.0,15.0,55.0,0.0,1.0,1.0,0.0,18.0,52.0,0.0,1.0,1.0,8.0,22.0,40.0,0.0,0.0,0.0,2.0,18.0,52.0,0.0,1.0,1.0,1.0,20.0,49.0,0.0,1.0,2.0,3.0,25.0,41.0,0.0,2.0,0.0,2.0,26.0,42.0,0.0,1.0,0.0,11.0,26.0,34.0,0.0,1.0,1.0,4.0,19.0,46.0,1.0,2.0,0.0,2.0,21.0,46.0,1.0,4.6,4.5,4.40625,4.64375,4.512499999999999,4.28125,4.41875,4.3625,4.3125,4.41875
_,_,_,_,"Schmitz, Guido",167.0,64.0,0.0,0.0,3.0,21.0,36.0,4.0,0.0,0.0,4.0,22.0,34.0,4.0,0.0,1.0,2.0,17.0,40.0,4.0,1.0,0.0,1.0,15.0,43.0,4.0,0.0,0.0,7.0,16.0,31.0,10.0,0.0,1.0,3.0,24.0,31.0,5.0,0.0,2.0,6.0,20.0,30.0,6.0,0.0,1.0,8.0,17.0,33.0,5.0,0.0,2.0,3.0,20.0,36.0,3.0,0.0,1.0,4.0,25.0,31.0,3.0,4.63125,4.4796875,4.4671875,4.821875,4.457812499999999,4.6234375,4.384375,4.34375,4.665625,4.5046875
_,_,_,_,"Rosenberg, Eric",116.0,83.0,9.0,22.0,18.0,20.0,14.0,0.0,5.0,12.0,19.0,26.0,21.0,0.0,2.0,11.0,20.0,23.0,26.0,1.0,4.0,5.0,11.0,33.0,29.0,1.0,9.0,6.0,18.0,26.0,24.0,0.0,9.0,16.0,13.0,25.0,19.0,1.0,1.0,5.0,19.0,39.0,18.0,1.0,6.0,8.0,15.0,31.0,21.0,2.0,12.0,15.0,21.0,24.0,10.0,1.0,8.0,12.0,23.0,27.0,11.0,2.0,3.2,3.6999999999999997,3.8,4.0,3.7,3.4000000000000004,3.9000000000000004,3.8,3.15,3.35
_,_,_,_,"Guo, Weihong",224.0,100.0,0.0,1.0,7.0,33.0,57.0,2.0,0.0,3.0,12.0,30.0,52.0,3.0,4.0,9.0,16.0,32.0,37.0,2.0,1.0,2.0,9.0,26.0,60.0,2.0,3.0,2.0,10.0,37.0,45.0,3.0,3.0,6.0,15.0,37.0,36.0,3.0,2.0,5.0,12.0,38.0,39.0,4.0,6.0,15.0,26.0,34.0,16.0,3.0,3.0,3.0,15.0,44.0,33.0,2.0,4.0,3.0,15.0,48.0,28.0,2.0,4.5375,4.449999999999999,4.275,4.5375,4.325,4.225,4.1875,3.5875,4.225,4.0625
_,_,_,_,"Wicks, Elin",3636.0,2481.0,19.0,9.0,51.0,485.0,1826.0,91.0,19.0,10.0,58.0,499.0,1798.0,97.0,25.0,24.0,132.0,620.0,1576.0,104.0,14.0,4.0,50.0,451.0,1865.0,97.0,16.0,8.0,60.0,485.0,1805.0,107.0,18.0,12.0,104.0,593.0,1645.0,109.0,22.0,33.0,169.0,897.0,1246.0,114.0,124.0,348.0,808.0,511.0,577.0,113.0,4.0,15.0,68.0,448.0,1902.0,44.0,10.0,23.0,105.0,695.0,1592.0,56.0,4.7086596429347995,4.63104527592659,4.64775225520134,4.710860031843186,4.693593519926071,4.658550018072129,4.381471860408784,3.5803855419158936,4.740026640892029,4.593043601512909
_,_,_,_,"Xi, Zhimin",213.0,151.0,2.0,9.0,12.0,76.0,50.0,2.0,4.0,6.0,18.0,64.0,55.0,4.0,4.0,12.0,24.0,61.0,48.0,2.0,1.0,0.0,15.0,60.0,73.0,2.0,2.0,5.0,10.0,59.0,70.0,5.0,2.0,9.0,27.0,64.0,44.0,5.0,4.0,8.0,40.0,68.0,29.0,2.0,6.0,26.0,43.0,49.0,23.0,4.0,5.0,14.0,19.0,64.0,48.0,1.0,9.0,10.0,32.0,69.0,30.0,1.0,3.9875,3.925,3.7875,4.237500000000001,4.025,3.7875,3.675,3.4625,3.825,3.5374999999999996
_,_,_,_,"Jafari, Mohsen",347.0,127.0,11.0,11.0,23.0,50.0,26.0,6.0,8.0,10.0,25.0,48.0,31.0,5.0,7.0,8.0,21.0,49.0,35.0,7.0,9.0,11.0,18.0,45.0,39.0,5.0,9.0,10.0,24.0,49.0,27.0,8.0,9.0,10.0,23.0,47.0,31.0,7.0,7.0,8.0,20.0,50.0,38.0,4.0,9.0,10.0,33.0,45.0,24.0,6.0,14.0,9.0,28.0,43.0,28.0,5.0,10.0,16.0,22.0,50.0,26.0,3.0,3.1546875,3.5078125,3.4328125,3.371875,3.434375,3.3125,3.6890625,3.371875,3.0265625,3.284375
_,_,_,_,"Albin, Susan",66.0,59.0,0.0,0.0,4.0,10.0,45.0,0.0,0.0,1.0,3.0,9.0,46.0,0.0,0.0,1.0,2.0,9.0,47.0,0.0,0.0,0.0,2.0,7.0,50.0,0.0,0.0,1.0,4.0,13.0,41.0,0.0,0.0,0.0,5.0,7.0,47.0,0.0,0.0,1.0,2.0,15.0,41.0,0.0,0.0,5.0,13.0,15.0,26.0,0.0,0.0,0.0,4.0,9.0,46.0,0.0,0.0,1.0,3.0,12.0,42.0,1.0,4.7,4.7,4.7,4.8,4.6,4.7,4.6,4.1,4.7,4.6
_,_,_,_,"Ozel, Tugrul",207.0,93.0,10.0,13.0,14.0,37.0,19.0,0.0,27.0,18.0,12.0,22.0,14.0,0.0,19.0,19.0,18.0,23.0,14.0,0.0,29.0,11.0,12.0,24.0,16.0,1.0,25.0,14.0,22.0,22.0,10.0,0.0,31.0,11.0,24.0,18.0,9.0,0.0,16.0,8.0,28.0,30.0,10.0,1.0,9.0,15.0,33.0,24.0,12.0,0.0,32.0,11.0,20.0,19.0,11.0,0.0,29.0,15.0,21.0,17.0,10.0,1.0,3.9625000000000004,3.4875000000000003,3.575,3.65,3.5125,3.275,3.625,3.2624999999999997,3.3875,3.3499999999999996
_,_,_,_,"Elsayed, E",136.0,56.0,5.0,5.0,6.0,20.0,20.0,0.0,6.0,5.0,9.0,13.0,23.0,0.0,7.0,9.0,5.0,14.0,21.0,0.0,7.0,3.0,8.0,12.0,26.0,0.0,3.0,8.0,12.0,12.0,21.0,0.0,8.0,10.0,9.0,14.0,15.0,0.0,4.0,5.0,11.0,18.0,17.0,1.0,7.0,6.0,14.0,14.0,14.0,1.0,9.0,4.0,13.0,11.0,19.0,0.0,9.0,3.0,15.0,12.0,17.0,0.0,3.8249999999999997,3.775,3.675,3.8875,3.65,3.3875,3.75,3.5125,3.5374999999999996,3.525
_,_,_,_,"Fabris, Laura",24.0,13.0,0.0,0.0,0.0,4.0,9.0,0.0,0.0,0.0,0.0,4.0,9.0,0.0,0.0,0.0,0.0,3.0,10.0,0.0,0.0,0.0,0.0,2.0,11.0,0.0,0.0,0.0,3.0,3.0,7.0,0.0,0.0,0.0,0.0,4.0,9.0,0.0,0.0,0.0,0.0,3.0,10.0,0.0,0.0,0.0,0.0,4.0,9.0,0.0,0.0,0.0,1.0,4.0,8.0,0.0,0.0,0.0,0.0,3.0,10.0,0.0,4.7,4.7,4.8,4.9,4.3,4.7,4.8,4.7,4.5,4.8
_,_,_,_,"Safari, Ahmad",117.0,82.0,0.0,1.0,6.0,35.0,36.0,4.0,0.0,5.0,19.0,29.0,27.0,2.0,0.0,4.0,12.0,26.0,34.0,6.0,0.0,1.0,11.0,37.0,29.0,4.0,1.0,3.0,13.0,38.0,19.0,8.0,0.0,3.0,15.0,32.0,28.0,4.0,1.0,3.0,15.0,30.0,31.0,2.0,1.0,3.0,23.0,23.0,28.0,4.0,1.0,6.0,14.0,38.0,22.0,1.0,1.0,4.0,19.0,34.0,23.0,1.0,4.475781250000001,4.13515625,4.47265625,4.340625,4.20390625,4.44765625,4.16328125,4.33359375,4.164843749999999,4.17109375
_,_,_,_,"Riman, Richard",137.0,70.0,16.0,17.0,17.0,15.0,4.0,1.0,8.0,10.0,12.0,22.0,17.0,1.0,10.0,12.0,9.0,24.0,13.0,2.0,5.0,6.0,12.0,27.0,19.0,1.0,6.0,4.0,16.0,27.0,15.0,2.0,15.0,14.0,11.0,18.0,11.0,1.0,10.0,14.0,11.0,19.0,14.0,2.0,9.0,11.0,21.0,19.0,8.0,2.0,23.0,10.0,11.0,18.0,8.0,0.0,24.0,10.0,8.0,21.0,6.0,1.0,2.5828125,3.3625,3.2546875,3.4953125,3.5765624999999996,2.9328125,3.1531249999999997,2.9015625,2.671875,2.5765625
_,_,_,_,"Klein, Lisa",196.0,99.0,0.0,1.0,4.0,19.0,73.0,2.0,0.0,1.0,4.0,31.0,61.0,2.0,0.0,0.0,7.0,39.0,51.0,2.0,0.0,0.0,4.0,28.0,65.0,2.0,0.0,0.0,5.0,31.0,61.0,2.0,0.0,1.0,11.0,31.0,52.0,4.0,0.0,0.0,8.0,40.0,48.0,3.0,1.0,8.0,22.0,33.0,32.0,3.0,0.0,2.0,7.0,26.0,62.0,2.0,1.0,0.0,9.0,30.0,57.0,2.0,4.589648437499999,4.5384765625,4.33828125,4.4701171875,4.554492187499999,4.333203125,4.2796875,4.116796875,4.65078125,4.50546875
_,_,_,_,"Garofalini, Stephen",60.0,44.0,1.0,4.0,4.0,18.0,17.0,0.0,3.0,10.0,5.0,15.0,11.0,0.0,2.0,4.0,6.0,14.0,18.0,0.0,4.0,6.0,7.0,13.0,14.0,0.0,0.0,5.0,13.0,17.0,9.0,0.0,4.0,3.0,7.0,15.0,15.0,0.0,0.0,2.0,4.0,14.0,23.0,1.0,2.0,4.0,17.0,10.0,10.0,1.0,5.0,2.0,8.0,16.0,12.0,1.0,3.0,5.0,4.0,16.0,14.0,2.0,4.625,4.325,4.76875,4.21875,3.7125,4.375,4.6125,4.38125,3.825,4.26875
_,_,_,_,"Lehman, Richard",114.0,44.0,2.0,2.0,2.0,24.0,13.0,1.0,2.0,3.0,5.0,16.0,17.0,1.0,2.0,3.0,7.0,13.0,17.0,2.0,1.0,0.0,5.0,15.0,22.0,1.0,2.0,2.0,10.0,15.0,14.0,1.0,2.0,3.0,5.0,17.0,16.0,1.0,2.0,1.0,5.0,20.0,15.0,1.0,2.0,1.0,13.0,16.0,10.0,2.0,3.0,1.0,7.0,18.0,15.0,0.0,3.0,2.0,7.0,17.0,14.0,1.0,4.0375,3.93125,3.925,4.25625,3.9749999999999996,3.9875,4.04375,3.8625,3.9375,3.825
_,_,_,_,"Goel, Ashutosh",76.0,50.0,0.0,0.0,2.0,16.0,31.0,1.0,0.0,2.0,3.0,12.0,33.0,0.0,1.0,2.0,6.0,15.0,26.0,0.0,0.0,2.0,2.0,14.0,32.0,0.0,0.0,2.0,7.0,14.0,24.0,3.0,1.0,1.0,6.0,14.0,28.0,0.0,1.0,2.0,3.0,16.0,28.0,0.0,1.0,3.0,13.0,25.0,8.0,0.0,1.0,1.0,4.0,12.0,30.0,2.0,2.0,0.0,4.0,19.0,24.0,1.0,4.78125,4.8125,4.78125,4.9125,4.575,4.79375,4.78125,3.9875000000000003,4.88125,4.74375
_,_,_,_,"Horvath, Robert",22.0,16.0,0.0,0.0,0.0,2.0,14.0,0.0,0.0,0.0,0.0,2.0,14.0,0.0,0.0,0.0,0.0,1.0,15.0,0.0,0.0,0.0,0.0,2.0,13.0,1.0,0.0,0.0,0.0,1.0,15.0,0.0,0.0,0.0,1.0,0.0,14.0,1.0,0.0,0.0,0.0,3.0,13.0,0.0,0.0,1.0,1.0,2.0,12.0,0.0,0.0,0.0,0.0,1.0,15.0,0.0,0.0,0.0,0.0,1.0,14.0,1.0,4.9,4.9,4.95,4.85,4.95,4.85,4.85,4.550000000000001,4.95,4.95
_,_,_,_,"Akdogan, Enver",995.0,535.0,9.0,10.0,36.0,119.0,339.0,22.0,9.0,23.0,46.0,131.0,305.0,21.0,9.0,14.0,34.0,111.0,344.0,23.0,6.0,13.0,25.0,122.0,347.0,22.0,9.0,11.0,25.0,114.0,351.0,25.0,11.0,16.0,36.0,110.0,339.0,23.0,10.0,16.0,40.0,179.0,268.0,22.0,24.0,77.0,159.0,126.0,125.0,24.0,7.0,18.0,32.0,126.0,339.0,13.0,10.0,12.0,44.0,154.0,301.0,14.0,4.312695312500001,4.28330078125,4.42010498046875,4.652294921875,4.53013916015625,4.49852294921875,4.3566650390625,3.4712646484375,4.33441162109375,4.33692626953125
_,_,_,_,"Wenzel, John",68.0,25.0,0.0,0.0,2.0,5.0,15.0,3.0,0.0,0.0,1.0,4.0,17.0,3.0,0.0,0.0,2.0,5.0,16.0,2.0,0.0,0.0,2.0,5.0,17.0,1.0,0.0,0.0,1.0,5.0,18.0,1.0,0.0,0.0,3.0,4.0,17.0,1.0,2.0,0.0,3.0,3.0,16.0,1.0,0.0,0.0,5.0,7.0,12.0,1.0,0.0,0.0,1.0,4.0,18.0,2.0,0.0,1.0,1.0,6.0,17.0,0.0,4.8,4.8125,4.8,4.75625,4.768750000000001,4.75,4.49375,4.487500000000001,4.768750000000001,4.762499999999999
_,_,_,_,"Birnie, Dunbar",191.0,94.0,0.0,2.0,8.0,19.0,59.0,6.0,0.0,1.0,6.0,14.0,67.0,6.0,0.0,2.0,8.0,21.0,55.0,8.0,0.0,0.0,5.0,11.0,72.0,6.0,0.0,0.0,7.0,15.0,62.0,10.0,1.0,1.0,9.0,18.0,56.0,9.0,1.0,2.0,6.0,25.0,58.0,2.0,2.0,1.0,17.0,25.0,46.0,3.0,1.0,2.0,8.0,20.0,57.0,6.0,0.0,3.0,5.0,31.0,54.0,1.0,4.28896484375,4.405859375,4.191845703125,4.371630859375,4.56162109375,4.122753906250001,4.160693359375,3.71484375,4.123339843749999,4.117626953125
_,_,_,_,"Tsakalakos, Thomas",436.0,159.0,7.0,11.0,35.0,49.0,53.0,4.0,8.0,20.0,25.0,51.0,50.0,5.0,14.0,12.0,35.0,44.0,50.0,4.0,3.0,6.0,16.0,57.0,73.0,4.0,5.0,1.0,19.0,64.0,63.0,7.0,14.0,17.0,32.0,47.0,44.0,5.0,10.0,12.0,28.0,66.0,37.0,6.0,11.0,27.0,54.0,36.0,22.0,9.0,20.0,13.0,42.0,41.0,43.0,0.0,16.0,14.0,40.0,50.0,37.0,2.0,4.065625,4.078125,3.7781249999999997,4.3,4.275,3.70625,3.825,3.321875,3.671875,3.7093749999999996
_,_,_,_,"Haber, Richard",24.0,15.0,0.0,0.0,0.0,3.0,12.0,0.0,0.0,0.0,0.0,2.0,13.0,0.0,0.0,0.0,0.0,3.0,12.0,0.0,0.0,0.0,0.0,3.0,12.0,0.0,0.0,0.0,0.0,2.0,13.0,0.0,0.0,0.0,0.0,2.0,13.0,0.0,1.0,0.0,0.0,2.0,12.0,0.0,0.0,0.0,1.0,6.0,8.0,0.0,0.0,0.0,0.0,1.0,14.0,0.0,0.0,0.0,0.0,1.0,14.0,0.0,4.496875,4.5,4.496875,4.496875,4.5,4.5,3.5,3.95625,4.75,4.75
_,_,_,_,"Demauro, Edward",491.0,178.0,2.0,4.0,11.0,45.0,103.0,13.0,0.0,3.0,13.0,41.0,108.0,13.0,1.0,5.0,14.0,33.0,111.0,14.0,0.0,1.0,13.0,42.0,106.0,16.0,4.0,3.0,13.0,52.0,90.0,16.0,4.0,3.0,21.0,46.0,90.0,14.0,2.0,5.0,17.0,50.0,91.0,13.0,0.0,5.0,22.0,51.0,85.0,15.0,6.0,6.0,22.0,43.0,97.0,4.0,5.0,9.0,25.0,51.0,84.0,4.0,4.348583984375,4.34755859375,4.837060546875,4.353271484375,4.4896484375,4.25625,4.48642578125,4.64169921875,4.137353515625,3.9497070312500004
_,_,_,_,"Pasi, Siddika",66.0,30.0,0.0,2.0,4.0,8.0,16.0,0.0,0.0,1.0,3.0,10.0,16.0,0.0,2.0,1.0,3.0,8.0,16.0,0.0,0.0,0.0,1.0,11.0,17.0,1.0,1.0,2.0,1.0,9.0,17.0,0.0,2.0,0.0,3.0,8.0,17.0,0.0,5.0,1.0,3.0,7.0,14.0,0.0,4.0,0.0,8.0,8.0,10.0,0.0,2.0,1.0,2.0,9.0,16.0,0.0,3.0,1.0,3.0,9.0,14.0,0.0,4.3,4.4,4.2,4.6,4.3,4.3,3.8,3.7,4.2,4.0
_,_,_,_,"Weng, George",542.0,208.0,23.0,29.0,39.0,50.0,35.0,32.0,34.0,28.0,46.0,38.0,28.0,34.0,30.0,32.0,38.0,42.0,33.0,33.0,13.0,13.0,46.0,65.0,39.0,32.0,10.0,7.0,27.0,78.0,51.0,35.0,34.0,27.0,56.0,27.0,31.0,33.0,26.0,30.0,42.0,52.0,28.0,30.0,15.0,22.0,65.0,58.0,18.0,30.0,67.0,27.0,37.0,35.0,30.0,12.0,59.0,29.0,44.0,43.0,25.0,8.0,3.496875,3.34794921875,3.3740234375,3.53349609375,3.7334960937500004,3.38935546875,3.383984375,3.44267578125,3.02421875,3.26611328125
_,_,_,_,"Bagchi, Prosenjit",631.0,478.0,4.0,3.0,18.0,119.0,296.0,38.0,6.0,14.0,41.0,116.0,266.0,35.0,7.0,7.0,27.0,120.0,279.0,38.0,4.0,10.0,37.0,118.0,276.0,33.0,5.0,16.0,59.0,137.0,222.0,39.0,5.0,10.0,50.0,117.0,259.0,37.0,4.0,11.0,41.0,138.0,239.0,45.0,9.0,24.0,93.0,151.0,160.0,41.0,6.0,11.0,34.0,129.0,282.0,16.0,6.0,13.0,49.0,147.0,246.0,17.0,3.385400390625,3.327783203125,3.3359375,3.3173828125,3.294140625,3.30986328125,3.05859375,2.94755859375,3.335693359375,2.9710449218750004
_,_,_,_,"Mazzeo, Aaron",573.0,187.0,4.0,12.0,23.0,49.0,67.0,32.0,7.0,6.0,20.0,48.0,76.0,30.0,11.0,7.0,32.0,44.0,63.0,30.0,5.0,2.0,15.0,47.0,88.0,30.0,7.0,2.0,24.0,56.0,68.0,30.0,11.0,11.0,31.0,47.0,57.0,30.0,10.0,6.0,31.0,51.0,58.0,31.0,2.0,15.0,47.0,46.0,46.0,31.0,14.0,17.0,33.0,48.0,66.0,9.0,15.0,21.0,40.0,52.0,49.0,10.0,4.346875,4.37265625,4.20703125,4.4820312499999995,4.25234375,4.121874999999999,4.24296875,4.07421875,4.109375,3.8570312500000004
_,_,_,_,"Gu, Xi",2190.0,967.0,9.0,12.0,89.0,318.0,477.0,62.0,14.0,23.0,92.0,292.0,482.0,64.0,17.0,38.0,149.0,279.0,412.0,72.0,13.0,11.0,89.0,291.0,501.0,62.0,8.0,16.0,129.0,274.0,425.0,115.0,14.0,32.0,132.0,305.0,409.0,75.0,34.0,37.0,147.0,339.0,372.0,38.0,24.0,72.0,226.0,286.0,309.0,50.0,11.0,30.0,125.0,291.0,456.0,54.0,38.0,54.0,162.0,364.0,326.0,23.0,4.233744156360626,4.071729499101639,3.956157130002975,4.265156096220016,4.389064073562622,4.060558277368545,4.011123141646385,3.933017084002495,4.154824778437614,3.9828686058521274
_,_,_,_,"Lin, Hao",888.0,275.0,3.0,4.0,26.0,67.0,103.0,72.0,6.0,9.0,33.0,69.0,94.0,64.0,4.0,19.0,34.0,60.0,88.0,70.0,5.0,9.0,29.0,79.0,85.0,68.0,6.0,9.0,27.0,61.0,92.0,80.0,7.0,6.0,31.0,77.0,84.0,70.0,11.0,13.0,23.0,116.0,92.0,20.0,7.0,23.0,51.0,106.0,68.0,20.0,10.0,5.0,32.0,85.0,88.0,55.0,13.0,17.0,40.0,115.0,83.0,7.0,4.259405517578125,4.358758544921875,4.333499145507812,4.337078857421875,4.432934570312501,4.356503295898437,4.169424438476563,4.087918090820312,4.209085083007812,4.039178466796875
_,_,_,_,"Gea, Hae",170.0,83.0,3.0,2.0,12.0,14.0,13.0,39.0,2.0,4.0,10.0,14.0,13.0,40.0,3.0,2.0,12.0,13.0,13.0,40.0,3.0,2.0,12.0,11.0,15.0,40.0,4.0,3.0,13.0,13.0,10.0,40.0,3.0,4.0,12.0,12.0,12.0,40.0,2.0,2.0,4.0,33.0,39.0,3.0,0.0,1.0,11.0,35.0,33.0,3.0,4.0,4.0,11.0,13.0,11.0,40.0,5.0,6.0,13.0,34.0,22.0,3.0,3.875,3.9000000000000004,3.825,3.925,3.675,3.75,4.4,4.3,3.675,3.95
_,_,_,_,"Yi, Jingang",388.0,147.0,9.0,18.0,20.0,52.0,38.0,10.0,9.0,14.0,23.0,48.0,43.0,10.0,15.0,21.0,32.0,34.0,35.0,10.0,6.0,11.0,16.0,50.0,52.0,12.0,7.0,7.0,26.0,51.0,44.0,12.0,17.0,23.0,31.0,36.0,30.0,10.0,15.0,20.0,25.0,49.0,28.0,10.0,19.0,22.0,47.0,26.0,23.0,10.0,20.0,21.0,33.0,35.0,35.0,3.0,27.0,28.0,30.0,37.0,22.0,3.0,4.390625,4.44375,4.309375,4.509375,4.521875,4.284375,3.490625,3.721875,4.0375,3.54375
_,_,_,_,"Zou, Qingze",686.0,255.0,12.0,18.0,57.0,69.0,45.0,54.0,27.0,18.0,66.0,51.0,40.0,53.0,19.0,18.0,64.0,57.0,40.0,57.0,18.0,17.0,66.0,60.0,36.0,58.0,12.0,12.0,63.0,75.0,36.0,57.0,18.0,18.0,69.0,59.0,32.0,59.0,22.0,39.0,56.0,86.0,41.0,11.0,20.0,25.0,76.0,84.0,38.0,12.0,29.0,16.0,55.0,58.0,38.0,59.0,40.0,29.0,67.0,80.0,27.0,12.0,3.788983154296875,3.401190185546875,3.68447265625,3.6368011474609374,3.747265625,3.5344482421875,3.9611083984375,3.998406982421875,3.514129638671875,3.594952392578125
_,_,_,_,"Singer, Jonathan",381.0,205.0,1.0,6.0,10.0,57.0,127.0,4.0,4.0,12.0,17.0,54.0,114.0,4.0,7.0,8.0,27.0,64.0,95.0,4.0,4.0,10.0,18.0,66.0,102.0,5.0,2.0,11.0,23.0,67.0,94.0,8.0,2.0,21.0,20.0,58.0,95.0,9.0,2.0,16.0,21.0,75.0,86.0,5.0,7.0,15.0,61.0,68.0,49.0,5.0,6.0,5.0,25.0,67.0,99.0,3.0,4.0,16.0,26.0,85.0,69.0,5.0,4.630078125000001,4.6188720703125,4.685888671875,4.615966796875,4.7087646484375,4.4308837890625,3.9614990234375,3.7972412109375,4.5799560546875,4.2734619140625
_,_,_,_,"Burlion, Laurent",213.0,84.0,1.0,1.0,8.0,26.0,32.0,16.0,0.0,2.0,7.0,29.0,37.0,9.0,1.0,2.0,8.0,22.0,36.0,15.0,0.0,0.0,4.0,26.0,41.0,13.0,1.0,2.0,7.0,28.0,31.0,15.0,2.0,0.0,9.0,30.0,30.0,13.0,4.0,3.0,15.0,31.0,23.0,8.0,3.0,3.0,19.0,23.0,28.0,8.0,2.0,4.0,11.0,26.0,33.0,8.0,5.0,3.0,15.0,30.0,30.0,1.0,4.59423828125,4.6197265625,4.47255859375,4.6912109375,4.744140625,4.27734375,4.2259765625,4.0201171875,4.535546875,4.1328125
_,_,_,_,"Baruh, Haim",442.0,139.0,1.0,3.0,9.0,59.0,65.0,2.0,2.0,3.0,13.0,52.0,67.0,2.0,8.0,5.0,6.0,52.0,65.0,3.0,2.0,3.0,4.0,52.0,76.0,2.0,2.0,2.0,14.0,53.0,63.0,5.0,7.0,3.0,15.0,51.0,59.0,4.0,8.0,4.0,13.0,58.0,53.0,3.0,3.0,2.0,25.0,55.0,51.0,3.0,8.0,4.0,18.0,50.0,57.0,2.0,7.0,8.0,21.0,54.0,48.0,1.0,4.648681640625,4.560595703124999,4.446826171874999,4.5833984375,4.662890625,4.645751953125,3.6932128906250004,3.51806640625,4.6994140625,3.7781738281250004
_,_,_,_,"Benaroya, Haym",517.0,231.0,2.0,3.0,11.0,45.0,154.0,16.0,1.0,5.0,16.0,45.0,146.0,18.0,4.0,11.0,20.0,49.0,131.0,16.0,1.0,3.0,12.0,50.0,148.0,17.0,3.0,7.0,19.0,58.0,125.0,19.0,3.0,8.0,26.0,58.0,119.0,17.0,4.0,8.0,13.0,68.0,122.0,16.0,8.0,13.0,41.0,63.0,90.0,16.0,4.0,8.0,17.0,57.0,138.0,7.0,5.0,9.0,22.0,61.0,125.0,9.0,4.82099609375,4.75615234375,4.4494140625,4.80732421875,4.52109375,4.4146484375,3.34951171875,3.6619140625,4.436328125,3.76044921875
_,_,_,_,"Muller, Michael",290.0,107.0,1.0,1.0,11.0,32.0,57.0,5.0,1.0,0.0,7.0,27.0,67.0,5.0,1.0,0.0,3.0,26.0,72.0,5.0,1.0,0.0,3.0,22.0,76.0,5.0,4.0,3.0,20.0,28.0,46.0,6.0,3.0,4.0,9.0,32.0,54.0,5.0,2.0,1.0,11.0,40.0,47.0,6.0,1.0,4.0,21.0,44.0,31.0,6.0,3.0,2.0,11.0,31.0,58.0,2.0,3.0,3.0,12.0,39.0,47.0,3.0,4.35625,4.54375,4.6375,4.69375,4.228125,4.303125,4.225,4.040625,4.328125,4.146875
_,_,_,_,"Mookerjee, Purusottam",684.0,208.0,5.0,11.0,22.0,76.0,91.0,3.0,9.0,12.0,26.0,74.0,81.0,6.0,19.0,25.0,32.0,58.0,71.0,3.0,7.0,4.0,23.0,74.0,97.0,3.0,7.0,8.0,15.0,75.0,100.0,3.0,18.0,17.0,28.0,63.0,79.0,3.0,8.0,8.0,33.0,80.0,76.0,3.0,6.0,19.0,45.0,53.0,82.0,3.0,19.0,13.0,37.0,58.0,80.0,1.0,10.0,23.0,35.0,67.0,72.0,1.0,4.268750000000001,4.209375,3.903125,4.415625,4.359375,4.090624999999999,4.078125,3.6468749999999996,4.028125,3.9375
_,_,_,_,"Bilgen, Onur",126.0,83.0,12.0,8.0,19.0,18.0,23.0,3.0,17.0,10.0,15.0,20.0,18.0,3.0,14.0,8.0,21.0,16.0,21.0,3.0,10.0,8.0,25.0,19.0,18.0,3.0,8.0,5.0,21.0,20.0,18.0,11.0,18.0,10.0,19.0,13.0,20.0,3.0,6.0,15.0,10.0,24.0,24.0,4.0,1.0,2.0,13.0,23.0,40.0,4.0,24.0,5.0,15.0,18.0,17.0,4.0,21.0,5.0,16.0,19.0,18.0,4.0,3.53046875,3.083203125,3.469140625,3.478515625,4.09921875,3.41875,4.07578125,4.0609375,3.290625,3.809375
_,_,_,_,"Guo, Zhixiong",778.0,269.0,25.0,37.0,42.0,89.0,65.0,11.0,32.0,37.0,58.0,80.0,49.0,13.0,55.0,38.0,46.0,70.0,49.0,11.0,25.0,14.0,63.0,91.0,65.0,11.0,24.0,34.0,57.0,82.0,55.0,17.0,53.0,43.0,54.0,61.0,47.0,11.0,27.0,42.0,56.0,85.0,47.0,12.0,18.0,44.0,74.0,80.0,41.0,12.0,72.0,37.0,41.0,66.0,45.0,8.0,59.0,44.0,58.0,66.0,33.0,9.0,4.6947265625,4.485058593750001,4.39560546875,4.55283203125,4.6634765625,4.43564453125,4.261328125,3.99765625,4.4375,4.275390625
_,_,_,_,"Guo, Yuebin",21.0,11.0,0.0,0.0,0.0,5.0,4.0,2.0,0.0,0.0,1.0,4.0,6.0,0.0,0.0,0.0,1.0,3.0,7.0,0.0,0.0,0.0,1.0,4.0,6.0,0.0,0.0,0.0,1.0,3.0,4.0,3.0,0.0,0.0,1.0,5.0,4.0,1.0,0.0,0.0,1.0,5.0,5.0,0.0,0.0,0.0,1.0,4.0,5.0,1.0,0.0,0.0,1.0,6.0,4.0,0.0,0.0,1.0,1.0,4.0,5.0,0.0,4.475,4.45,4.575,4.55,4.4375,4.4125,4.65,4.6625,4.175,4.6
_,_,_,_,"Jaluria, Yogesh",661.0,229.0,2.0,5.0,24.0,68.0,104.0,26.0,2.0,8.0,15.0,72.0,110.0,22.0,10.0,10.0,26.0,68.0,91.0,24.0,2.0,3.0,16.0,59.0,127.0,22.0,6.0,4.0,14.0,67.0,108.0,30.0,8.0,12.0,29.0,68.0,87.0,25.0,8.0,9.0,19.0,89.0,81.0,23.0,6.0,22.0,62.0,64.0,51.0,24.0,9.0,9.0,29.0,75.0,95.0,12.0,10.0,13.0,46.0,78.0,70.0,12.0,4.73232421875,4.82265625,4.739697265625,4.829541015625,4.721728515625,4.71455078125,4.462548828125,4.22158203125,4.576708984374999,4.32890625
_,_,_,_,"Knight, Doyle",501.0,171.0,0.0,9.0,17.0,56.0,80.0,9.0,8.0,5.0,28.0,54.0,68.0,8.0,4.0,7.0,32.0,55.0,65.0,8.0,5.0,8.0,23.0,61.0,66.0,8.0,10.0,15.0,31.0,44.0,57.0,14.0,10.0,12.0,39.0,47.0,54.0,9.0,3.0,8.0,20.0,67.0,61.0,12.0,3.0,10.0,45.0,58.0,44.0,11.0,9.0,20.0,24.0,50.0,65.0,3.0,11.0,15.0,31.0,58.0,52.0,4.0,4.902384948730469,4.902383422851562,4.912065887451172,4.901995849609375,4.810984039306641,4.818162536621093,4.228471374511718,3.7866783142089844,4.864087677001953,4.418193817138672
_,_,_,_,"Lee, Howon",16.0,5.0,0.0,0.0,0.0,1.0,2.0,2.0,0.0,0.0,0.0,1.0,3.0,1.0,0.0,0.0,0.0,2.0,2.0,1.0,0.0,0.0,1.0,1.0,2.0,1.0,0.0,0.0,0.0,1.0,2.0,2.0,0.0,0.0,0.0,2.0,2.0,1.0,1.0,0.0,1.0,1.0,1.0,1.0,0.0,2.0,0.0,1.0,1.0,1.0,0.0,0.0,0.0,2.0,2.0,1.0,1.0,0.0,0.0,2.0,1.0,1.0,4.5,4.5,4.35,4.15,4.5,4.35,3.15,3.5,4.35,3.65
_,_,_,_,"Pelegri, Assimina",1568.0,564.0,8.0,10.0,65.0,185.0,203.0,93.0,9.0,8.0,61.0,176.0,215.0,95.0,15.0,14.0,87.0,158.0,197.0,93.0,10.0,11.0,56.0,174.0,221.0,92.0,6.0,4.0,70.0,144.0,196.0,144.0,10.0,16.0,73.0,170.0,193.0,102.0,24.0,24.0,86.0,200.0,203.0,27.0,13.0,16.0,124.0,178.0,198.0,35.0,10.0,18.0,60.0,170.0,218.0,88.0,22.0,30.0,84.0,205.0,207.0,16.0,4.406362915039063,4.45224609375,4.443826293945312,4.502630615234375,4.3684234619140625,4.3857666015625,3.8820037841796875,3.8352264404296874,4.341000366210938,3.869549560546875
_,_,_,_,"Tse, Stephen",63.0,60.0,0.0,0.0,3.0,21.0,33.0,3.0,0.0,2.0,5.0,11.0,42.0,0.0,0.0,0.0,4.0,12.0,40.0,4.0,0.0,1.0,3.0,13.0,41.0,2.0,0.0,0.0,2.0,11.0,39.0,8.0,0.0,0.0,4.0,12.0,39.0,5.0,2.0,1.0,9.0,17.0,31.0,0.0,1.0,2.0,8.0,15.0,34.0,0.0,0.0,1.0,3.0,12.0,41.0,3.0,2.0,2.0,6.0,21.0,28.0,1.0,4.7234375,4.8125,4.809374999999999,4.81875,4.8453125,4.83125,4.428125,4.346875000000001,4.8140625,4.4515625
_,_,_,_,"Rossi, Todd",468.0,165.0,15.0,16.0,28.0,53.0,48.0,5.0,8.0,13.0,21.0,45.0,73.0,5.0,10.0,16.0,25.0,44.0,66.0,4.0,3.0,9.0,17.0,47.0,84.0,5.0,3.0,8.0,24.0,58.0,64.0,8.0,15.0,15.0,23.0,52.0,55.0,5.0,12.0,18.0,20.0,60.0,50.0,5.0,4.0,10.0,29.0,57.0,60.0,5.0,18.0,15.0,29.0,51.0,49.0,3.0,21.0,8.0,35.0,51.0,46.0,4.0,3.50224609375,3.7573974609375,3.8342529296875,4.104345703125,4.063232421875,3.8604248046875003,3.8898193359375,3.9756591796875,3.4920898437499996,3.489453125
_,_,_,_,"Tutwiler, Valerie",82.0,13.0,0.0,0.0,4.0,2.0,7.0,0.0,0.0,0.0,2.0,3.0,7.0,1.0,0.0,1.0,3.0,4.0,5.0,0.0,0.0,0.0,2.0,5.0,6.0,0.0,0.0,2.0,2.0,5.0,4.0,0.0,0.0,1.0,4.0,5.0,3.0,0.0,0.0,2.0,2.0,3.0,6.0,0.0,0.0,0.0,0.0,5.0,8.0,0.0,0.0,1.0,5.0,2.0,5.0,0.0,1.0,1.0,2.0,5.0,4.0,0.0,4.15,4.25,4.0,4.2,3.5,3.65,3.8,4.55,3.7,3.65
_,_,_,_,"Helfgott, Dayna",84.0,21.0,0.0,0.0,3.0,8.0,10.0,0.0,0.0,0.0,0.0,9.0,12.0,0.0,0.0,0.0,2.0,6.0,13.0,0.0,0.0,0.0,0.0,8.0,13.0,0.0,0.0,0.0,2.0,5.0,9.0,5.0,0.0,0.0,1.0,9.0,11.0,0.0,0.0,1.0,2.0,6.0,11.0,1.0,0.0,0.0,4.0,9.0,8.0,0.0,0.0,0.0,2.0,6.0,13.0,0.0,0.0,1.0,2.0,4.0,14.0,0.0,4.15,4.425,4.324999999999999,4.45,4.275,4.3,4.175,3.925,4.375,4.225
_,_,_,_,"Muzzio, Fernando",163.0,57.0,1.0,2.0,6.0,22.0,19.0,7.0,1.0,2.0,7.0,19.0,20.0,8.0,1.0,3.0,9.0,18.0,18.0,8.0,1.0,0.0,9.0,21.0,19.0,7.0,1.0,1.0,9.0,9.0,12.0,25.0,1.0,2.0,11.0,20.0,13.0,10.0,2.0,5.0,6.0,20.0,23.0,1.0,3.0,6.0,12.0,21.0,14.0,1.0,0.0,4.0,8.0,18.0,19.0,8.0,5.0,5.0,7.0,24.0,15.0,1.0,4.25,4.25,4.1,4.199999999999999,3.95,4.0,4.1,3.7,4.25,3.75
_,_,_,_,"Wang, Ruoqian",247.0,76.0,8.0,8.0,20.0,21.0,16.0,3.0,11.0,6.0,23.0,21.0,12.0,3.0,9.0,14.0,14.0,22.0,13.0,4.0,5.0,5.0,15.0,30.0,18.0,3.0,3.0,2.0,11.0,24.0,33.0,3.0,12.0,6.0,20.0,19.0,16.0,3.0,7.0,11.0,15.0,26.0,14.0,3.0,9.0,21.0,19.0,15.0,9.0,3.0,15.0,10.0,19.0,19.0,11.0,2.0,17.0,10.0,18.0,19.0,10.0,2.0,3.7875,3.675,3.5374999999999996,4.0375,4.324999999999999,3.6624999999999996,3.7749999999999995,2.9625,3.4124999999999996,3.3375
_,_,_,_,"Balaguru, Perumalsamy",220.0,80.0,0.0,3.0,7.0,24.0,45.0,1.0,1.0,4.0,14.0,23.0,37.0,1.0,0.0,2.0,9.0,23.0,45.0,1.0,0.0,2.0,9.0,25.0,43.0,1.0,0.0,1.0,6.0,24.0,48.0,1.0,0.0,1.0,10.0,25.0,42.0,2.0,0.0,2.0,5.0,28.0,44.0,1.0,1.0,5.0,19.0,28.0,25.0,2.0,1.0,2.0,9.0,23.0,45.0,0.0,1.0,0.0,10.0,23.0,45.0,1.0,4.3,3.925,4.3,4.275,4.375,4.3,4.324999999999999,3.7,4.2,4.25
_,_,_,_,"Najm, Husam",307.0,86.0,0.0,1.0,3.0,17.0,62.0,3.0,0.0,0.0,0.0,10.0,74.0,2.0,0.0,0.0,3.0,10.0,71.0,2.0,0.0,0.0,2.0,4.0,78.0,2.0,0.0,1.0,1.0,12.0,69.0,3.0,0.0,0.0,4.0,13.0,67.0,2.0,0.0,0.0,5.0,21.0,57.0,3.0,0.0,4.0,13.0,30.0,37.0,2.0,0.0,0.0,3.0,8.0,74.0,1.0,0.0,0.0,5.0,14.0,66.0,1.0,4.60625,4.84375,4.81875,4.9,4.8125,4.74375,4.59375,4.2125,4.824999999999999,4.69375
_,_,_,_,"Jin, Jing",179.0,136.0,4.0,20.0,36.0,51.0,22.0,3.0,3.0,11.0,27.0,56.0,35.0,4.0,9.0,18.0,36.0,34.0,33.0,6.0,2.0,5.0,26.0,54.0,46.0,3.0,1.0,5.0,30.0,59.0,34.0,7.0,6.0,19.0,49.0,35.0,23.0,4.0,9.0,29.0,36.0,41.0,17.0,4.0,18.0,36.0,30.0,26.0,19.0,7.0,12.0,26.0,41.0,35.0,18.0,4.0,13.0,30.0,40.0,37.0,14.0,2.0,3.65,3.825,3.75,4.025,4.1,3.45,3.5,3.45,3.55,3.525
_,_,_,_,"Mcgarvey, John",870.0,234.0,7.0,8.0,15.0,101.0,91.0,12.0,3.0,5.0,13.0,84.0,117.0,12.0,4.0,4.0,23.0,81.0,111.0,11.0,2.0,1.0,16.0,73.0,129.0,13.0,5.0,3.0,19.0,83.0,110.0,14.0,5.0,7.0,19.0,85.0,104.0,14.0,2.0,10.0,21.0,93.0,97.0,11.0,6.0,14.0,61.0,80.0,63.0,10.0,7.0,7.0,17.0,77.0,119.0,7.0,7.0,13.0,26.0,93.0,90.0,5.0,4.1106201171875,4.27899169921875,4.255725097656249,4.31865234375,4.2311767578125,4.200976562499999,3.998193359375,3.8461181640624997,4.20078125,3.84190673828125
_,_,_,_,"Wei, Sheng",979.0,290.0,4.0,6.0,12.0,65.0,177.0,26.0,5.0,6.0,15.0,61.0,178.0,25.0,5.0,3.0,27.0,72.0,156.0,27.0,5.0,6.0,14.0,61.0,179.0,25.0,6.0,14.0,31.0,68.0,144.0,27.0,4.0,6.0,28.0,69.0,155.0,28.0,4.0,8.0,23.0,91.0,146.0,18.0,13.0,23.0,61.0,89.0,88.0,16.0,4.0,8.0,28.0,56.0,174.0,20.0,9.0,13.0,32.0,78.0,151.0,7.0,4.7865234375,4.73828125,4.77626953125,4.80078125,4.683789062500001,4.792187500000001,4.70009765625,4.4390625,4.87802734375,4.776171875
_,_,_,_,"El Rouayheb, Salim",297.0,106.0,1.0,6.0,9.0,22.0,18.0,50.0,4.0,5.0,8.0,22.0,15.0,52.0,3.0,3.0,14.0,18.0,17.0,51.0,3.0,2.0,8.0,22.0,19.0,52.0,4.0,4.0,6.0,20.0,19.0,53.0,7.0,4.0,10.0,19.0,15.0,51.0,7.0,6.0,7.0,22.0,15.0,49.0,6.0,4.0,17.0,18.0,12.0,49.0,9.0,5.0,5.0,24.0,13.0,50.0,8.0,6.0,10.0,22.0,12.0,48.0,4.171875,4.137499999999999,4.1375,4.240625,3.934375,3.8187499999999996,3.8874999999999997,3.88125,3.7,3.6625
_,_,_,_,"Aliari Zonouz, Saman",99.0,19.0,0.0,0.0,2.0,9.0,6.0,2.0,1.0,0.0,1.0,8.0,6.0,3.0,0.0,0.0,3.0,8.0,5.0,3.0,1.0,0.0,1.0,8.0,6.0,3.0,0.0,0.0,1.0,8.0,8.0,2.0,0.0,1.0,1.0,7.0,8.0,2.0,0.0,0.0,2.0,9.0,7.0,1.0,0.0,2.0,3.0,8.0,5.0,1.0,0.0,0.0,2.0,8.0,7.0,2.0,1.0,0.0,3.0,8.0,6.0,1.0,4.2,4.1,4.1,4.1,4.4,4.3,4.3,3.9,4.3,4.0
_,_,_,_,"Lu, Yicheng",327.0,97.0,6.0,9.0,17.0,27.0,24.0,14.0,5.0,13.0,14.0,21.0,29.0,15.0,6.0,14.0,20.0,23.0,21.0,13.0,6.0,8.0,12.0,28.0,29.0,14.0,4.0,7.0,16.0,27.0,25.0,18.0,9.0,6.0,19.0,22.0,26.0,15.0,3.0,10.0,21.0,33.0,26.0,4.0,8.0,10.0,28.0,29.0,19.0,3.0,10.0,9.0,14.0,27.0,22.0,15.0,13.0,13.0,25.0,21.0,24.0,1.0,4.06416015625,4.239550781249999,3.9881835937499996,4.2025390625,3.8031249999999996,4.01435546875,4.21826171875,3.95703125,3.80654296875,4.03486328125
_,_,_,_,"Sehajpal, Sumati",183.0,56.0,3.0,3.0,4.0,11.0,35.0,0.0,3.0,2.0,3.0,14.0,31.0,3.0,1.0,4.0,8.0,17.0,26.0,0.0,3.0,2.0,3.0,14.0,33.0,1.0,2.0,1.0,6.0,21.0,24.0,2.0,3.0,3.0,11.0,15.0,24.0,0.0,3.0,2.0,6.0,18.0,25.0,2.0,4.0,2.0,11.0,19.0,19.0,1.0,3.0,5.0,5.0,16.0,26.0,1.0,3.0,3.0,11.0,15.0,23.0,1.0,4.775,4.684375,4.584375,4.740625,4.546875,4.4125,4.425000000000001,3.984375,4.540625,4.509375
_,_,_,_,Ortiz Jorge,13.0,2.0,0.0,0.0,0.0,1.0,1.0,0.0,0.0,0.0,0.0,1.0,1.0,0.0,0.0,0.0,0.0,1.0,1.0,0.0,0.0,0.0,0.0,1.0,1.0,0.0,0.0,0.0,0.0,1.0,1.0,0.0,0.0,0.0,0.0,2.0,0.0,0.0,0.0,0.0,0.0,1.0,1.0,0.0,0.0,0.0,0.0,1.0,1.0,0.0,0.0,0.0,0.0,1.0,1.0,0.0,0.0,0.0,0.0,1.0,1.0,0.0,4.5,4.5,4.5,4.5,4.5,4.0,4.5,4.5,4.5,4.5
_,_,_,_,"Striki, Maria",854.0,201.0,10.0,27.0,38.0,63.0,56.0,7.0,3.0,14.0,33.0,63.0,81.0,7.0,9.0,19.0,38.0,54.0,71.0,10.0,4.0,2.0,20.0,57.0,110.0,8.0,4.0,9.0,30.0,63.0,85.0,10.0,14.0,18.0,33.0,59.0,67.0,10.0,12.0,13.0,47.0,61.0,58.0,10.0,11.0,15.0,43.0,70.0,53.0,9.0,25.0,19.0,37.0,61.0,55.0,4.0,24.0,29.0,35.0,57.0,49.0,7.0,3.4669921875,3.8037109375,3.6867187500000003,4.3072265624999995,3.97578125,3.60546875,3.5078125,3.7078125,3.1449218749999996,3.0904296875
_,_,_,_,"Jha, Shantenu",741.0,165.0,8.0,6.0,17.0,46.0,74.0,14.0,13.0,14.0,14.0,35.0,75.0,14.0,17.0,12.0,16.0,42.0,62.0,16.0,13.0,7.0,19.0,42.0,70.0,14.0,11.0,8.0,22.0,42.0,66.0,16.0,16.0,11.0,21.0,42.0,61.0,14.0,20.0,10.0,26.0,45.0,49.0,15.0,9.0,19.0,39.0,43.0,38.0,17.0,20.0,14.0,21.0,38.0,68.0,4.0,23.0,11.0,27.0,44.0,53.0,7.0,4.275,4.15,4.0,4.15,4.1625,4.0,3.8375,3.6375,3.9375,3.7874999999999996
_,_,_,_,"Wu, Chung-Tse",90.0,58.0,1.0,0.0,5.0,15.0,37.0,0.0,1.0,1.0,2.0,21.0,33.0,0.0,1.0,3.0,5.0,20.0,29.0,0.0,1.0,1.0,2.0,21.0,33.0,0.0,1.0,0.0,6.0,18.0,32.0,1.0,1.0,2.0,7.0,19.0,29.0,0.0,1.0,0.0,6.0,30.0,21.0,0.0,2.0,4.0,12.0,23.0,17.0,0.0,0.0,2.0,5.0,17.0,33.0,1.0,0.0,1.0,8.0,22.0,26.0,1.0,4.5249999999999995,4.481249999999999,4.29375,4.481249999999999,4.4,4.268750000000001,4.206250000000001,3.9125,4.4125,4.24375
_,_,_,_,"Scott, Kimberly",32.0,25.0,0.0,0.0,0.0,11.0,14.0,0.0,0.0,0.0,0.0,9.0,16.0,0.0,0.0,0.0,2.0,9.0,14.0,0.0,0.0,0.0,0.0,7.0,18.0,0.0,0.0,0.0,1.0,6.0,18.0,0.0,0.0,0.0,0.0,13.0,12.0,0.0,0.0,2.0,4.0,10.0,8.0,1.0,0.0,2.0,7.0,9.0,6.0,1.0,0.0,0.0,0.0,10.0,15.0,0.0,0.0,1.0,2.0,11.0,10.0,1.0,4.6,4.6,4.5,4.7,4.7,4.5,4.0,3.8,4.6,4.3
_,_,_,_,Brown Philip,519.0,178.0,3.0,11.0,17.0,77.0,62.0,8.0,7.0,9.0,31.0,58.0,62.0,11.0,3.0,11.0,43.0,55.0,57.0,9.0,4.0,4.0,32.0,66.0,63.0,9.0,2.0,4.0,26.0,67.0,70.0,9.0,4.0,14.0,31.0,68.0,54.0,7.0,9.0,11.0,31.0,68.0,52.0,7.0,13.0,26.0,49.0,57.0,30.0,3.0,5.0,12.0,29.0,69.0,56.0,7.0,4.0,12.0,32.0,77.0,49.0,4.0,4.199999999999999,4.05,3.95,4.1,4.2,3.9,3.8,3.3,3.95,3.8
_,_,_,_,"Higgins, Kathryn",608.0,178.0,1.0,1.0,6.0,55.0,113.0,2.0,1.0,0.0,7.0,48.0,118.0,4.0,1.0,5.0,18.0,51.0,99.0,4.0,0.0,0.0,7.0,47.0,121.0,3.0,0.0,1.0,4.0,57.0,111.0,5.0,1.0,2.0,13.0,51.0,106.0,5.0,4.0,6.0,23.0,75.0,66.0,4.0,7.0,9.0,46.0,68.0,43.0,5.0,1.0,0.0,9.0,54.0,109.0,5.0,2.0,4.0,16.0,72.0,79.0,5.0,4.518750000000001,4.5875,4.39375,4.6,4.56875,4.5,4.1125,3.71875,4.56875,4.30625
_,_,_,_,"Cuitino, Alberto",193.0,46.0,4.0,3.0,12.0,14.0,10.0,3.0,4.0,1.0,14.0,15.0,8.0,4.0,5.0,4.0,13.0,11.0,11.0,2.0,3.0,1.0,15.0,14.0,10.0,3.0,2.0,2.0,12.0,13.0,15.0,2.0,4.0,4.0,17.0,12.0,8.0,1.0,7.0,3.0,16.0,9.0,11.0,0.0,6.0,7.0,11.0,13.0,9.0,0.0,6.0,1.0,18.0,10.0,9.0,2.0,8.0,6.0,15.0,9.0,8.0,0.0,3.275,3.5,3.0,3.5999999999999996,3.75,3.375,2.8,3.425,3.125,2.575
_,_,_,_,"Lynch, Jennifer",1060.0,368.0,29.0,26.0,59.0,91.0,63.0,100.0,43.0,23.0,64.0,81.0,59.0,98.0,52.0,40.0,67.0,64.0,47.0,98.0,19.0,11.0,61.0,110.0,69.0,98.0,18.0,12.0,59.0,89.0,88.0,102.0,37.0,39.0,76.0,67.0,49.0,100.0,39.0,48.0,70.0,101.0,39.0,71.0,36.0,51.0,84.0,79.0,45.0,73.0,55.0,40.0,74.0,82.0,68.0,49.0,67.0,56.0,84.0,85.0,55.0,21.0,3.412109375,3.2159790039062504,3.299127197265625,3.77115478515625,3.82728271484375,3.38912353515625,3.43463134765625,3.553466796875,3.1223388671875,3.461669921875
_,_,_,_,"Zhang, Yuqian",583.0,156.0,22.0,20.0,32.0,41.0,28.0,13.0,28.0,20.0,35.0,33.0,27.0,13.0,36.0,22.0,31.0,32.0,23.0,12.0,20.0,17.0,38.0,42.0,25.0,14.0,17.0,16.0,37.0,39.0,32.0,15.0,35.0,20.0,37.0,31.0,20.0,13.0,27.0,15.0,28.0,41.0,35.0,10.0,14.0,12.0,34.0,45.0,43.0,8.0,41.0,29.0,24.0,30.0,18.0,14.0,42.0,22.0,28.0,38.0,17.0,9.0,2.836328125,2.6800781249999996,2.464453125,2.9351562500000004,2.795703125,2.3910156249999996,2.47734375,3.231640625,2.15703125,2.08203125
_,_,_,_,"Ezzat Ahmed, Ahmed Aziz",72.0,55.0,1.0,0.0,0.0,8.0,46.0,0.0,1.0,0.0,0.0,9.0,45.0,0.0,1.0,0.0,0.0,8.0,46.0,0.0,1.0,0.0,0.0,8.0,46.0,0.0,1.0,0.0,1.0,11.0,42.0,0.0,1.0,0.0,0.0,10.0,44.0,0.0,1.0,0.0,1.0,14.0,37.0,2.0,0.0,3.0,16.0,13.0,22.0,1.0,0.0,0.0,0.0,8.0,47.0,0.0,0.0,0.0,1.0,11.0,43.0,0.0,4.85,4.800000000000001,4.85,4.85,4.75,4.75,4.65,3.95,4.85,4.699999999999999
_,_,_,_,"Pham, Hoang",255.0,89.0,0.0,1.0,7.0,30.0,46.0,5.0,0.0,0.0,7.0,32.0,45.0,5.0,1.0,6.0,8.0,31.0,38.0,5.0,0.0,0.0,4.0,25.0,55.0,5.0,0.0,1.0,6.0,22.0,55.0,5.0,1.0,1.0,10.0,28.0,44.0,5.0,0.0,3.0,12.0,34.0,34.0,6.0,2.0,8.0,20.0,32.0,21.0,6.0,0.0,3.0,9.0,29.0,46.0,2.0,0.0,3.0,8.0,33.0,42.0,3.0,4.4234375,4.35,4.134375,4.582812499999999,4.4703125,4.321875,4.0796874999999995,3.6796875,4.30625,4.276562500000001
_,_,_,_,"Gursoy, Melike",104.0,33.0,1.0,8.0,8.0,10.0,5.0,1.0,0.0,2.0,9.0,15.0,7.0,0.0,2.0,2.0,9.0,11.0,9.0,0.0,0.0,2.0,4.0,15.0,12.0,0.0,0.0,4.0,5.0,16.0,8.0,0.0,1.0,3.0,9.0,10.0,9.0,1.0,0.0,6.0,8.0,12.0,7.0,0.0,0.0,6.0,13.0,9.0,5.0,0.0,5.0,2.0,10.0,8.0,8.0,0.0,3.0,6.0,5.0,11.0,8.0,0.0,3.25,3.8,3.65,4.1,3.8,3.7,3.55,3.4,3.25,3.3499999999999996
_,_,_,_,"Ghofrani, Ali",13.0,7.0,0.0,0.0,1.0,1.0,4.0,1.0,0.0,0.0,0.0,2.0,5.0,0.0,0.0,0.0,0.0,3.0,4.0,0.0,0.0,0.0,0.0,2.0,5.0,0.0,0.0,0.0,0.0,1.0,6.0,0.0,0.0,0.0,0.0,1.0,5.0,1.0,0.0,0.0,0.0,3.0,4.0,0.0,0.0,1.0,1.0,1.0,4.0,0.0,0.0,0.0,0.0,2.0,5.0,0.0,0.0,0.0,0.0,1.0,5.0,1.0,4.5,4.75,4.55,4.75,4.85,4.9,4.55,4.0,4.75,4.9
_,_,_,_,"Mann, Adrian",190.0,60.0,0.0,0.0,4.0,20.0,35.0,1.0,1.0,2.0,13.0,21.0,22.0,1.0,3.0,5.0,11.0,18.0,22.0,1.0,1.0,0.0,13.0,23.0,22.0,1.0,0.0,4.0,11.0,17.0,25.0,3.0,1.0,4.0,17.0,17.0,19.0,2.0,1.0,2.0,11.0,20.0,25.0,1.0,2.0,4.0,12.0,20.0,20.0,2.0,2.0,1.0,14.0,21.0,22.0,0.0,2.0,4.0,14.0,22.0,18.0,0.0,4.4375,3.9499999999999997,3.68125,3.975,4.00625,3.78125,4.15,3.94375,3.8812499999999996,3.7
_,_,_,_,"Norris, Andrew",469.0,160.0,2.0,10.0,25.0,47.0,40.0,36.0,3.0,11.0,27.0,52.0,31.0,36.0,13.0,20.0,31.0,35.0,26.0,35.0,1.0,6.0,27.0,50.0,41.0,35.0,1.0,4.0,18.0,47.0,53.0,37.0,5.0,19.0,41.0,26.0,32.0,37.0,3.0,12.0,38.0,52.0,43.0,12.0,11.0,23.0,49.0,43.0,23.0,11.0,9.0,20.0,42.0,33.0,27.0,29.0,8.0,18.0,47.0,48.0,35.0,4.0,3.82626953125,3.80615234375,3.59228515625,3.92548828125,3.8888671875,3.56396484375,3.819140625,3.577734375,3.63046875,3.75888671875
_,_,_,_,"Shan, Jerry",633.0,175.0,1.0,4.0,14.0,43.0,61.0,52.0,2.0,4.0,10.0,43.0,62.0,54.0,2.0,5.0,17.0,41.0,57.0,53.0,1.0,3.0,13.0,44.0,61.0,53.0,2.0,5.0,23.0,43.0,48.0,54.0,3.0,4.0,18.0,43.0,53.0,54.0,7.0,10.0,11.0,68.0,50.0,29.0,5.0,11.0,33.0,61.0,34.0,31.0,5.0,5.0,20.0,46.0,59.0,40.0,9.0,10.0,28.0,64.0,53.0,11.0,4.3431640625,4.34375,4.1865234375,4.211132812500001,4.2388671875,4.2337890625,3.98125,3.8294921874999996,3.926953125,3.8345703125000004
_,_,_,_,"Drazer, German",552.0,179.0,3.0,6.0,20.0,54.0,54.0,42.0,2.0,6.0,27.0,50.0,62.0,32.0,4.0,8.0,29.0,54.0,44.0,40.0,2.0,4.0,29.0,49.0,57.0,38.0,4.0,8.0,20.0,56.0,49.0,42.0,5.0,5.0,32.0,52.0,43.0,42.0,7.0,12.0,26.0,72.0,52.0,10.0,7.0,9.0,51.0,62.0,36.0,14.0,10.0,7.0,28.0,52.0,48.0,34.0,14.0,16.0,37.0,64.0,43.0,5.0,4.49185791015625,4.69267578125,4.31854248046875,4.4071044921875,4.409228515625,4.68597412109375,4.12608642578125,4.35316162109375,4.3390380859375,4.1575927734375
_,_,_,_,"Malhotra, Rajiv",552.0,149.0,5.0,8.0,17.0,52.0,51.0,16.0,4.0,2.0,19.0,56.0,56.0,12.0,7.0,8.0,22.0,54.0,45.0,13.0,5.0,6.0,18.0,57.0,51.0,12.0,4.0,0.0,7.0,54.0,68.0,16.0,5.0,7.0,27.0,45.0,49.0,16.0,6.0,7.0,25.0,56.0,43.0,12.0,5.0,11.0,39.0,50.0,32.0,12.0,5.0,8.0,27.0,55.0,48.0,6.0,7.0,9.0,27.0,59.0,40.0,7.0,4.734765625,4.50810546875,4.6109375,4.49697265625,4.55693359375,4.38828125,3.60810546875,3.82001953125,4.389453125,3.8600585937500003
_,_,_,_,"Bai, Xiaoli",17.0,7.0,0.0,0.0,0.0,2.0,5.0,0.0,0.0,0.0,0.0,1.0,6.0,0.0,0.0,0.0,1.0,1.0,5.0,0.0,0.0,0.0,0.0,1.0,6.0,0.0,0.0,0.0,0.0,0.0,6.0,1.0,0.0,0.0,0.0,1.0,5.0,1.0,0.0,0.0,2.0,2.0,3.0,0.0,0.0,0.0,1.0,3.0,3.0,0.0,0.0,0.0,0.0,2.0,5.0,0.0,0.0,0.0,1.0,3.0,3.0,0.0,4.71875,4.75,4.46875,4.75,5.0,4.75,4.40625,4.53125,4.625,4.53125
_,_,_,_,"Diez Garias, Francisco",454.0,112.0,5.0,9.0,17.0,39.0,35.0,7.0,5.0,7.0,15.0,33.0,44.0,8.0,5.0,8.0,15.0,28.0,48.0,8.0,5.0,3.0,15.0,28.0,54.0,7.0,3.0,3.0,21.0,34.0,42.0,9.0,6.0,5.0,19.0,29.0,46.0,7.0,3.0,2.0,21.0,38.0,41.0,7.0,4.0,8.0,24.0,36.0,33.0,7.0,9.0,6.0,15.0,32.0,44.0,6.0,8.0,6.0,19.0,37.0,37.0,5.0,3.8138671875,3.6751953125,3.77265625,3.683203125,3.586328125,3.4939453125,3.8578125,3.6939453125,3.46015625,3.4271484374999996
_,_,_,_,"Mayer, Valerie",107.0,77.0,2.0,2.0,17.0,28.0,27.0,1.0,0.0,7.0,14.0,30.0,24.0,2.0,5.0,6.0,16.0,31.0,17.0,2.0,1.0,1.0,9.0,36.0,28.0,2.0,0.0,5.0,12.0,29.0,29.0,2.0,5.0,2.0,19.0,30.0,19.0,2.0,1.0,3.0,10.0,40.0,22.0,1.0,0.0,4.0,15.0,32.0,25.0,1.0,3.0,4.0,19.0,30.0,19.0,2.0,2.0,5.0,18.0,33.0,18.0,1.0,3.95,3.9,3.65,4.15,4.05,3.7,4.0,3.95,3.75,3.6999999999999997
_,_,_,_,"Vazquez, Maribel",164.0,134.0,1.0,2.0,7.0,46.0,76.0,2.0,1.0,5.0,13.0,50.0,61.0,4.0,2.0,3.0,14.0,45.0,66.0,4.0,2.0,1.0,5.0,34.0,88.0,4.0,1.0,4.0,10.0,46.0,68.0,5.0,2.0,2.0,6.0,50.0,70.0,4.0,0.0,2.0,13.0,47.0,68.0,4.0,3.0,27.0,43.0,26.0,29.0,6.0,0.0,5.0,5.0,42.0,78.0,4.0,0.0,5.0,11.0,48.0,66.0,4.0,4.36875,4.25,4.3,4.5,4.41875,4.449999999999999,4.3375,3.625,4.5125,4.40625
_,_,_,_,"Robbins, Jason",165.0,109.0,8.0,19.0,20.0,31.0,26.0,5.0,7.0,21.0,8.0,29.0,39.0,5.0,13.0,9.0,27.0,30.0,25.0,5.0,0.0,2.0,10.0,38.0,54.0,5.0,4.0,6.0,26.0,27.0,37.0,9.0,9.0,23.0,16.0,28.0,27.0,6.0,6.0,19.0,27.0,30.0,22.0,5.0,3.0,8.0,37.0,37.0,17.0,7.0,23.0,15.0,24.0,19.0,25.0,3.0,17.0,21.0,18.0,32.0,18.0,3.0,3.4749999999999996,3.6999999999999997,3.5,4.425000000000001,3.875,3.475,3.4499999999999997,3.5749999999999997,3.15,3.15
_,_,_,_,"Dignon, Gregory",243.0,128.0,0.0,0.0,1.0,28.0,90.0,9.0,0.0,0.0,4.0,32.0,83.0,9.0,0.0,1.0,11.0,36.0,71.0,9.0,0.0,0.0,0.0,30.0,88.0,10.0,0.0,0.0,1.0,29.0,89.0,9.0,0.0,2.0,9.0,27.0,81.0,9.0,1.0,3.0,12.0,42.0,60.0,10.0,3.0,20.0,21.0,38.0,34.0,12.0,0.0,2.0,4.0,38.0,80.0,4.0,1.0,2.0,15.0,37.0,69.0,4.0,4.775,4.6875,4.512499999999999,4.7875,4.775,4.6,4.387499999999999,3.85,4.612500000000001,4.425
_,_,_,_,"Liu, Meiyin",126.0,48.0,4.0,5.0,9.0,21.0,7.0,2.0,6.0,6.0,14.0,11.0,9.0,2.0,7.0,4.0,12.0,15.0,8.0,2.0,4.0,4.0,6.0,19.0,13.0,2.0,1.0,4.0,13.0,17.0,10.0,3.0,8.0,2.0,12.0,17.0,7.0,2.0,4.0,2.0,13.0,20.0,7.0,2.0,1.0,0.0,8.0,17.0,19.0,3.0,10.0,5.0,12.0,15.0,5.0,1.0,8.0,5.0,8.0,20.0,6.0,1.0,4.075,3.9125,3.6625,4.1625,4.1125,3.9875,3.775,4.0875,3.075,3.525
_,_,_,_,"Liu, Xiang",84.0,58.0,0.0,0.0,3.0,20.0,34.0,1.0,0.0,0.0,5.0,20.0,32.0,1.0,0.0,1.0,5.0,20.0,30.0,2.0,0.0,0.0,2.0,18.0,37.0,1.0,0.0,0.0,3.0,19.0,34.0,2.0,0.0,0.0,4.0,27.0,24.0,3.0,0.0,1.0,6.0,33.0,17.0,1.0,0.0,7.0,19.0,16.0,15.0,1.0,0.0,0.0,2.0,22.0,33.0,1.0,0.0,0.0,2.0,24.0,32.0,0.0,4.5,4.5,4.4,4.6,4.6,4.4,4.2,3.7,4.5,4.5
_,_,_,_,"Haghani, Sasan",1008.0,487.0,4.0,11.0,38.0,173.0,217.0,44.0,3.0,8.0,50.0,172.0,213.0,41.0,6.0,16.0,76.0,159.0,187.0,43.0,2.0,6.0,54.0,172.0,209.0,44.0,6.0,27.0,88.0,150.0,165.0,51.0,7.0,18.0,85.0,174.0,159.0,44.0,8.0,15.0,66.0,164.0,188.0,46.0,14.0,32.0,114.0,145.0,133.0,49.0,10.0,15.0,64.0,161.0,209.0,28.0,15.0,26.0,77.0,184.0,156.0,29.0,4.665625,4.68515625,4.71953125,4.75859375,4.56640625,4.61015625,4.51484375,4.45859375,4.7109375,4.680468749999999
_,_,_,_,"Liu, Yao",381.0,164.0,2.0,1.0,11.0,48.0,95.0,7.0,2.0,2.0,11.0,53.0,89.0,7.0,3.0,3.0,29.0,41.0,81.0,7.0,2.0,0.0,11.0,51.0,93.0,7.0,2.0,4.0,11.0,49.0,90.0,8.0,3.0,2.0,22.0,52.0,77.0,8.0,2.0,3.0,18.0,51.0,84.0,6.0,2.0,7.0,23.0,49.0,75.0,8.0,2.0,3.0,24.0,55.0,75.0,5.0,3.0,3.0,25.0,55.0,73.0,5.0,4.659375,4.63125,4.54375,4.659375,4.731249999999999,4.645312499999999,4.553125,4.61875,4.645312499999999,4.645312499999999
_,_,_,_,"Burbano Lombana, Daniel",30.0,19.0,0.0,1.0,1.0,7.0,10.0,0.0,0.0,0.0,4.0,4.0,11.0,0.0,0.0,3.0,3.0,4.0,9.0,0.0,0.0,0.0,2.0,7.0,10.0,0.0,2.0,2.0,2.0,5.0,8.0,0.0,3.0,2.0,4.0,3.0,7.0,0.0,1.0,1.0,3.0,8.0,6.0,0.0,1.0,1.0,2.0,8.0,7.0,0.0,2.0,3.0,3.0,4.0,7.0,0.0,3.0,3.0,5.0,2.0,6.0,0.0,4.35,4.35,3.95,4.35,3.5,3.3,3.7,3.95,3.45,3.0
_,_,_,_,"Jalali, Shirin",240.0,72.0,0.0,1.0,4.0,29.0,29.0,9.0,0.0,0.0,5.0,26.0,32.0,9.0,1.0,4.0,8.0,24.0,26.0,9.0,0.0,0.0,3.0,25.0,35.0,9.0,0.0,1.0,7.0,23.0,31.0,10.0,1.0,1.0,11.0,27.0,23.0,9.0,1.0,2.0,9.0,28.0,23.0,9.0,1.0,5.0,10.0,20.0,26.0,10.0,0.0,3.0,7.0,25.0,27.0,10.0,0.0,1.0,13.0,23.0,24.0,11.0,4.5375,4.6625,4.387499999999999,4.7875,4.612500000000001,4.300000000000001,4.512499999999999,4.5625,4.5,4.4875
_,_,_,_,"Bajwa, Waheed U.",90.0,54.0,1.0,2.0,2.0,18.0,29.0,2.0,1.0,0.0,5.0,14.0,32.0,2.0,1.0,2.0,4.0,15.0,28.0,4.0,1.0,0.0,6.0,10.0,35.0,2.0,1.0,2.0,6.0,14.0,29.0,2.0,1.0,3.0,6.0,21.0,21.0,2.0,1.0,1.0,5.0,15.0,29.0,3.0,1.0,0.0,7.0,25.0,18.0,3.0,0.0,1.0,5.0,14.0,32.0,2.0,0.0,3.0,4.0,18.0,26.0,3.0,4.4,4.449999999999999,4.35,4.5,4.3,4.1,4.35,4.15,4.5,4.3
_,_,_,_,"Pepe, Russell",59.0,28.0,1.0,3.0,2.0,10.0,10.0,2.0,0.0,1.0,1.0,13.0,11.0,2.0,0.0,1.0,5.0,8.0,12.0,2.0,0.0,0.0,2.0,13.0,10.0,3.0,1.0,0.0,5.0,11.0,9.0,2.0,1.0,2.0,5.0,9.0,9.0,2.0,0.0,1.0,4.0,12.0,9.0,2.0,1.0,0.0,5.0,11.0,9.0,2.0,2.0,2.0,4.0,9.0,11.0,0.0,0.0,3.0,5.0,10.0,10.0,0.0,4.31875,4.575,4.55,4.5875,4.25625,4.3625,4.35625,4.31875,4.30625,4.34375
_,_,_,_,"Garrido, Luis",19.0,8.0,0.0,0.0,2.0,3.0,3.0,0.0,0.0,0.0,0.0,0.0,8.0,0.0,0.0,0.0,0.0,0.0,8.0,0.0,0.0,0.0,0.0,0.0,8.0,0.0,0.0,0.0,1.0,1.0,6.0,0.0,0.0,0.0,0.0,3.0,5.0,0.0,0.0,0.0,0.0,2.0,6.0,0.0,0.0,0.0,1.0,2.0,5.0,0.0,0.0,0.0,0.0,4.0,4.0,0.0,0.0,0.0,1.0,2.0,5.0,0.0,4.050000000000001,5.0,5.0,5.0,4.55,4.65,4.8,4.6,4.449999999999999,4.550000000000001
_,_,_,_,"Ramanathan, Shriram",69.0,22.0,0.0,0.0,1.0,5.0,15.0,1.0,0.0,0.0,1.0,5.0,15.0,1.0,0.0,0.0,1.0,6.0,14.0,1.0,0.0,0.0,0.0,5.0,16.0,1.0,0.0,0.0,0.0,4.0,16.0,2.0,0.0,0.0,2.0,4.0,15.0,1.0,0.0,0.0,0.0,5.0,14.0,3.0,0.0,1.0,2.0,6.0,9.0,4.0,0.0,0.0,0.0,4.0,16.0,2.0,0.0,0.0,0.0,3.0,16.0,3.0,4.825,4.825,4.8,4.875,4.9,4.8,4.875,4.6375,4.9,4.925
_,_,_,_,"Reagan, Randall",184.0,60.0,0.0,4.0,9.0,15.0,32.0,0.0,1.0,2.0,14.0,16.0,27.0,0.0,1.0,4.0,8.0,17.0,30.0,0.0,0.0,0.0,9.0,9.0,41.0,1.0,0.0,1.0,7.0,15.0,37.0,0.0,2.0,3.0,10.0,15.0,30.0,0.0,1.0,2.0,10.0,18.0,29.0,0.0,3.0,5.0,20.0,19.0,12.0,1.0,0.0,5.0,10.0,14.0,31.0,0.0,2.0,0.0,9.0,20.0,29.0,0.0,4.275,4.199999999999999,4.15,4.525,4.425,4.175,4.199999999999999,3.55,4.199999999999999,4.125
_,_,_,_,"Ezzat Ahmed, Aziz",96.0,75.0,0.0,0.0,1.0,9.0,60.0,5.0,0.0,0.0,0.0,13.0,57.0,5.0,1.0,0.0,2.0,10.0,57.0,5.0,0.0,1.0,1.0,10.0,58.0,5.0,1.0,0.0,4.0,21.0,44.0,5.0,1.0,0.0,0.0,14.0,55.0,5.0,1.0,0.0,2.0,21.0,46.0,5.0,1.0,5.0,24.0,16.0,23.0,6.0,1.0,0.0,2.0,10.0,58.0,4.0,1.0,0.0,1.0,17.0,52.0,4.0,4.875,4.8500000000000005,4.85,4.85,4.625,4.8,4.7,4.0,4.825,4.699999999999999
_,_,_,_,"Mercurio, Steven",16.0,14.0,0.0,0.0,0.0,1.0,13.0,0.0,0.0,0.0,0.0,0.0,14.0,0.0,0.0,0.0,0.0,1.0,13.0,0.0,0.0,0.0,0.0,0.0,14.0,0.0,0.0,0.0,0.0,2.0,12.0,0.0,0.0,0.0,0.0,1.0,13.0,0.0,0.0,0.0,1.0,0.0,13.0,0.0,0.0,0.0,2.0,4.0,8.0,0.0,0.0,0.0,0.0,1.0,13.0,0.0,0.0,0.0,2.0,1.0,11.0,0.0,4.95,5.0,4.95,5.0,4.9,4.95,4.85,4.449999999999999,4.95,4.65
_,_,_,_,"Matthewson, John",29.0,15.0,0.0,0.0,0.0,2.0,13.0,0.0,0.0,0.0,0.0,1.0,14.0,0.0,0.0,0.0,1.0,1.0,13.0,0.0,0.0,0.0,0.0,1.0,14.0,0.0,0.0,0.0,0.0,2.0,13.0,0.0,0.0,0.0,0.0,1.0,12.0,2.0,0.0,0.0,1.0,2.0,11.0,1.0,0.0,0.0,4.0,5.0,5.0,1.0,0.0,0.0,0.0,1.0,13.0,1.0,0.0,0.0,0.0,2.0,11.0,2.0,4.9,4.95,4.825,4.95,4.9,4.95,4.725,4.1,4.95,4.85
_,_,_,_,"Sills, Ryan",57.0,51.0,0.0,0.0,2.0,10.0,38.0,1.0,0.0,0.0,0.0,15.0,36.0,0.0,0.0,0.0,5.0,9.0,34.0,3.0,0.0,0.0,2.0,11.0,38.0,0.0,1.0,1.0,4.0,20.0,24.0,1.0,0.0,1.0,5.0,14.0,31.0,0.0,0.0,1.0,1.0,24.0,24.0,1.0,1.0,7.0,16.0,16.0,9.0,2.0,0.0,0.0,4.0,16.0,31.0,0.0,0.0,0.0,7.0,17.0,27.0,0.0,4.6625,4.699999999999999,4.5625,4.7125,4.35,4.375,4.387499999999999,3.4875,4.487500000000001,4.4125
_,_,_,_,"Gurvich, Mark",266.0,54.0,2.0,3.0,8.0,15.0,16.0,10.0,4.0,5.0,8.0,12.0,15.0,10.0,2.0,5.0,9.0,16.0,12.0,10.0,2.0,0.0,9.0,15.0,18.0,10.0,3.0,6.0,10.0,9.0,9.0,17.0,6.0,4.0,11.0,11.0,12.0,10.0,1.0,6.0,12.0,15.0,10.0,10.0,1.0,9.0,16.0,11.0,7.0,10.0,4.0,6.0,14.0,17.0,13.0,0.0,5.0,8.0,16.0,14.0,10.0,1.0,3.95,3.825,3.675,4.1,3.4749999999999996,3.425,3.75,3.3,3.75,3.475
_,_,_,_,"Kyker-Snowman, Kelly",321.0,88.0,1.0,1.0,9.0,22.0,48.0,7.0,0.0,1.0,9.0,23.0,48.0,7.0,1.0,5.0,14.0,18.0,42.0,8.0,0.0,1.0,11.0,19.0,49.0,8.0,2.0,0.0,7.0,28.0,44.0,7.0,2.0,3.0,10.0,24.0,42.0,7.0,4.0,6.0,15.0,18.0,38.0,7.0,0.0,4.0,14.0,23.0,40.0,7.0,0.0,5.0,10.0,28.0,42.0,3.0,3.0,5.0,16.0,24.0,36.0,4.0,4.55,4.525,4.3125,4.55,4.5375,4.375,4.0625,4.1625,4.375,4.2
_,_,_,_,"Chundawat, Shishir",285.0,109.0,0.0,2.0,5.0,37.0,59.0,6.0,1.0,2.0,5.0,39.0,53.0,9.0,1.0,3.0,13.0,32.0,53.0,7.0,1.0,1.0,9.0,36.0,55.0,7.0,2.0,1.0,13.0,35.0,45.0,13.0,3.0,3.0,11.0,38.0,45.0,9.0,2.0,4.0,9.0,36.0,50.0,8.0,4.0,10.0,32.0,30.0,27.0,6.0,3.0,1.0,13.0,40.0,49.0,3.0,2.0,3.0,18.0,40.0,44.0,2.0,4.475,4.4625,4.275,4.475,4.300000000000001,4.275,4.2375,3.6875,4.3,4.199999999999999
_,_,_,_,"Guo, Ashley",77.0,40.0,0.0,1.0,0.0,5.0,32.0,2.0,0.0,1.0,2.0,1.0,34.0,2.0,1.0,0.0,0.0,8.0,30.0,1.0,0.0,0.0,2.0,7.0,30.0,1.0,1.0,0.0,0.0,7.0,31.0,1.0,0.0,1.0,0.0,7.0,31.0,1.0,0.0,1.0,1.0,10.0,27.0,1.0,3.0,4.0,10.0,10.0,12.0,1.0,1.0,0.0,0.0,11.0,28.0,0.0,1.0,0.0,0.0,11.0,27.0,1.0,4.800000000000001,4.8,4.75,4.7,4.75,4.75,4.65,3.6,4.699999999999999,4.65
_,_,_,_,"Shapley, Nina",159.0,64.0,1.0,0.0,2.0,13.0,43.0,5.0,0.0,0.0,2.0,14.0,43.0,5.0,0.0,0.0,6.0,15.0,38.0,5.0,0.0,0.0,1.0,11.0,47.0,5.0,0.0,2.0,4.0,12.0,39.0,7.0,0.0,0.0,4.0,15.0,40.0,5.0,1.0,2.0,6.0,21.0,28.0,6.0,0.0,1.0,13.0,28.0,17.0,5.0,0.0,2.0,3.0,12.0,43.0,4.0,1.0,1.0,6.0,21.0,31.0,4.0,4.6,4.699999999999999,4.55,4.75,4.55,4.6,4.15,4.05,4.550000000000001,4.25
_,_,_,_,"Ogunkanmi, Anuoluwa",24.0,8.0,0.0,1.0,3.0,1.0,1.0,2.0,0.0,1.0,1.0,2.0,1.0,3.0,1.0,1.0,1.0,0.0,2.0,3.0,0.0,1.0,2.0,1.0,2.0,2.0,0.0,0.0,4.0,0.0,2.0,2.0,0.0,1.0,4.0,0.0,1.0,2.0,0.0,1.0,1.0,3.0,1.0,2.0,0.0,1.0,3.0,1.0,1.0,2.0,2.0,1.0,3.0,1.0,1.0,0.0,1.0,1.0,4.0,1.0,1.0,0.0,3.3,3.6,3.2,3.7,3.7,3.2,3.7,3.3,2.8,3.0
_,_,_,_,"Demetracopoulou, Vassiliki",41.0,19.0,0.0,0.0,1.0,5.0,13.0,0.0,0.0,1.0,1.0,3.0,14.0,0.0,1.0,1.0,1.0,3.0,13.0,0.0,0.0,0.0,0.0,4.0,14.0,1.0,0.0,0.0,3.0,5.0,11.0,0.0,1.0,1.0,1.0,7.0,9.0,0.0,0.0,1.0,1.0,6.0,10.0,1.0,0.0,0.0,1.0,10.0,7.0,1.0,0.0,2.0,1.0,4.0,10.0,2.0,0.0,2.0,1.0,7.0,8.0,1.0,4.6,4.6,4.4,4.8,4.4,4.2,4.4,4.3,4.3,4.2
_,_,_,_,"Abu-Obeidah, Adi Salman",9.0,3.0,0.0,0.0,0.0,2.0,1.0,0.0,0.0,0.0,0.0,1.0,2.0,0.0,0.0,0.0,0.0,1.0,2.0,0.0,0.0,0.0,0.0,0.0,3.0,0.0,0.0,0.0,0.0,1.0,2.0,0.0,0.0,0.0,0.0,0.0,3.0,0.0,0.0,0.0,0.0,0.0,3.0,0.0,0.0,0.0,0.0,0.0,3.0,0.0,0.0,0.0,0.0,2.0,1.0,0.0,0.0,0.0,0.0,2.0,1.0,0.0,4.3,4.7,4.7,5.0,4.7,5.0,5.0,5.0,4.3,4.3
_,_,_,_,"Lateef, Omer",195.0,172.0,2.0,7.0,16.0,46.0,96.0,5.0,2.0,7.0,11.0,47.0,99.0,6.0,3.0,3.0,10.0,38.0,112.0,6.0,1.0,5.0,3.0,50.0,107.0,6.0,2.0,10.0,25.0,55.0,70.0,10.0,4.0,5.0,19.0,44.0,94.0,6.0,5.0,7.0,19.0,45.0,91.0,5.0,3.0,13.0,39.0,66.0,45.0,6.0,8.0,4.0,17.0,49.0,91.0,3.0,11.0,6.0,23.0,61.0,69.0,2.0,4.362500000000001,4.449999999999999,4.5375,4.5625,4.15,4.3625,4.3,3.8375,4.275,4.0375
_,_,_,_,"Kruger, Dov",231.0,83.0,31.0,17.0,13.0,9.0,3.0,10.0,20.0,7.0,18.0,17.0,11.0,10.0,17.0,6.0,19.0,12.0,18.0,11.0,14.0,2.0,17.0,19.0,20.0,11.0,8.0,7.0,22.0,18.0,18.0,10.0,21.0,11.0,17.0,12.0,12.0,10.0,18.0,15.0,15.0,12.0,13.0,10.0,2.0,5.0,16.0,26.0,24.0,10.0,29.0,12.0,15.0,12.0,5.0,10.0,31.0,8.0,17.0,10.0,8.0,9.0,2.25,3.5500000000000003,3.65,3.9,3.75,3.3,3.35,4.25,2.75,3.0999999999999996
_,_,_,_,"Raghunandan, Krishnamurthy",54.0,16.0,0.0,1.0,1.0,5.0,7.0,2.0,0.0,0.0,2.0,6.0,6.0,2.0,0.0,0.0,4.0,4.0,6.0,2.0,0.0,0.0,1.0,4.0,9.0,2.0,0.0,0.0,3.0,5.0,5.0,3.0,0.0,0.0,2.0,4.0,8.0,2.0,0.0,0.0,3.0,5.0,6.0,2.0,0.0,0.0,6.0,4.0,4.0,2.0,1.0,0.0,4.0,3.0,6.0,2.0,0.0,0.0,4.0,4.0,6.0,2.0,4.55,4.55,4.45,4.75,4.45,4.65,4.5,4.0,4.3,4.45
_,_,_,_,"Liu, Hang",88.0,40.0,1.0,0.0,0.0,6.0,32.0,1.0,1.0,0.0,0.0,4.0,34.0,1.0,1.0,0.0,1.0,7.0,30.0,1.0,1.0,0.0,0.0,4.0,34.0,1.0,1.0,0.0,0.0,4.0,34.0,1.0,1.0,0.0,0.0,8.0,30.0,1.0,1.0,0.0,0.0,10.0,28.0,1.0,0.0,2.0,8.0,8.0,20.0,2.0,0.0,0.0,0.0,6.0,33.0,1.0,0.0,0.0,0.0,7.0,32.0,1.0,4.725,4.825,4.699999999999999,4.825,4.825,4.699999999999999,4.7,4.3,4.85,4.8
_,_,_,_,"Zhang, Zhao",56.0,28.0,1.0,0.0,1.0,4.0,20.0,2.0,1.0,0.0,0.0,5.0,20.0,2.0,1.0,0.0,1.0,2.0,22.0,2.0,1.0,0.0,0.0,3.0,22.0,2.0,1.0,0.0,0.0,3.0,20.0,4.0,1.0,0.0,0.0,4.0,21.0,2.0,1.0,1.0,0.0,4.0,20.0,2.0,1.0,0.0,3.0,4.0,18.0,2.0,0.0,0.0,1.0,3.0,24.0,0.0,0.0,0.0,3.0,4.0,21.0,0.0,4.6,4.7,4.7,4.75,4.7,4.7,4.550000000000001,4.5,4.8,4.65
_,_,_,_,"Chung, Taerin",25.0,7.0,0.0,0.0,0.0,2.0,4.0,1.0,0.0,0.0,0.0,2.0,4.0,1.0,0.0,0.0,0.0,2.0,4.0,1.0,0.0,0.0,0.0,1.0,5.0,1.0,0.0,0.0,0.0,1.0,5.0,1.0,0.0,0.0,0.0,2.0,4.0,1.0,0.0,0.0,0.0,1.0,5.0,1.0,0.0,0.0,0.0,3.0,3.0,1.0,0.0,0.0,0.0,2.0,5.0,0.0,0.0,0.0,1.0,1.0,5.0,0.0,4.7,4.7,4.7,4.8,4.8,4.7,4.8,4.5,4.7,4.6
_,_,_,_,"Guirguis, Caroline",27.0,7.0,1.0,0.0,1.0,1.0,2.0,2.0,1.0,0.0,0.0,1.0,3.0,2.0,1.0,0.0,1.0,1.0,2.0,2.0,1.0,0.0,0.0,1.0,3.0,2.0,1.0,0.0,1.0,0.0,3.0,2.0,1.0,0.0,0.0,1.0,3.0,2.0,0.0,1.0,1.0,1.0,2.0,2.0,0.0,1.0,1.0,2.0,1.0,2.0,0.0,0.0,1.0,0.0,5.0,1.0,0.0,1.0,1.0,2.0,2.0,1.0,3.75,4.15,3.75,4.15,4.0,4.15,3.85,3.6,4.65,3.85
_,_,_,_,"Hubler, Jesse",132.0,90.0,0.0,1.0,5.0,29.0,48.0,7.0,0.0,3.0,5.0,25.0,48.0,9.0,0.0,2.0,11.0,27.0,42.0,8.0,0.0,1.0,6.0,21.0,54.0,8.0,0.0,4.0,5.0,22.0,52.0,7.0,0.0,2.0,11.0,26.0,42.0,9.0,0.0,3.0,9.0,26.0,45.0,7.0,2.0,7.0,22.0,24.0,28.0,7.0,0.0,3.0,5.0,34.0,43.0,5.0,1.0,2.0,11.0,30.0,43.0,3.0,4.550000000000001,4.525,4.4,4.6,4.45,4.375,4.5,4.025,4.475,4.4
_,_,_,_,"Reagan, Randy",171.0,46.0,1.0,1.0,0.0,13.0,20.0,11.0,1.0,1.0,3.0,10.0,20.0,11.0,2.0,2.0,3.0,12.0,16.0,11.0,1.0,1.0,0.0,13.0,20.0,11.0,1.0,1.0,0.0,11.0,21.0,12.0,1.0,3.0,1.0,12.0,18.0,11.0,1.0,4.0,3.0,14.0,14.0,10.0,1.0,3.0,8.0,15.0,8.0,11.0,1.0,1.0,6.0,8.0,26.0,4.0,1.0,1.0,4.0,16.0,21.0,3.0,4.518750000000001,4.5,4.28125,4.5625,4.675,4.512499999999999,4.13125,3.90625,4.575,4.3875
_,_,_,_,"Yousefian, Farzad",39.0,30.0,0.0,0.0,0.0,5.0,22.0,3.0,0.0,0.0,1.0,10.0,16.0,3.0,0.0,0.0,5.0,12.0,10.0,3.0,0.0,0.0,0.0,11.0,16.0,3.0,0.0,1.0,2.0,10.0,14.0,3.0,0.0,0.0,1.0,14.0,12.0,3.0,0.0,0.0,1.0,13.0,13.0,3.0,0.0,1.0,11.0,7.0,8.0,3.0,0.0,0.0,1.0,13.0,16.0,0.0,0.0,0.0,4.0,12.0,14.0,0.0,4.8,4.6,4.2,4.6,4.4,4.4,4.4,3.8,4.5,4.3
_,_,_,_,"Reihani, Amin",77.0,41.0,0.0,0.0,0.0,15.0,22.0,4.0,0.0,0.0,2.0,11.0,23.0,5.0,0.0,1.0,2.0,12.0,21.0,5.0,0.0,0.0,1.0,11.0,24.0,5.0,0.0,1.0,5.0,16.0,14.0,5.0,0.0,1.0,4.0,13.0,18.0,5.0,0.0,1.0,3.0,18.0,14.0,5.0,0.0,1.0,14.0,11.0,10.0,5.0,0.0,1.0,3.0,14.0,21.0,2.0,1.0,3.0,2.0,17.0,16.0,2.0,4.75,4.75,4.7,4.8,4.5,4.6,4.25,3.9,4.6,3.95
_,_,_,_,"Shinbrot, Troy",81.0,21.0,4.0,2.0,7.0,6.0,2.0,0.0,1.0,2.0,6.0,7.0,5.0,0.0,3.0,2.0,7.0,5.0,4.0,0.0,0.0,3.0,2.0,9.0,7.0,0.0,2.0,6.0,6.0,3.0,3.0,1.0,4.0,5.0,3.0,7.0,2.0,0.0,4.0,5.0,7.0,3.0,2.0,0.0,1.0,4.0,7.0,8.0,1.0,0.0,3.0,7.0,6.0,2.0,3.0,0.0,7.0,5.0,6.0,2.0,1.0,0.0,3.0999999999999996,3.6500000000000004,3.25,3.8,2.9000000000000004,2.95,2.7,3.1500000000000004,2.75,2.2
_,_,_,_,"Roth, Charles",203.0,37.0,1.0,0.0,7.0,16.0,12.0,1.0,2.0,2.0,5.0,16.0,11.0,1.0,1.0,5.0,9.0,16.0,5.0,1.0,0.0,0.0,6.0,19.0,11.0,1.0,0.0,0.0,4.0,20.0,12.0,1.0,1.0,2.0,10.0,15.0,8.0,1.0,2.0,2.0,8.0,19.0,5.0,1.0,1.0,6.0,16.0,9.0,3.0,2.0,3.0,1.0,5.0,24.0,4.0,0.0,2.0,3.0,7.0,20.0,5.0,0.0,4.125,4.0,3.6,4.199999999999999,4.225,3.775,3.65,3.2249999999999996,3.75,3.675
_,_,_,_,"Maikos, Jason",144.0,49.0,0.0,0.0,2.0,5.0,42.0,0.0,0.0,0.0,1.0,9.0,39.0,0.0,0.0,0.0,2.0,7.0,40.0,0.0,0.0,0.0,1.0,8.0,38.0,2.0,0.0,0.0,1.0,10.0,38.0,0.0,0.0,0.0,2.0,7.0,40.0,0.0,0.0,0.0,2.0,7.0,40.0,0.0,1.0,0.0,2.0,14.0,32.0,0.0,0.0,0.0,1.0,7.0,41.0,0.0,0.0,0.0,1.0,11.0,37.0,0.0,4.824999999999999,4.8,4.775,4.8,4.75,4.775,4.825,4.6,4.85,4.75
_,_,_,_,"Boustany, Nada",48.0,14.0,0.0,1.0,3.0,5.0,5.0,0.0,1.0,3.0,1.0,2.0,7.0,0.0,0.0,2.0,0.0,6.0,6.0,0.0,0.0,2.0,2.0,1.0,9.0,0.0,0.0,0.0,2.0,4.0,7.0,1.0,0.0,4.0,0.0,4.0,6.0,0.0,0.0,2.0,2.0,4.0,6.0,0.0,0.0,2.0,3.0,7.0,2.0,0.0,1.0,2.0,1.0,5.0,5.0,0.0,1.0,2.0,2.0,4.0,5.0,0.0,4.074999999999999,4.1,4.325,4.375,4.425000000000001,3.9749999999999996,4.35,3.75,4.1,4.15
_,_,_,_,"Freeman, Joseph",56.0,14.0,0.0,0.0,0.0,5.0,8.0,1.0,0.0,0.0,1.0,4.0,9.0,0.0,0.0,0.0,1.0,5.0,8.0,0.0,0.0,0.0,1.0,3.0,10.0,0.0,0.0,0.0,3.0,4.0,7.0,0.0,0.0,0.0,1.0,5.0,8.0,0.0,0.0,0.0,1.0,5.0,8.0,0.0,0.0,0.0,0.0,6.0,8.0,0.0,0.0,0.0,1.0,6.0,7.0,0.0,0.0,0.0,1.0,5.0,8.0,0.0,4.9,4.875,4.85,4.9,4.55,4.625,4.85,4.875,4.825,4.85
_,_,_,_,"Hara, Masanori",45.0,17.0,0.0,2.0,0.0,5.0,10.0,0.0,0.0,1.0,1.0,7.0,8.0,0.0,0.0,2.0,0.0,9.0,6.0,0.0,0.0,1.0,0.0,7.0,9.0,0.0,0.0,1.0,0.0,6.0,10.0,0.0,0.0,2.0,2.0,5.0,7.0,1.0,1.0,0.0,2.0,5.0,9.0,0.0,0.0,0.0,5.0,9.0,3.0,0.0,1.0,0.0,1.0,7.0,8.0,0.0,1.0,0.0,3.0,5.0,8.0,0.0,4.4,4.3,4.1,4.4,4.5,4.1,4.2,3.9,4.2,4.1
_,_,_,_,"Neimark, Alexander",212.0,86.0,0.0,8.0,11.0,31.0,35.0,1.0,0.0,2.0,14.0,36.0,32.0,2.0,3.0,3.0,16.0,31.0,31.0,2.0,0.0,1.0,3.0,32.0,47.0,3.0,0.0,0.0,6.0,29.0,48.0,3.0,2.0,6.0,14.0,23.0,39.0,2.0,1.0,5.0,10.0,37.0,31.0,2.0,3.0,4.0,32.0,25.0,17.0,5.0,0.0,6.0,12.0,36.0,30.0,2.0,1.0,5.0,10.0,39.0,29.0,2.0,4.25,4.275,4.025,4.550000000000001,4.550000000000001,4.225,4.175,3.575,4.15,4.2
_,_,_,_,"Wang, Hao",235.0,65.0,2.0,6.0,6.0,23.0,22.0,6.0,2.0,4.0,9.0,25.0,19.0,6.0,3.0,4.0,6.0,22.0,24.0,6.0,2.0,3.0,6.0,25.0,22.0,7.0,2.0,3.0,9.0,21.0,24.0,6.0,4.0,5.0,7.0,23.0,18.0,8.0,0.0,2.0,8.0,27.0,21.0,7.0,5.0,6.0,14.0,21.0,12.0,7.0,5.0,4.0,11.0,20.0,23.0,2.0,5.0,3.0,12.0,22.0,20.0,3.0,3.9250000000000003,3.8750000000000004,3.9250000000000003,4.1,4.0,3.7750000000000004,4.125,3.5,3.825,3.75
_,_,_,_,"Gucunski, Nenad",149.0,40.0,1.0,5.0,9.0,13.0,12.0,0.0,1.0,9.0,7.0,14.0,9.0,0.0,4.0,9.0,7.0,11.0,9.0,0.0,1.0,2.0,13.0,14.0,10.0,0.0,1.0,2.0,9.0,16.0,12.0,0.0,4.0,8.0,12.0,10.0,5.0,1.0,2.0,5.0,9.0,15.0,9.0,0.0,3.0,7.0,12.0,11.0,7.0,0.0,7.0,4.0,11.0,12.0,6.0,0.0,6.0,2.0,15.0,11.0,6.0,0.0,3.6999999999999997,3.5,3.25,3.75,3.8499999999999996,3.1,3.6,3.3,3.1500000000000004,3.2
_,_,_,_,"Christoforou, Chris",58.0,12.0,0.0,0.0,1.0,4.0,5.0,2.0,0.0,0.0,1.0,3.0,6.0,2.0,0.0,0.0,0.0,3.0,7.0,2.0,0.0,0.0,0.0,4.0,6.0,2.0,0.0,0.0,0.0,5.0,4.0,3.0,0.0,0.0,0.0,3.0,7.0,2.0,0.0,0.0,0.0,2.0,8.0,2.0,0.0,0.0,0.0,2.0,8.0,2.0,0.0,0.0,1.0,3.0,6.0,2.0,0.0,0.0,0.0,5.0,5.0,2.0,4.65,4.7,4.8,4.75,4.65,4.8,4.9,4.9,4.7,4.7
_,_,_,_,"Guo, Qizhong",29.0,12.0,1.0,0.0,0.0,3.0,8.0,0.0,1.0,1.0,2.0,0.0,8.0,0.0,0.0,1.0,1.0,1.0,9.0,0.0,0.0,0.0,0.0,2.0,10.0,0.0,0.0,0.0,0.0,4.0,7.0,1.0,1.0,0.0,2.0,1.0,8.0,0.0,1.0,0.0,0.0,2.0,9.0,0.0,0.0,0.0,2.0,4.0,6.0,0.0,1.0,0.0,3.0,1.0,7.0,0.0,0.0,1.0,3.0,1.0,7.0,0.0,4.5,4.15,4.55,4.85,4.7,4.3,4.55,4.35,4.15,4.25
_,_,_,_,"Lifrieri, Joseph",21.0,10.0,0.0,0.0,0.0,1.0,9.0,0.0,0.0,0.0,1.0,1.0,8.0,0.0,0.0,0.0,0.0,2.0,8.0,0.0,0.0,0.0,0.0,2.0,8.0,0.0,0.0,0.0,0.0,2.0,8.0,0.0,0.0,0.0,0.0,3.0,7.0,0.0,0.0,0.0,0.0,3.0,7.0,0.0,0.0,0.0,2.0,2.0,6.0,0.0,0.0,0.0,0.0,2.0,8.0,0.0,0.0,0.0,0.0,2.0,8.0,0.0,4.925,4.75,4.825,4.825,4.825,4.775,4.675000000000001,4.475,4.825,4.825
_,_,_,_,"Kliger, Howard",244.0,74.0,1.0,6.0,4.0,21.0,37.0,5.0,6.0,8.0,4.0,17.0,33.0,6.0,5.0,2.0,9.0,19.0,35.0,4.0,7.0,7.0,9.0,13.0,32.0,6.0,2.0,0.0,6.0,15.0,37.0,14.0,7.0,6.0,7.0,18.0,31.0,5.0,3.0,4.0,12.0,23.0,28.0,4.0,4.0,6.0,14.0,20.0,25.0,5.0,8.0,4.0,9.0,16.0,33.0,4.0,6.0,6.0,9.0,19.0,32.0,2.0,4.05,3.7,3.8499999999999996,3.575,4.075,3.7,3.75,3.8499999999999996,3.6500000000000004,3.575
_,_,_,_,"Wu, Tong",69.0,19.0,2.0,1.0,7.0,3.0,2.0,4.0,3.0,3.0,3.0,7.0,1.0,2.0,2.0,3.0,9.0,0.0,1.0,4.0,2.0,1.0,9.0,3.0,0.0,4.0,2.0,1.0,8.0,5.0,0.0,3.0,2.0,1.0,11.0,0.0,0.0,5.0,3.0,1.0,5.0,7.0,3.0,0.0,2.0,1.0,6.0,4.0,5.0,1.0,2.0,5.0,7.0,1.0,1.0,3.0,5.0,9.0,3.0,2.0,0.0,0.0,3.1,3.0,2.7,2.9,3.0,2.6,3.3,3.5,2.6,2.1
_,_,_,_,"Mandayam, Narayan",210.0,105.0,1.0,0.0,1.0,12.0,88.0,3.0,1.0,0.0,1.0,17.0,83.0,3.0,1.0,0.0,2.0,18.0,80.0,4.0,1.0,0.0,1.0,14.0,85.0,4.0,1.0,0.0,0.0,24.0,76.0,4.0,1.0,2.0,2.0,18.0,79.0,3.0,1.0,0.0,0.0,30.0,70.0,4.0,1.0,3.0,25.0,35.0,37.0,4.0,0.0,1.0,2.0,17.0,85.0,0.0,0.0,0.0,2.0,17.0,84.0,2.0,4.800000000000001,4.775,4.725,4.800000000000001,4.699999999999999,4.6,4.675,3.95,4.699999999999999,4.800000000000001
_,_,_,_,"Frenkiel, Richard",70.0,15.0,0.0,0.0,0.0,3.0,12.0,0.0,0.0,0.0,0.0,3.0,12.0,0.0,0.0,0.0,1.0,3.0,11.0,0.0,0.0,0.0,0.0,2.0,13.0,0.0,0.0,0.0,0.0,4.0,11.0,0.0,0.0,2.0,1.0,3.0,9.0,0.0,0.0,0.0,0.0,4.0,11.0,0.0,1.0,0.0,6.0,3.0,5.0,0.0,0.0,1.0,1.0,2.0,11.0,0.0,0.0,0.0,1.0,3.0,11.0,0.0,4.8,4.8,4.7,4.9,4.7,4.3,4.7,3.7,4.5,4.7
_,_,_,_,"Mohammad, Tayyaba",29.0,9.0,0.0,1.0,4.0,2.0,2.0,0.0,0.0,3.0,2.0,2.0,2.0,0.0,1.0,2.0,3.0,1.0,2.0,0.0,0.0,2.0,3.0,1.0,3.0,0.0,0.0,2.0,1.0,1.0,2.0,3.0,1.0,3.0,2.0,1.0,2.0,0.0,0.0,2.0,3.0,1.0,2.0,1.0,0.0,2.0,2.0,3.0,2.0,0.0,1.0,3.0,2.0,1.0,2.0,0.0,1.0,2.0,3.0,1.0,2.0,0.0,3.6,3.3,3.1,3.6,3.5,3.0,3.4,3.6,3.0,3.1
_,_,_,_,"Raychaudhuri, Dipankar",98.0,30.0,0.0,2.0,3.0,7.0,18.0,0.0,1.0,1.0,3.0,7.0,18.0,0.0,1.0,1.0,5.0,9.0,13.0,1.0,0.0,0.0,4.0,4.0,21.0,1.0,0.0,0.0,3.0,6.0,17.0,4.0,0.0,2.0,5.0,7.0,15.0,1.0,0.0,3.0,5.0,6.0,15.0,1.0,0.0,1.0,7.0,10.0,11.0,1.0,2.0,0.0,2.0,10.0,15.0,1.0,2.0,1.0,6.0,9.0,11.0,1.0,4.35,4.35,4.05,4.550000000000001,4.5,4.15,4.1,4.1,4.2,3.9
_,_,_,_,"Diaz-Munoz, Milton",95.0,35.0,2.0,1.0,2.0,10.0,18.0,2.0,1.0,2.0,1.0,9.0,20.0,2.0,1.0,1.0,4.0,9.0,19.0,1.0,2.0,0.0,2.0,9.0,21.0,1.0,3.0,1.0,4.0,9.0,14.0,4.0,2.0,0.0,6.0,7.0,19.0,1.0,1.0,0.0,3.0,6.0,22.0,3.0,2.0,2.0,5.0,5.0,18.0,3.0,2.0,2.0,2.0,10.0,18.0,1.0,3.0,2.0,3.0,8.0,17.0,2.0,4.375,4.45,4.35,4.425000000000001,4.15,4.3,4.525,4.1,4.300000000000001,4.2
_,_,_,_,"Beskin, Anna",28.0,4.0,0.0,0.0,0.0,0.0,4.0,0.0,0.0,0.0,0.0,0.0,4.0,0.0,0.0,1.0,1.0,1.0,1.0,0.0,0.0,0.0,0.0,1.0,3.0,0.0,0.0,0.0,1.0,0.0,3.0,0.0,0.0,0.0,0.0,1.0,2.0,1.0,0.0,0.0,1.0,1.0,2.0,0.0,1.0,0.0,3.0,0.0,0.0,0.0,0.0,0.0,1.0,2.0,1.0,0.0,0.0,0.0,1.0,1.0,2.0,0.0,5.0,5.0,3.5,4.8,4.5,4.7,4.3,2.5,4.0,4.3
_,_,_,_,"Mozael, Mustafa",75.0,28.0,0.0,2.0,6.0,11.0,3.0,6.0,0.0,1.0,5.0,9.0,5.0,8.0,0.0,1.0,8.0,10.0,3.0,6.0,0.0,0.0,4.0,12.0,6.0,6.0,0.0,0.0,6.0,11.0,4.0,7.0,0.0,1.0,9.0,9.0,3.0,6.0,0.0,2.0,7.0,13.0,6.0,0.0,1.0,2.0,12.0,9.0,4.0,0.0,0.0,3.0,7.0,9.0,3.0,6.0,0.0,4.0,9.0,10.0,5.0,0.0,3.7,3.9,3.7,4.1,3.9,3.6,3.8,3.5,3.6,3.6
_,_,_,_,"Pinchiaroli, Michael",140.0,48.0,0.0,0.0,0.0,5.0,41.0,2.0,0.0,0.0,0.0,6.0,40.0,2.0,0.0,0.0,1.0,8.0,36.0,3.0,0.0,0.0,0.0,5.0,41.0,2.0,0.0,0.0,0.0,10.0,36.0,2.0,0.0,0.0,1.0,7.0,37.0,3.0,0.0,0.0,2.0,11.0,32.0,3.0,0.0,4.0,4.0,13.0,25.0,2.0,0.0,0.0,2.0,5.0,41.0,0.0,0.0,0.0,1.0,6.0,41.0,0.0,4.95,4.925,4.65,4.9,4.85,4.7,4.575,4.325,4.8,4.9
_,_,_,_,"Jeong, Myong-Kee",89.0,46.0,1.0,4.0,5.0,14.0,21.0,1.0,1.0,3.0,6.0,15.0,21.0,0.0,0.0,1.0,5.0,13.0,27.0,0.0,1.0,1.0,1.0,14.0,29.0,0.0,0.0,2.0,2.0,12.0,30.0,0.0,1.0,1.0,5.0,13.0,26.0,0.0,0.0,1.0,5.0,13.0,26.0,1.0,1.0,6.0,14.0,8.0,16.0,1.0,0.0,3.0,3.0,15.0,25.0,0.0,0.0,4.0,3.0,14.0,24.0,1.0,4.15,4.15,4.449999999999999,4.550000000000001,4.550000000000001,4.4,4.5,3.8,4.4,4.3
_,_,_,_,"Gilbert, Douglas",87.0,27.0,0.0,0.0,0.0,10.0,16.0,1.0,0.0,0.0,0.0,10.0,16.0,1.0,0.0,0.0,1.0,8.0,17.0,1.0,0.0,0.0,0.0,10.0,16.0,1.0,0.0,0.0,0.0,8.0,18.0,1.0,0.0,0.0,2.0,10.0,14.0,1.0,0.0,0.0,0.0,9.0,17.0,1.0,0.0,0.0,4.0,12.0,10.0,1.0,0.0,0.0,0.0,9.0,17.0,1.0,0.0,0.0,0.0,9.0,17.0,1.0,4.625,4.625,4.65,4.625,4.699999999999999,4.550000000000001,4.65,4.15,4.525,4.6
_,_,_,_,"Akdogan, Enver Koray",71.0,37.0,0.0,2.0,1.0,9.0,25.0,0.0,0.0,0.0,0.0,9.0,28.0,0.0,0.0,0.0,2.0,7.0,28.0,0.0,0.0,0.0,0.0,8.0,29.0,0.0,0.0,1.0,1.0,10.0,24.0,1.0,1.0,0.0,2.0,6.0,26.0,2.0,1.0,1.0,1.0,8.0,26.0,0.0,3.0,1.0,5.0,13.0,15.0,0.0,0.0,1.0,1.0,8.0,26.0,1.0,1.0,1.0,1.0,11.0,23.0,0.0,4.65,4.8,4.65,4.85,4.6,4.699999999999999,4.5,4.0,4.75,4.45
_,_,_,_,"Matthewson, Michael",15.0,9.0,0.0,0.0,0.0,3.0,6.0,0.0,0.0,0.0,0.0,1.0,8.0,0.0,0.0,0.0,0.0,2.0,7.0,0.0,0.0,0.0,0.0,2.0,7.0,0.0,0.0,0.0,0.0,3.0,6.0,0.0,0.0,0.0,0.0,2.0,7.0,0.0,0.0,1.0,0.0,1.0,7.0,0.0,0.0,1.0,3.0,4.0,1.0,0.0,0.0,0.0,1.0,1.0,7.0,0.0,0.0,0.0,1.0,2.0,6.0,0.0,4.7,4.9,4.8,4.8,4.7,4.8,4.6,3.6,4.7,4.6
_,_,_,_,"Saxena, Lakshmendra",64.0,17.0,0.0,0.0,0.0,5.0,11.0,1.0,0.0,0.0,0.0,3.0,13.0,1.0,0.0,0.0,0.0,4.0,11.0,2.0,0.0,0.0,0.0,3.0,13.0,1.0,0.0,0.0,0.0,2.0,14.0,1.0,0.0,0.0,0.0,3.0,13.0,1.0,0.0,0.0,0.0,3.0,13.0,1.0,0.0,1.0,2.0,3.0,10.0,1.0,0.0,0.0,1.0,2.0,14.0,0.0,0.0,0.0,1.0,4.0,11.0,1.0,4.7,4.8,4.75,4.8,4.9,4.8,4.8,4.425000000000001,4.8,4.65
_,_,_,_,"Kotelnikov, Alexei",29.0,11.0,0.0,0.0,0.0,4.0,7.0,0.0,0.0,0.0,0.0,3.0,8.0,0.0,0.0,0.0,1.0,4.0,6.0,0.0,0.0,0.0,0.0,4.0,7.0,0.0,0.0,0.0,2.0,2.0,7.0,0.0,0.0,0.0,0.0,4.0,7.0,0.0,0.0,0.0,0.0,4.0,7.0,0.0,0.0,0.0,3.0,6.0,2.0,0.0,0.0,0.0,0.0,5.0,6.0,0.0,0.0,0.0,1.0,4.0,6.0,0.0,4.325,4.825,3.8,4.325,3.775,4.325,4.325,3.525,4.275,3.8
_,_,_,_,"Farokh, Pedram",31.0,12.0,0.0,1.0,1.0,4.0,6.0,0.0,1.0,0.0,2.0,2.0,7.0,0.0,1.0,0.0,1.0,4.0,6.0,0.0,0.0,1.0,1.0,3.0,7.0,0.0,0.0,0.0,3.0,3.0,3.0,3.0,1.0,0.0,3.0,4.0,4.0,0.0,0.0,1.0,1.0,5.0,5.0,0.0,0.0,0.0,1.0,5.0,6.0,0.0,1.0,0.0,2.0,5.0,4.0,0.0,1.0,0.0,1.0,7.0,3.0,0.0,4.3,4.2,4.2,4.3,4.0,3.8,4.2,4.4,3.9,3.9
_,_,_,_,"Singh, Jeevanjot",18.0,9.0,0.0,0.0,1.0,3.0,5.0,0.0,0.0,0.0,1.0,2.0,6.0,0.0,0.0,0.0,0.0,2.0,6.0,1.0,0.0,0.0,0.0,2.0,7.0,0.0,0.0,0.0,0.0,2.0,7.0,0.0,0.0,0.0,1.0,1.0,7.0,0.0,0.0,0.0,0.0,3.0,6.0,0.0,0.0,0.0,2.0,3.0,4.0,0.0,0.0,0.0,1.0,1.0,7.0,0.0,0.0,0.0,1.0,0.0,8.0,0.0,4.4,4.6,4.8,4.8,4.8,4.7,4.7,4.2,4.7,4.8
_,_,_,_,"Nikolopoulos, Efthymios",63.0,36.0,0.0,2.0,5.0,8.0,20.0,1.0,0.0,1.0,2.0,10.0,22.0,1.0,1.0,1.0,1.0,13.0,19.0,1.0,0.0,0.0,2.0,10.0,23.0,1.0,0.0,1.0,2.0,13.0,19.0,1.0,1.0,1.0,3.0,10.0,20.0,1.0,0.0,3.0,3.0,16.0,13.0,1.0,0.0,6.0,9.0,13.0,7.0,1.0,2.0,0.0,2.0,12.0,19.0,1.0,0.0,1.0,6.0,12.0,16.0,1.0,4.35,4.6,4.4,4.6,4.5,4.35,4.25,3.75,4.4,4.25
_,_,_,_,"Yang, Guosong",245.0,48.0,3.0,3.0,10.0,13.0,5.0,14.0,2.0,2.0,11.0,12.0,6.0,15.0,9.0,4.0,7.0,8.0,6.0,14.0,1.0,2.0,11.0,12.0,8.0,14.0,1.0,3.0,7.0,14.0,9.0,14.0,7.0,5.0,10.0,4.0,7.0,15.0,6.0,4.0,13.0,8.0,4.0,13.0,9.0,5.0,11.0,5.0,5.0,13.0,6.0,6.0,11.0,6.0,10.0,9.0,4.0,6.0,11.0,7.0,8.0,12.0,3.55,3.6999999999999997,3.1,3.9,3.95,3.2,3.15,2.95,3.4,3.4000000000000004
_,_,_,_,"Liu, Xufei",44.0,11.0,0.0,1.0,0.0,4.0,6.0,0.0,0.0,0.0,0.0,7.0,4.0,0.0,0.0,0.0,1.0,7.0,3.0,0.0,0.0,0.0,1.0,4.0,6.0,0.0,0.0,0.0,0.0,6.0,5.0,0.0,0.0,0.0,3.0,5.0,3.0,0.0,0.0,0.0,2.0,5.0,4.0,0.0,1.0,0.0,2.0,6.0,2.0,0.0,0.0,1.0,2.0,5.0,3.0,0.0,0.0,0.0,2.0,6.0,3.0,0.0,4.4,4.4,4.2,4.5,4.5,4.0,4.2,3.7,3.9,4.1
_,_,_,_,"DeMauro, Edward",95.0,22.0,0.0,0.0,0.0,4.0,18.0,0.0,1.0,1.0,0.0,5.0,15.0,0.0,0.0,0.0,0.0,6.0,16.0,0.0,0.0,2.0,0.0,4.0,16.0,0.0,0.0,1.0,3.0,5.0,13.0,0.0,0.0,0.0,1.0,9.0,12.0,0.0,0.0,0.0,2.0,8.0,12.0,0.0,0.0,2.0,4.0,6.0,10.0,0.0,0.0,1.0,1.0,6.0,14.0,0.0,0.0,0.0,3.0,9.0,10.0,0.0,4.9,4.7,4.85,4.75,4.65,4.75,3.75,3.55,4.75,4.15
_,_,_,_,"Pedersen, Henrik",120.0,40.0,1.0,3.0,4.0,12.0,13.0,7.0,2.0,0.0,10.0,8.0,13.0,7.0,2.0,3.0,12.0,6.0,10.0,7.0,1.0,2.0,5.0,10.0,15.0,7.0,1.0,4.0,4.0,11.0,13.0,7.0,3.0,2.0,7.0,10.0,11.0,7.0,2.0,3.0,8.0,10.0,10.0,7.0,2.0,2.0,9.0,11.0,9.0,7.0,3.0,2.0,6.0,12.0,13.0,4.0,3.0,3.0,6.0,12.0,12.0,4.0,3.9000000000000004,3.8000000000000003,3.55,4.0,3.8,3.65,3.6,3.7,3.75,3.6999999999999997
_,_,_,_,"Hildebrandt, Diane",64.0,18.0,0.0,1.0,0.0,4.0,9.0,4.0,0.0,1.0,0.0,3.0,10.0,4.0,0.0,0.0,1.0,5.0,8.0,4.0,0.0,0.0,1.0,2.0,11.0,4.0,0.0,0.0,0.0,5.0,9.0,4.0,0.0,0.0,1.0,3.0,10.0,4.0,0.0,0.0,3.0,2.0,9.0,4.0,0.0,0.0,2.0,5.0,7.0,4.0,0.0,0.0,3.0,4.0,10.0,1.0,0.0,0.0,3.0,4.0,10.0,1.0,4.5,4.6,4.5,4.7,4.6,4.6,4.4,4.4,4.4,4.4
_,_,_,_,"Oathes, Tyler",65.0,20.0,0.0,0.0,0.0,3.0,14.0,3.0,0.0,0.0,0.0,3.0,14.0,3.0,0.0,0.0,1.0,7.0,9.0,3.0,0.0,0.0,0.0,3.0,14.0,3.0,0.0,0.0,0.0,4.0,13.0,3.0,0.0,0.0,0.0,6.0,11.0,3.0,0.0,0.0,0.0,5.0,12.0,3.0,0.0,1.0,5.0,4.0,7.0,3.0,0.0,0.0,0.0,6.0,12.0,2.0,0.0,0.0,1.0,5.0,12.0,2.0,4.8,4.8,4.5,4.8,4.8,4.7,4.7,4.0,4.7,4.6
_,_,_,_,"Al-Adhami, Hiba",71.0,19.0,0.0,0.0,1.0,7.0,6.0,5.0,0.0,0.0,0.0,10.0,5.0,4.0,0.0,0.0,3.0,7.0,5.0,4.0,0.0,0.0,0.0,10.0,5.0,4.0,0.0,0.0,3.0,6.0,6.0,4.0,0.0,0.0,2.0,8.0,5.0,4.0,0.0,0.0,1.0,9.0,5.0,4.0,0.0,1.0,5.0,4.0,5.0,4.0,0.0,0.0,1.0,10.0,6.0,2.0,0.0,0.0,1.0,10.0,6.0,2.0,4.35,4.324999999999999,4.075,4.324999999999999,4.275,4.175000000000001,4.3,3.9,4.275,4.25
_,_,_,_,"Li, Yalin",5.0,2.0,0.0,0.0,0.0,1.0,1.0,0.0,0.0,0.0,0.0,0.0,2.0,0.0,0.0,0.0,0.0,2.0,0.0,0.0,0.0,0.0,0.0,1.0,1.0,0.0,0.0,0.0,0.0,1.0,0.0,1.0,0.0,0.0,0.0,2.0,0.0,0.0,0.0,0.0,0.0,2.0,0.0,0.0,0.0,0.0,0.0,0.0,2.0,0.0,0.0,0.0,0.0,1.0,1.0,0.0,0.0,0.0,0.0,1.0,1.0,0.0,4.5,5.0,4.0,4.5,4.0,4.0,4.0,5.0,4.5,4.5
_,_,_,_,"Bletsas, Aggelos",7.0,6.0,0.0,0.0,0.0,1.0,4.0,1.0,0.0,0.0,0.0,0.0,5.0,1.0,0.0,0.0,0.0,0.0,5.0,1.0,0.0,0.0,0.0,0.0,5.0,1.0,0.0,0.0,1.0,1.0,3.0,1.0,0.0,0.0,0.0,1.0,4.0,1.0,0.0,0.0,0.0,2.0,3.0,1.0,0.0,0.0,1.0,3.0,1.0,1.0,0.0,0.0,0.0,2.0,3.0,1.0,0.0,0.0,0.0,1.0,4.0,1.0,4.8,5.0,5.0,5.0,4.4,4.8,4.6,4.0,4.6,4.8
_,_,_,_,"Barillas, Katie",29.0,17.0,1.0,0.0,0.0,8.0,7.0,1.0,1.0,0.0,0.0,5.0,10.0,1.0,1.0,0.0,1.0,5.0,9.0,1.0,1.0,0.0,0.0,4.0,11.0,1.0,1.0,0.0,0.0,4.0,11.0,1.0,1.0,0.0,0.0,5.0,9.0,2.0,1.0,1.0,3.0,4.0,7.0,1.0,1.0,5.0,2.0,1.0,7.0,1.0,0.0,1.0,1.0,5.0,10.0,0.0,0.0,0.0,5.0,6.0,6.0,0.0,4.3,4.4,4.3,4.5,4.5,4.4,3.9,3.5,4.4,4.1
_,_,_,_,"Miller, Christopher",49.0,17.0,1.0,0.0,3.0,8.0,4.0,1.0,0.0,0.0,1.0,5.0,10.0,1.0,0.0,0.0,2.0,5.0,9.0,1.0,0.0,0.0,0.0,3.0,13.0,1.0,0.0,0.0,0.0,5.0,11.0,1.0,0.0,0.0,0.0,4.0,12.0,1.0,0.0,0.0,1.0,6.0,9.0,1.0,0.0,1.0,7.0,4.0,4.0,1.0,0.0,0.0,1.0,7.0,8.0,1.0,0.0,0.0,1.0,7.0,8.0,1.0,3.9,4.550000000000001,4.5,4.85,4.7,4.8,4.5,3.75,4.449999999999999,4.449999999999999
_,_,_,_,"Elsayed, Elsayed",67.0,24.0,0.0,0.0,3.0,7.0,8.0,6.0,0.0,0.0,4.0,6.0,8.0,6.0,0.0,0.0,2.0,6.0,10.0,6.0,0.0,0.0,0.0,6.0,11.0,7.0,0.0,1.0,1.0,7.0,9.0,6.0,0.0,0.0,2.0,9.0,7.0,6.0,0.0,0.0,0.0,12.0,6.0,6.0,0.0,1.0,5.0,8.0,4.0,6.0,1.0,1.0,4.0,9.0,7.0,2.0,0.0,3.0,3.0,10.0,6.0,2.0,4.25,4.25,4.5,4.699999999999999,4.4,4.15,4.4,3.8,3.9,3.8
_,_,_,_,"Coit, David",42.0,17.0,1.0,0.0,5.0,6.0,3.0,2.0,1.0,0.0,2.0,8.0,5.0,1.0,1.0,3.0,3.0,2.0,7.0,1.0,1.0,0.0,1.0,7.0,7.0,1.0,1.0,0.0,3.0,9.0,3.0,1.0,1.0,2.0,2.0,6.0,5.0,1.0,1.0,1.0,1.0,10.0,3.0,1.0,1.0,2.0,6.0,3.0,4.0,1.0,0.0,3.0,3.0,7.0,4.0,0.0,1.0,2.0,2.0,9.0,3.0,0.0,3.7,4.0,3.7,4.2,3.8,3.8,3.8,3.4,3.7,3.7
_,_,_,_,"Mercurio Jr, Steven",20.0,11.0,0.0,0.0,0.0,5.0,6.0,0.0,0.0,0.0,0.0,4.0,7.0,0.0,0.0,0.0,0.0,4.0,7.0,0.0,0.0,0.0,0.0,2.0,9.0,0.0,1.0,0.0,0.0,2.0,8.0,0.0,0.0,0.0,0.0,4.0,7.0,0.0,0.0,0.0,0.0,6.0,5.0,0.0,0.0,0.0,3.0,5.0,3.0,0.0,0.0,0.0,0.0,4.0,7.0,0.0,0.0,0.0,1.0,5.0,5.0,0.0,4.6,4.6,4.6,4.8,4.5,4.6,4.5,4.0,4.6,4.4
_,_,_,_,"Saini, Rajan",9.0,5.0,0.0,0.0,0.0,4.0,1.0,0.0,0.0,0.0,0.0,5.0,0.0,0.0,0.0,0.0,0.0,4.0,1.0,0.0,0.0,0.0,0.0,4.0,1.0,0.0,0.0,0.0,0.0,3.0,2.0,0.0,0.0,0.0,0.0,4.0,1.0,0.0,0.0,0.0,1.0,4.0,0.0,0.0,0.0,0.0,2.0,3.0,0.0,0.0,0.0,0.0,0.0,3.0,2.0,0.0,0.0,0.0,1.0,3.0,1.0,0.0,4.2,4.0,4.2,4.2,4.4,4.2,3.8,3.6,4.4,4.0
_,_,_,_,"Vlassis, Nikolaos Napoleon",140.0,51.0,1.0,1.0,6.0,22.0,15.0,6.0,1.0,4.0,6.0,19.0,14.0,7.0,2.0,1.0,17.0,16.0,9.0,6.0,0.0,2.0,7.0,19.0,17.0,6.0,5.0,4.0,10.0,17.0,9.0,6.0,2.0,3.0,18.0,15.0,7.0,6.0,2.0,4.0,9.0,17.0,11.0,8.0,3.0,5.0,16.0,13.0,5.0,9.0,3.0,6.0,11.0,13.0,11.0,7.0,3.0,6.0,16.0,10.0,10.0,6.0,4.1,3.9,3.6,4.1,3.5,3.5,3.7,3.3,3.5,3.4
_,_,_,_,"Berg, Steven",79.0,17.0,0.0,0.0,2.0,1.0,10.0,4.0,0.0,0.0,1.0,4.0,8.0,4.0,0.0,2.0,0.0,2.0,9.0,4.0,0.0,0.0,1.0,2.0,10.0,4.0,0.0,0.0,0.0,3.0,10.0,4.0,1.0,1.0,0.0,2.0,9.0,4.0,0.0,2.0,0.0,1.0,10.0,4.0,0.0,1.0,1.0,5.0,6.0,4.0,1.0,1.0,2.0,2.0,9.0,2.0,0.0,1.0,2.0,2.0,9.0,3.0,4.6,4.5,4.4,4.7,4.8,4.3,4.5,4.2,4.1,4.4
