_,_,_,_,"Govindarajoo, Geeta",4178.0,1434.0,55.0,101.0,199.0,501.0,461.0,117.0,59.0,65.0,245.0,495.0,424.0,146.0,112.0,129.0,337.0,397.0,334.0,125.0,55.0,48.0,213.0,521.0,462.0,135.0,76.0,97.0,283.0,482.0,349.0,147.0,119.0,162.0,280.0,440.0,304.0,129.0,103.0,136.0,272.0,566.0,234.0,123.0,162.0,252.0,416.0,343.0,135.0,126.0,133.0,128.0,251.0,488.0,382.0,52.0,213.0,165.0,331.0,441.0,223.0,61.0,3.9679305408149954,3.972947884723544,3.610545491613448,4.072690231539308,3.935561719536781,3.6789897872135042,3.6992560170590876,3.1099889680743216,3.740746745094657,3.379839133657515
_,_,_,_,"Jimenez, Leslie",2220.0,739.0,36.0,66.0,149.0,280.0,116.0,92.0,58.0,79.0,148.0,227.0,134.0,93.0,52.0,114.0,202.0,179.0,97.0,95.0,25.0,37.0,139.0,276.0,169.0,93.0,24.0,38.0,175.0,195.0,93.0,214.0,62.0,105.0,193.0,189.0,93.0,97.0,62.0,89.0,157.0,257.0,123.0,51.0,106.0,129.0,211.0,167.0,74.0,52.0,104.0,110.0,182.0,183.0,88.0,72.0,188.0,153.0,166.0,156.0,52.0,24.0,3.4409622192382816,3.2375957489013674,3.2790687561035154,3.8717002868652344,3.6993255615234375,3.1903072357177735,3.686179351806641,3.4827438354492184,3.150714874267578,3.166105270385742
_,_,_,_,"Boikess, Robert",1213.0,485.0,88.0,94.0,94.0,110.0,54.0,45.0,94.0,90.0,89.0,105.0,59.0,48.0,118.0,64.0,99.0,94.0,68.0,42.0,82.0,58.0,120.0,110.0,71.0,44.0,59.0,61.0,101.0,138.0,81.0,45.0,152.0,79.0,93.0,73.0,46.0,42.0,97.0,69.0,86.0,132.0,74.0,27.0,91.0,105.0,132.0,91.0,35.0,31.0,198.0,69.0,83.0,67.0,43.0,25.0,182.0,87.0,92.0,77.0,34.0,13.0,3.131486511230469,3.3603485107421873,3.0561798095703123,3.5495697021484376,3.65526123046875,2.7419769287109377,3.2860809326171876,2.910630798339844,2.5843673706054684,2.484455871582031
_,_,_,_,"Rabeony, Manese",2470.0,1031.0,14.0,26.0,90.0,317.0,480.0,104.0,17.0,45.0,134.0,303.0,425.0,107.0,12.0,18.0,89.0,244.0,559.0,109.0,12.0,26.0,65.0,259.0,561.0,108.0,17.0,18.0,111.0,331.0,432.0,122.0,15.0,25.0,81.0,275.0,522.0,113.0,22.0,38.0,130.0,392.0,341.0,108.0,64.0,138.0,258.0,266.0,198.0,107.0,24.0,40.0,109.0,277.0,535.0,46.0,46.0,71.0,197.0,373.0,295.0,49.0,4.241608047485352,4.1083467483520515,4.377634048461914,4.461267471313477,4.1835479736328125,4.325797462463379,4.006579589843749,3.3671806335449217,4.1543842315673825,3.511066818237305
_,_,_,_,"Roychowdhury, Lipika",7760.0,3187.0,93.0,128.0,483.0,1226.0,730.0,527.0,105.0,174.0,601.0,1106.0,662.0,539.0,189.0,316.0,760.0,899.0,489.0,534.0,90.0,142.0,628.0,1129.0,665.0,533.0,100.0,121.0,693.0,1005.0,571.0,697.0,160.0,288.0,766.0,937.0,497.0,539.0,272.0,408.0,720.0,990.0,397.0,400.0,441.0,585.0,781.0,650.0,331.0,399.0,256.0,361.0,719.0,1021.0,531.0,299.0,697.0,560.0,847.0,647.0,260.0,176.0,3.934413511606806,3.9929660971589254,3.9000059310764,4.05753614783036,4.267142498492814,4.009176644655224,3.7094119641056946,3.1833382118025777,4.048773704018254,2.9894752153321402
_,_,_,_,"Pramanik, Sanhita",2653.0,1152.0,30.0,74.0,176.0,375.0,237.0,260.0,43.0,105.0,201.0,349.0,202.0,252.0,56.0,117.0,291.0,266.0,161.0,261.0,48.0,98.0,244.0,321.0,180.0,261.0,23.0,30.0,210.0,359.0,227.0,303.0,53.0,105.0,271.0,298.0,163.0,262.0,88.0,138.0,246.0,375.0,171.0,134.0,130.0,222.0,268.0,265.0,128.0,139.0,92.0,148.0,244.0,314.0,172.0,182.0,235.0,226.0,266.0,264.0,106.0,55.0,3.879392324080256,3.8001065575126507,3.7915170352368035,3.691847471509666,3.888416480629436,3.6313252888551286,3.480028846768071,3.201272427830579,3.3992291335590474,2.630598330769574
_,_,_,_,"Hove, Emmanuel",6691.0,3153.0,352.0,527.0,668.0,806.0,382.0,418.0,503.0,625.0,676.0,622.0,303.0,424.0,384.0,394.0,591.0,754.0,604.0,426.0,368.0,471.0,705.0,746.0,442.0,421.0,208.0,273.0,830.0,872.0,421.0,549.0,561.0,593.0,712.0,535.0,324.0,428.0,382.0,562.0,731.0,807.0,252.0,419.0,492.0,642.0,755.0,594.0,256.0,414.0,1024.0,590.0,588.0,465.0,279.0,207.0,851.0,668.0,795.0,496.0,147.0,196.0,4.007438882304818,3.8433141345412474,4.004239825484978,3.961320403210409,4.028678163127225,3.885574141179004,3.4495813282636147,3.008691928729195,3.4363774884575573,2.8704570744689866
_,_,_,_,"Khurana, Vandana",1473.0,616.0,6.0,10.0,46.0,202.0,210.0,142.0,5.0,17.0,54.0,194.0,203.0,143.0,10.0,28.0,120.0,168.0,142.0,148.0,5.0,12.0,75.0,191.0,188.0,145.0,3.0,9.0,73.0,182.0,182.0,167.0,9.0,21.0,103.0,181.0,155.0,147.0,33.0,58.0,100.0,230.0,124.0,71.0,57.0,104.0,134.0,145.0,105.0,71.0,19.0,31.0,86.0,204.0,174.0,102.0,95.0,83.0,153.0,165.0,83.0,37.0,4.438979286514223,4.444897930882871,4.214315590262413,4.376481449138373,4.389907631557435,4.322751766256989,4.107538841851056,3.3787615553475914,4.123534087557346,3.6450752596370877
_,_,_,_,"Abeywickrama, Chandima",1772.0,749.0,45.0,67.0,146.0,217.0,110.0,164.0,88.0,105.0,164.0,152.0,81.0,159.0,63.0,87.0,201.0,151.0,84.0,163.0,69.0,73.0,180.0,183.0,84.0,160.0,29.0,23.0,153.0,217.0,110.0,217.0,62.0,68.0,185.0,180.0,83.0,171.0,76.0,76.0,142.0,250.0,136.0,69.0,81.0,119.0,193.0,179.0,106.0,71.0,101.0,83.0,176.0,170.0,85.0,134.0,172.0,108.0,174.0,183.0,79.0,33.0,4.052788195551694,3.422634423034287,3.3553136801292567,3.2044897667999974,4.153546130582799,3.8170303271199373,3.24938112947857,3.1870318876901367,3.006435400888222,2.5076816633521957
_,_,_,_,"Braunstein, Erik",195.0,88.0,1.0,8.0,11.0,41.0,25.0,2.0,0.0,4.0,13.0,35.0,32.0,4.0,5.0,14.0,19.0,29.0,18.0,3.0,2.0,6.0,13.0,36.0,29.0,2.0,1.0,3.0,16.0,37.0,28.0,3.0,3.0,13.0,23.0,28.0,19.0,2.0,4.0,12.0,26.0,32.0,13.0,1.0,11.0,15.0,25.0,26.0,10.0,1.0,5.0,9.0,23.0,30.0,18.0,3.0,9.0,14.0,29.0,29.0,6.0,1.0,4.15,4.199999999999999,3.75,4.2,3.8499999999999996,3.65,3.65,3.65,3.7,3.5
_,_,_,_,"Vargas, Charlie",48.0,22.0,0.0,0.0,2.0,12.0,5.0,3.0,0.0,0.0,1.0,12.0,6.0,3.0,0.0,0.0,3.0,12.0,4.0,3.0,0.0,0.0,1.0,12.0,6.0,3.0,0.0,0.0,1.0,12.0,5.0,4.0,0.0,0.0,3.0,11.0,4.0,4.0,3.0,1.0,6.0,10.0,1.0,1.0,5.0,0.0,6.0,8.0,2.0,1.0,0.0,0.0,1.0,11.0,6.0,4.0,4.0,2.0,7.0,8.0,0.0,1.0,4.2,4.3,4.1,4.3,4.2,4.1,3.2,3.1,4.3,2.9
_,_,_,_,"Sangari, Harpal",294.0,123.0,2.0,1.0,9.0,40.0,64.0,7.0,2.0,2.0,10.0,39.0,63.0,7.0,3.0,2.0,24.0,33.0,53.0,8.0,3.0,2.0,9.0,40.0,62.0,7.0,2.0,2.0,14.0,30.0,56.0,19.0,4.0,2.0,13.0,39.0,58.0,7.0,13.0,12.0,36.0,35.0,27.0,0.0,15.0,15.0,30.0,37.0,25.0,1.0,3.0,2.0,16.0,34.0,59.0,9.0,28.0,17.0,34.0,24.0,18.0,2.0,4.43125,4.45,4.168749999999999,4.41875,4.25,4.293749999999999,3.25625,3.3000000000000003,4.293749999999999,2.65
_,_,_,_,"Guerra, Francesca",1440.0,716.0,22.0,61.0,144.0,287.0,137.0,65.0,25.0,70.0,160.0,240.0,151.0,70.0,36.0,71.0,165.0,229.0,148.0,67.0,17.0,23.0,113.0,287.0,206.0,70.0,20.0,29.0,168.0,258.0,146.0,95.0,53.0,82.0,173.0,221.0,118.0,69.0,44.0,56.0,153.0,264.0,136.0,63.0,60.0,90.0,176.0,194.0,126.0,70.0,79.0,112.0,184.0,208.0,102.0,31.0,125.0,119.0,180.0,179.0,83.0,30.0,3.83984375,3.85859375,3.66953125,4.065625,3.81796875,3.6515625,3.628125,3.2093749999999996,3.41953125,2.9781250000000004
_,_,_,_,"Sahni, Seema",1918.0,1003.0,11.0,26.0,67.0,283.0,418.0,198.0,19.0,29.0,75.0,283.0,399.0,198.0,20.0,36.0,140.0,262.0,347.0,198.0,14.0,23.0,85.0,264.0,416.0,201.0,17.0,16.0,117.0,232.0,342.0,279.0,23.0,31.0,109.0,278.0,358.0,204.0,39.0,73.0,151.0,321.0,262.0,157.0,76.0,127.0,201.0,238.0,204.0,157.0,39.0,47.0,116.0,284.0,416.0,101.0,151.0,119.0,218.0,262.0,185.0,68.0,4.417725438997149,4.3869563221931465,4.268956244736909,4.3529580645263195,4.115128147974611,4.325460091978311,3.333244539797306,2.688200494274497,4.18443172648549,2.716492251679301
_,_,_,_,"Dey, Gangotri",478.0,260.0,4.0,3.0,31.0,93.0,108.0,21.0,3.0,17.0,38.0,93.0,87.0,22.0,6.0,15.0,65.0,74.0,79.0,21.0,5.0,9.0,38.0,100.0,88.0,20.0,4.0,3.0,26.0,83.0,96.0,48.0,6.0,12.0,51.0,90.0,79.0,22.0,14.0,25.0,48.0,108.0,58.0,7.0,24.0,30.0,58.0,81.0,60.0,7.0,5.0,18.0,51.0,85.0,79.0,22.0,41.0,29.0,59.0,79.0,46.0,6.0,4.3119140625,4.010058593749999,3.98828125,4.09833984375,4.155468750000001,3.84609375,3.4364257812499996,3.27431640625,3.7906250000000004,2.9197265624999997
_,_,_,_,"Orbe, Paul",127.0,78.0,0.0,0.0,1.0,25.0,43.0,9.0,0.0,3.0,1.0,19.0,46.0,9.0,0.0,0.0,4.0,20.0,45.0,9.0,0.0,0.0,1.0,13.0,55.0,9.0,0.0,0.0,5.0,20.0,39.0,14.0,0.0,0.0,2.0,28.0,39.0,9.0,4.0,3.0,20.0,27.0,24.0,0.0,5.0,5.0,15.0,33.0,20.0,0.0,0.0,0.0,6.0,22.0,41.0,9.0,8.0,7.0,21.0,27.0,15.0,0.0,4.68125,4.6875,4.675,4.85,4.46875,4.64375,3.59375,3.53125,4.643750000000001,3.3125
_,_,_,_,"Langowski, Bryan",3082.0,1427.0,12.0,10.0,42.0,299.0,951.0,113.0,15.0,24.0,74.0,353.0,842.0,119.0,14.0,30.0,141.0,371.0,753.0,118.0,18.0,25.0,92.0,396.0,783.0,113.0,23.0,40.0,176.0,371.0,622.0,195.0,20.0,33.0,148.0,390.0,717.0,119.0,47.0,63.0,200.0,539.0,466.0,112.0,110.0,179.0,303.0,425.0,300.0,110.0,15.0,41.0,92.0,346.0,870.0,63.0,163.0,135.0,280.0,468.0,315.0,66.0,4.659719848632812,4.5140533447265625,4.423567199707032,4.432772827148438,4.1488037109375,4.351043701171875,4.0961868286132805,3.608967590332031,4.435032653808594,3.60780029296875
_,_,_,_,"Kornienko, Anna",1805.0,826.0,28.0,45.0,135.0,306.0,229.0,83.0,41.0,74.0,161.0,274.0,194.0,82.0,56.0,96.0,179.0,229.0,184.0,82.0,32.0,58.0,131.0,291.0,232.0,82.0,20.0,27.0,153.0,263.0,234.0,129.0,54.0,97.0,193.0,223.0,170.0,89.0,40.0,47.0,144.0,319.0,215.0,61.0,50.0,90.0,184.0,245.0,198.0,59.0,98.0,99.0,162.0,236.0,175.0,56.0,112.0,83.0,191.0,245.0,157.0,38.0,4.025583270937204,3.6239674881100656,3.985981176048517,3.933842162787914,3.9417098440229896,3.545804911851883,3.947171332687139,3.5965359352529047,3.4905219830572607,3.3725543469190598
_,_,_,_,"Porcja, Robert",617.0,273.0,1.0,0.0,20.0,76.0,140.0,36.0,1.0,0.0,17.0,64.0,153.0,38.0,1.0,3.0,25.0,74.0,135.0,35.0,1.0,1.0,14.0,76.0,146.0,35.0,2.0,0.0,25.0,74.0,128.0,44.0,1.0,3.0,28.0,74.0,128.0,39.0,5.0,16.0,44.0,100.0,80.0,28.0,11.0,38.0,61.0,72.0,63.0,28.0,1.0,4.0,27.0,67.0,150.0,24.0,26.0,20.0,57.0,79.0,76.0,15.0,4.418914794921875,4.529840087890625,4.355462646484375,4.44940185546875,4.346044921875,4.32103271484375,3.9413696289062496,3.499835205078125,4.398699951171874,3.4917724609375
_,_,_,_,"Drwiega, Thomas",602.0,239.0,2.0,0.0,14.0,65.0,120.0,38.0,2.0,0.0,17.0,55.0,127.0,38.0,2.0,1.0,36.0,71.0,91.0,38.0,2.0,0.0,15.0,61.0,122.0,39.0,2.0,0.0,23.0,52.0,108.0,54.0,2.0,3.0,29.0,63.0,104.0,38.0,14.0,15.0,54.0,88.0,53.0,15.0,22.0,37.0,58.0,66.0,41.0,15.0,2.0,5.0,16.0,67.0,118.0,31.0,38.0,35.0,45.0,79.0,33.0,9.0,4.435049438476563,4.458494567871094,4.03232421875,4.33775634765625,4.339872741699219,4.142575073242187,3.66015625,3.2821807861328125,4.330226135253906,3.343304443359375
_,_,_,_,"Kimmel, Paul",1891.0,888.0,51.0,93.0,160.0,317.0,227.0,40.0,76.0,113.0,224.0,270.0,165.0,40.0,79.0,129.0,207.0,254.0,180.0,39.0,78.0,96.0,222.0,288.0,165.0,39.0,42.0,65.0,216.0,310.0,191.0,64.0,112.0,166.0,216.0,219.0,131.0,44.0,50.0,77.0,189.0,364.0,179.0,29.0,68.0,119.0,221.0,284.0,168.0,28.0,154.0,128.0,229.0,221.0,125.0,31.0,131.0,138.0,232.0,271.0,97.0,19.0,3.6511627197265626,3.5515472412109377,3.4513214111328123,3.657470703125,3.604592895507812,3.227041625976563,3.7216949462890625,3.253366088867187,3.16204833984375,3.137350463867188
_,_,_,_,"Hijazi, Hussein",1191.0,801.0,14.0,32.0,98.0,262.0,307.0,88.0,31.0,50.0,105.0,237.0,285.0,93.0,30.0,36.0,125.0,222.0,298.0,90.0,21.0,38.0,104.0,211.0,333.0,94.0,10.0,9.0,92.0,212.0,343.0,135.0,25.0,48.0,122.0,225.0,290.0,91.0,47.0,72.0,150.0,312.0,175.0,45.0,84.0,112.0,205.0,211.0,140.0,49.0,42.0,43.0,128.0,230.0,280.0,78.0,145.0,103.0,204.0,214.0,101.0,34.0,4.064649772644042,3.917089653015137,3.9206979751586912,3.9965391159057617,4.254756736755372,3.8531761169433594,3.889572525024414,3.3343492507934567,3.7352685928344727,3.366191864013672
_,_,_,_,"Fadeeva, Tatiana",2211.0,970.0,37.0,85.0,175.0,327.0,195.0,151.0,28.0,79.0,210.0,302.0,193.0,158.0,48.0,88.0,203.0,268.0,209.0,154.0,26.0,42.0,186.0,311.0,248.0,157.0,30.0,45.0,210.0,299.0,199.0,187.0,62.0,111.0,205.0,258.0,175.0,159.0,56.0,92.0,192.0,355.0,179.0,96.0,86.0,159.0,221.0,256.0,146.0,102.0,101.0,110.0,198.0,254.0,201.0,106.0,168.0,154.0,238.0,232.0,133.0,45.0,3.7390625,3.7494140624999996,3.6400390625,3.827734375,3.8115234375,3.5302734375,3.698046875,3.268359375,3.469140625,3.225390625
_,_,_,_,"Manjikian, Raffi",143.0,113.0,2.0,2.0,3.0,8.0,98.0,0.0,1.0,0.0,3.0,5.0,100.0,4.0,2.0,1.0,2.0,13.0,95.0,0.0,1.0,1.0,0.0,6.0,104.0,1.0,0.0,2.0,1.0,5.0,91.0,14.0,1.0,3.0,1.0,6.0,98.0,4.0,3.0,12.0,20.0,57.0,20.0,1.0,16.0,24.0,30.0,34.0,9.0,0.0,2.0,3.0,0.0,6.0,99.0,3.0,31.0,25.0,24.0,20.0,12.0,1.0,4.725,4.824999999999999,4.75,4.875,4.9,4.775,3.7249999999999996,2.925,4.775,2.55
_,_,_,_,"York, Darrin",108.0,58.0,0.0,2.0,1.0,17.0,32.0,6.0,1.0,1.0,6.0,16.0,27.0,7.0,1.0,1.0,7.0,17.0,26.0,6.0,0.0,0.0,3.0,18.0,31.0,6.0,0.0,2.0,3.0,21.0,24.0,8.0,0.0,0.0,4.0,23.0,24.0,7.0,0.0,0.0,4.0,28.0,24.0,2.0,0.0,2.0,14.0,19.0,21.0,2.0,0.0,1.0,3.0,25.0,23.0,6.0,0.0,2.0,10.0,23.0,21.0,2.0,4.375,4.050000000000001,4.175,4.5,4.550000000000001,4.6,4.475,4.225,4.324999999999999,4.3
_,_,_,_,"Sethi, Kiranjot",5578.0,2164.0,66.0,154.0,291.0,743.0,747.0,163.0,66.0,138.0,327.0,716.0,742.0,175.0,111.0,170.0,392.0,634.0,685.0,172.0,71.0,97.0,263.0,668.0,891.0,174.0,69.0,128.0,390.0,649.0,604.0,324.0,113.0,199.0,349.0,649.0,670.0,184.0,130.0,188.0,350.0,752.0,588.0,156.0,328.0,337.0,525.0,530.0,291.0,153.0,169.0,171.0,356.0,676.0,687.0,105.0,377.0,330.0,511.0,563.0,306.0,77.0,4.1836119321356815,4.226546343161317,4.107544871100254,4.418247085908661,4.231395776251157,4.060404821750126,4.181713920016772,3.3909484422110836,4.137788049290975,3.810941563807865
_,_,_,_,"Shankar, Nirmala",80.0,36.0,0.0,0.0,1.0,10.0,25.0,0.0,0.0,0.0,3.0,14.0,19.0,0.0,0.0,0.0,4.0,10.0,22.0,0.0,0.0,0.0,2.0,9.0,25.0,0.0,0.0,0.0,2.0,9.0,25.0,0.0,0.0,0.0,6.0,7.0,23.0,0.0,0.0,0.0,5.0,15.0,16.0,0.0,1.0,6.0,6.0,13.0,10.0,0.0,0.0,1.0,3.0,11.0,21.0,0.0,0.0,2.0,4.0,15.0,15.0,0.0,4.7,4.4,4.5,4.6,4.6,4.5,4.3,3.7,4.4,4.2
_,_,_,_,"Vitarelli, Michael",7912.0,3202.0,22.0,19.0,347.0,706.0,896.0,1212.0,24.0,28.0,455.0,592.0,775.0,1328.0,29.0,43.0,450.0,652.0,810.0,1218.0,25.0,24.0,413.0,633.0,826.0,1281.0,23.0,25.0,409.0,608.0,814.0,1323.0,24.0,44.0,434.0,673.0,781.0,1246.0,36.0,123.0,467.0,1345.0,948.0,283.0,120.0,335.0,784.0,952.0,726.0,285.0,38.0,55.0,377.0,716.0,956.0,1060.0,34.0,99.0,363.0,1377.0,1224.0,105.0,4.372068819714281,4.300008966933007,4.280567356903537,4.408645313920824,4.432695748943777,4.383629460465631,4.243940586933103,3.9720450583347113,4.423217381839091,4.371885400848116
_,_,_,_,"Patel, Shivani",66.0,30.0,0.0,0.0,1.0,12.0,17.0,0.0,0.0,1.0,0.0,11.0,18.0,0.0,0.0,1.0,11.0,6.0,12.0,0.0,0.0,0.0,4.0,10.0,16.0,0.0,0.0,1.0,1.0,11.0,17.0,0.0,0.0,1.0,6.0,10.0,13.0,0.0,0.0,1.0,5.0,17.0,7.0,0.0,0.0,4.0,12.0,8.0,5.0,1.0,0.0,1.0,4.0,10.0,15.0,0.0,0.0,1.0,5.0,17.0,7.0,0.0,4.4,4.3999999999999995,3.95,4.325,4.475,4.1,3.8499999999999996,3.325,4.225,3.9
_,_,_,_,"Williams, Milton",178.0,70.0,0.0,0.0,1.0,21.0,48.0,0.0,0.0,0.0,3.0,20.0,47.0,0.0,0.0,1.0,6.0,24.0,38.0,1.0,0.0,0.0,5.0,21.0,43.0,1.0,0.0,0.0,3.0,30.0,37.0,0.0,0.0,0.0,6.0,26.0,38.0,0.0,0.0,1.0,11.0,36.0,21.0,1.0,1.0,11.0,17.0,25.0,15.0,1.0,0.0,0.0,2.0,28.0,39.0,1.0,0.0,0.0,14.0,32.0,23.0,1.0,4.6015625,4.77421875,4.45234375,4.646875,4.43984375,4.4046875000000005,4.0890625,3.52734375,4.5984375,3.996875
_,_,_,_,"Patra, Leena",23.0,4.0,0.0,0.0,1.0,0.0,3.0,0.0,0.0,0.0,1.0,1.0,2.0,0.0,0.0,0.0,2.0,1.0,1.0,0.0,0.0,0.0,0.0,2.0,2.0,0.0,0.0,0.0,1.0,2.0,1.0,0.0,0.0,0.0,1.0,2.0,1.0,0.0,0.0,0.0,1.0,1.0,2.0,0.0,0.0,0.0,0.0,2.0,2.0,0.0,0.0,0.0,1.0,1.0,2.0,0.0,0.0,0.0,1.0,1.0,2.0,0.0,4.5,4.3,3.8,4.5,4.0,4.0,4.3,4.5,4.3,4.3
_,_,_,_,"Meshkati, Aria",69.0,28.0,0.0,0.0,0.0,0.0,28.0,0.0,0.0,0.0,0.0,0.0,28.0,0.0,0.0,0.0,0.0,4.0,24.0,0.0,0.0,0.0,0.0,0.0,28.0,0.0,0.0,0.0,0.0,3.0,24.0,1.0,0.0,0.0,0.0,4.0,24.0,0.0,0.0,0.0,2.0,16.0,10.0,0.0,1.0,2.0,8.0,13.0,4.0,0.0,0.0,0.0,0.0,1.0,27.0,0.0,0.0,0.0,0.0,16.0,12.0,0.0,5.0,5.0,4.925,5.0,4.825,4.9,4.3,3.7249999999999996,4.975,4.525
_,_,_,_,"Chen, Tracy",485.0,180.0,0.0,2.0,2.0,44.0,109.0,23.0,1.0,4.0,6.0,46.0,99.0,24.0,3.0,2.0,21.0,53.0,77.0,24.0,3.0,4.0,13.0,51.0,86.0,23.0,4.0,5.0,21.0,60.0,66.0,24.0,0.0,3.0,19.0,58.0,77.0,23.0,1.0,9.0,29.0,78.0,40.0,23.0,4.0,21.0,42.0,48.0,41.0,24.0,0.0,7.0,16.0,53.0,94.0,10.0,1.0,8.0,20.0,81.0,60.0,10.0,4.297737503051758,4.244382429122925,3.7976475715637203,4.0323573589324955,3.866465377807617,4.274014139175415,3.4496929168701174,3.4933865070343018,3.9086001396179197,3.7792615413665773
_,_,_,_,"Allen, Rachel",41.0,18.0,0.0,0.0,0.0,7.0,11.0,0.0,0.0,0.0,0.0,5.0,13.0,0.0,0.0,0.0,2.0,5.0,11.0,0.0,0.0,0.0,0.0,4.0,14.0,0.0,0.0,0.0,2.0,9.0,7.0,0.0,0.0,0.0,1.0,5.0,12.0,0.0,0.0,2.0,2.0,7.0,7.0,0.0,0.0,3.0,2.0,6.0,7.0,0.0,0.0,0.0,0.0,4.0,14.0,0.0,0.0,2.0,4.0,5.0,7.0,0.0,4.6,4.75,4.5,4.800000000000001,4.25,4.65,4.05,3.95,4.800000000000001,3.9499999999999997
_,_,_,_,"Inamdar, Neelay",38.0,33.0,0.0,0.0,0.0,2.0,31.0,0.0,0.0,0.0,0.0,3.0,30.0,0.0,0.0,0.0,0.0,3.0,30.0,0.0,0.0,0.0,0.0,2.0,31.0,0.0,0.0,0.0,0.0,2.0,31.0,0.0,0.0,0.0,0.0,1.0,31.0,1.0,0.0,0.0,2.0,17.0,14.0,0.0,0.0,4.0,6.0,15.0,8.0,0.0,0.0,0.0,0.0,2.0,31.0,0.0,0.0,0.0,1.0,20.0,11.0,1.0,4.95,4.9,4.9,4.95,4.95,4.95,4.35,3.75,4.95,4.3
_,_,_,_,"Patel, Riddhi",45.0,14.0,0.0,1.0,1.0,4.0,8.0,0.0,0.0,0.0,2.0,3.0,9.0,0.0,0.0,0.0,5.0,2.0,7.0,0.0,0.0,0.0,3.0,4.0,7.0,0.0,0.0,0.0,2.0,5.0,7.0,0.0,0.0,0.0,3.0,5.0,6.0,0.0,0.0,1.0,2.0,9.0,2.0,0.0,1.0,2.0,4.0,6.0,1.0,0.0,0.0,0.0,2.0,6.0,6.0,0.0,0.0,0.0,2.0,9.0,3.0,0.0,4.35,4.5,4.15,4.3,4.35,4.2,3.9,3.3,4.3,4.05
_,_,_,_,"Pecoraro, Matthew",36.0,16.0,0.0,0.0,0.0,1.0,15.0,0.0,0.0,0.0,0.0,1.0,15.0,0.0,0.0,0.0,1.0,2.0,13.0,0.0,0.0,0.0,0.0,3.0,13.0,0.0,0.0,1.0,1.0,5.0,9.0,0.0,0.0,0.0,0.0,4.0,12.0,0.0,1.0,0.0,4.0,7.0,4.0,0.0,1.0,4.0,3.0,2.0,6.0,0.0,0.0,0.0,0.0,2.0,14.0,0.0,0.0,1.0,3.0,7.0,5.0,0.0,4.95,4.95,4.75,4.8,4.45,4.75,3.9000000000000004,3.55,4.85,4.0
_,_,_,_,"Sadeghipour, Mitra",235.0,189.0,6.0,22.0,35.0,68.0,55.0,3.0,11.0,17.0,32.0,77.0,48.0,4.0,12.0,20.0,57.0,60.0,35.0,5.0,6.0,8.0,29.0,85.0,58.0,3.0,1.0,5.0,45.0,61.0,48.0,29.0,14.0,20.0,47.0,65.0,40.0,3.0,8.0,15.0,49.0,67.0,47.0,3.0,32.0,45.0,53.0,36.0,19.0,4.0,18.0,12.0,50.0,71.0,35.0,3.0,35.0,38.0,62.0,38.0,14.0,2.0,3.775,3.7,3.4,3.9749999999999996,3.9749999999999996,3.55,3.675,2.8249999999999997,3.45,2.8
_,_,_,_,"Roth, Heinz",2746.0,918.0,88.0,127.0,194.0,278.0,155.0,76.0,145.0,148.0,225.0,228.0,95.0,77.0,154.0,136.0,181.0,210.0,161.0,76.0,107.0,99.0,212.0,271.0,154.0,75.0,73.0,55.0,233.0,219.0,105.0,233.0,183.0,174.0,195.0,184.0,101.0,81.0,90.0,108.0,176.0,273.0,220.0,51.0,142.0,163.0,246.0,206.0,110.0,51.0,264.0,148.0,196.0,152.0,102.0,56.0,231.0,180.0,178.0,190.0,114.0,25.0,3.967649841308594,3.6997634887695314,3.8341827392578125,3.8852294921875,3.822023010253906,3.7039474487304687,4.124348449707031,3.477304077148437,3.315046691894531,3.697712707519531
_,_,_,_,"Ghosal, Anima",222.0,102.0,2.0,7.0,16.0,39.0,28.0,10.0,3.0,10.0,21.0,35.0,24.0,9.0,7.0,14.0,21.0,33.0,18.0,9.0,2.0,5.0,14.0,39.0,33.0,9.0,1.0,1.0,16.0,23.0,21.0,40.0,4.0,20.0,12.0,32.0,22.0,12.0,8.0,11.0,26.0,34.0,22.0,1.0,16.0,18.0,26.0,21.0,19.0,2.0,8.0,13.0,18.0,35.0,19.0,9.0,19.0,19.0,26.0,25.0,12.0,1.0,3.5375,3.525,3.3375000000000004,3.7625,3.925,3.4875,3.2625,3.0,3.325,2.6375
_,_,_,_,"Kukrek, Ahmet",45.0,7.0,0.0,0.0,0.0,2.0,4.0,1.0,0.0,0.0,0.0,2.0,4.0,1.0,0.0,0.0,0.0,4.0,2.0,1.0,0.0,0.0,0.0,3.0,3.0,1.0,0.0,0.0,0.0,1.0,4.0,2.0,0.0,0.0,0.0,3.0,3.0,1.0,0.0,1.0,0.0,3.0,2.0,1.0,0.0,0.0,3.0,3.0,1.0,0.0,0.0,0.0,0.0,3.0,3.0,1.0,2.0,0.0,2.0,2.0,0.0,1.0,4.7,4.7,4.3,4.5,4.8,4.5,4.0,3.7,4.5,2.7
_,_,_,_,"Warmuth, Ralf",219.0,101.0,0.0,5.0,7.0,32.0,53.0,4.0,0.0,2.0,10.0,26.0,58.0,5.0,3.0,6.0,10.0,27.0,49.0,6.0,0.0,3.0,5.0,28.0,60.0,5.0,2.0,3.0,14.0,25.0,49.0,8.0,3.0,7.0,12.0,33.0,42.0,4.0,2.0,6.0,13.0,38.0,36.0,6.0,6.0,6.0,22.0,32.0,30.0,5.0,5.0,4.0,13.0,26.0,50.0,3.0,8.0,10.0,26.0,27.0,27.0,3.0,4.03515625,4.172656249999999,3.7093749999999996,4.30078125,3.82578125,3.784375,3.64765625,4.290625,3.73515625,3.79375
_,_,_,_,"Zhang, Hongmei",1804.0,595.0,58.0,77.0,129.0,190.0,71.0,70.0,68.0,73.0,151.0,163.0,66.0,74.0,65.0,97.0,143.0,142.0,73.0,75.0,32.0,28.0,109.0,226.0,126.0,74.0,38.0,45.0,149.0,168.0,77.0,118.0,76.0,94.0,154.0,141.0,55.0,75.0,62.0,78.0,114.0,186.0,87.0,68.0,101.0,100.0,131.0,136.0,61.0,66.0,133.0,96.0,162.0,122.0,53.0,29.0,190.0,114.0,144.0,87.0,30.0,30.0,3.54453125,3.52421875,3.2796874999999996,3.91015625,3.6546874999999996,3.30234375,3.3796875,2.86015625,3.04765625,2.65859375
_,_,_,_,"O'Connor, Patrick",272.0,75.0,0.0,3.0,6.0,22.0,44.0,0.0,2.0,3.0,6.0,19.0,45.0,0.0,0.0,4.0,5.0,21.0,45.0,0.0,0.0,3.0,4.0,17.0,50.0,1.0,1.0,4.0,13.0,21.0,36.0,0.0,1.0,5.0,6.0,20.0,42.0,1.0,2.0,6.0,4.0,21.0,41.0,1.0,9.0,13.0,13.0,26.0,13.0,1.0,2.0,5.0,5.0,17.0,46.0,0.0,7.0,5.0,7.0,21.0,34.0,1.0,4.7,4.65,4.7,4.75,4.55,4.65,4.6,4.1,4.65,4.45
_,_,_,_,"Altinis, Christine",1157.0,652.0,6.0,32.0,63.0,214.0,268.0,69.0,12.0,20.0,79.0,215.0,255.0,71.0,10.0,17.0,85.0,189.0,281.0,70.0,8.0,13.0,55.0,187.0,317.0,72.0,6.0,25.0,105.0,201.0,243.0,72.0,12.0,32.0,89.0,185.0,262.0,72.0,9.0,29.0,78.0,212.0,249.0,75.0,49.0,95.0,149.0,153.0,130.0,76.0,27.0,41.0,98.0,205.0,256.0,25.0,22.0,48.0,121.0,215.0,215.0,31.0,4.5294189453125,4.603271484375,4.5914794921875,4.65908203125,4.506420898437501,4.5314697265625,4.573681640625001,3.5373291015625004,4.4346435546875,4.2714111328125
_,_,_,_,"Taylor, John",163.0,42.0,0.0,0.0,1.0,11.0,29.0,1.0,0.0,0.0,2.0,10.0,29.0,1.0,0.0,0.0,5.0,11.0,25.0,1.0,0.0,0.0,2.0,12.0,27.0,1.0,0.0,3.0,9.0,11.0,18.0,1.0,0.0,1.0,1.0,12.0,26.0,2.0,0.0,3.0,4.0,15.0,18.0,2.0,3.0,3.0,9.0,12.0,12.0,3.0,0.0,1.0,1.0,14.0,25.0,1.0,1.0,3.0,10.0,15.0,11.0,2.0,4.5875,4.675,4.525,4.7875,4.4,4.85,4.8375,4.5375,4.7375,4.6125
_,_,_,_,"Williams, Lawrence",479.0,214.0,4.0,12.0,9.0,78.0,109.0,2.0,1.0,10.0,7.0,62.0,131.0,3.0,0.0,7.0,26.0,56.0,121.0,4.0,0.0,1.0,8.0,51.0,152.0,2.0,0.0,3.0,12.0,68.0,126.0,5.0,3.0,11.0,12.0,61.0,124.0,3.0,0.0,2.0,8.0,60.0,138.0,6.0,12.0,23.0,51.0,60.0,64.0,4.0,1.0,13.0,19.0,64.0,113.0,4.0,2.0,15.0,19.0,71.0,102.0,5.0,4.60859375,4.655859375,4.56796875,4.765234375,4.675390625,4.6046875,4.65234375,4.034765625,4.54609375,4.476953125
_,_,_,_,"Hinch, Barbara",193.0,87.0,10.0,12.0,18.0,34.0,9.0,4.0,9.0,12.0,27.0,24.0,12.0,3.0,20.0,17.0,16.0,24.0,7.0,3.0,9.0,8.0,25.0,29.0,13.0,3.0,3.0,3.0,26.0,31.0,20.0,4.0,19.0,18.0,19.0,20.0,7.0,4.0,4.0,15.0,13.0,32.0,18.0,5.0,6.0,8.0,25.0,27.0,14.0,7.0,23.0,16.0,19.0,19.0,9.0,1.0,19.0,12.0,20.0,18.0,14.0,4.0,3.4749999999999996,3.35625,3.09375,3.525,3.8,3.03125,3.85625,3.6875,3.125,3.5375
_,_,_,_,"Hall, Gene",289.0,103.0,6.0,4.0,17.0,35.0,37.0,4.0,9.0,8.0,14.0,32.0,36.0,4.0,9.0,2.0,14.0,31.0,43.0,4.0,6.0,4.0,11.0,34.0,43.0,5.0,13.0,9.0,15.0,27.0,30.0,9.0,12.0,4.0,15.0,28.0,38.0,6.0,5.0,3.0,20.0,39.0,29.0,7.0,4.0,5.0,21.0,33.0,34.0,6.0,15.0,4.0,19.0,27.0,34.0,4.0,14.0,7.0,15.0,31.0,31.0,5.0,4.82919921875,4.80628662109375,4.889324951171875,4.92503662109375,4.84954833984375,4.864984130859375,4.255743408203125,4.220037841796875,4.784332275390625,4.7861572265625
_,_,_,_,"Shin, Yeunggyo",21.0,9.0,3.0,2.0,1.0,1.0,2.0,0.0,1.0,2.0,1.0,2.0,3.0,0.0,2.0,0.0,3.0,2.0,2.0,0.0,2.0,0.0,2.0,0.0,5.0,0.0,2.0,0.0,2.0,0.0,5.0,0.0,4.0,2.0,0.0,2.0,1.0,0.0,2.0,1.0,1.0,5.0,0.0,0.0,0.0,2.0,2.0,3.0,2.0,0.0,2.0,2.0,1.0,2.0,2.0,0.0,3.0,2.0,1.0,1.0,2.0,0.0,2.7,3.4,3.2,3.7,3.7,2.3,3.0,3.6,3.0,2.7
_,_,_,_,"Emenike, Mary",314.0,176.0,0.0,0.0,2.0,35.0,117.0,22.0,1.0,0.0,4.0,30.0,117.0,24.0,0.0,0.0,9.0,40.0,105.0,22.0,2.0,0.0,3.0,36.0,112.0,23.0,0.0,1.0,8.0,39.0,97.0,31.0,0.0,2.0,7.0,36.0,108.0,23.0,2.0,8.0,22.0,60.0,65.0,19.0,10.0,28.0,36.0,49.0,33.0,20.0,1.0,1.0,6.0,39.0,118.0,11.0,5.0,15.0,30.0,58.0,59.0,9.0,4.899609375,4.723437499999999,4.769921875,4.723046875,4.81875,4.81484375,4.665234375000001,3.75078125,4.81875,4.56953125
_,_,_,_,"Lee, Jeehiun",166.0,74.0,0.0,2.0,2.0,14.0,54.0,2.0,0.0,0.0,1.0,16.0,55.0,2.0,0.0,0.0,3.0,15.0,53.0,3.0,0.0,0.0,1.0,11.0,58.0,4.0,0.0,0.0,3.0,17.0,47.0,7.0,0.0,0.0,2.0,15.0,55.0,2.0,0.0,2.0,1.0,25.0,45.0,1.0,4.0,3.0,9.0,25.0,31.0,2.0,0.0,0.0,1.0,11.0,61.0,1.0,2.0,2.0,6.0,20.0,44.0,0.0,4.4353515625,4.651171875,4.5498046875,4.7271484375,4.5380859375,4.6017578125,4.366894531250001,3.529296875,4.82509765625,3.81396484375
_,_,_,_,"Shi, Zheng",56.0,37.0,1.0,0.0,1.0,10.0,24.0,1.0,1.0,1.0,2.0,8.0,24.0,1.0,2.0,2.0,1.0,9.0,21.0,2.0,1.0,0.0,1.0,7.0,27.0,1.0,1.0,1.0,3.0,9.0,22.0,1.0,2.0,1.0,3.0,12.0,18.0,1.0,0.0,1.0,4.0,14.0,17.0,1.0,1.0,1.0,7.0,13.0,14.0,1.0,1.0,1.0,4.0,12.0,18.0,1.0,0.0,3.0,3.0,13.0,17.0,1.0,4.45,4.4,4.1,4.55,4.375,3.975,4.3999999999999995,4.175,4.1,4.125
_,_,_,_,"Arnold, Edward",131.0,45.0,0.0,0.0,1.0,10.0,27.0,7.0,0.0,1.0,1.0,7.0,30.0,6.0,0.0,0.0,0.0,12.0,28.0,5.0,1.0,0.0,0.0,9.0,30.0,5.0,0.0,0.0,2.0,7.0,25.0,11.0,0.0,0.0,0.0,11.0,28.0,6.0,0.0,1.0,3.0,17.0,19.0,5.0,1.0,1.0,6.0,14.0,17.0,6.0,0.0,0.0,2.0,9.0,32.0,2.0,0.0,0.0,2.0,15.0,27.0,1.0,4.6453125,4.543749999999999,4.6359375,4.4015625,4.86875,4.60625,4.471875,4.3,4.640625,4.5953125
_,_,_,_,"Halder, Jayati",1591.0,582.0,14.0,39.0,105.0,166.0,118.0,140.0,21.0,46.0,108.0,140.0,125.0,142.0,28.0,58.0,147.0,106.0,96.0,147.0,18.0,23.0,119.0,154.0,125.0,143.0,12.0,14.0,105.0,97.0,128.0,226.0,25.0,48.0,133.0,133.0,98.0,145.0,51.0,63.0,104.0,185.0,109.0,70.0,83.0,86.0,142.0,137.0,66.0,68.0,50.0,52.0,117.0,146.0,108.0,109.0,132.0,83.0,145.0,132.0,63.0,27.0,3.7673836100846527,3.5163879703730343,3.4753075260668993,3.651594617962837,3.526359836012125,3.464635095372796,2.894163677096367,2.5206333842128514,3.526372971385717,2.6646713476628063
_,_,_,_,"Muniz, Marc",548.0,319.0,0.0,4.0,2.0,41.0,242.0,30.0,1.0,0.0,3.0,37.0,247.0,31.0,2.0,1.0,6.0,48.0,231.0,31.0,1.0,0.0,0.0,26.0,262.0,30.0,1.0,2.0,13.0,45.0,216.0,42.0,1.0,0.0,13.0,40.0,234.0,31.0,2.0,1.0,12.0,94.0,186.0,24.0,10.0,17.0,50.0,100.0,119.0,23.0,0.0,2.0,4.0,42.0,259.0,12.0,1.0,6.0,27.0,113.0,164.0,8.0,4.788259887695313,4.85836181640625,4.781472778320312,4.860345458984375,4.782437133789063,4.84427490234375,4.528323364257813,3.8746582031249996,4.7841339111328125,4.339001464843751
_,_,_,_,"Slomko, Danielle",719.0,256.0,2.0,4.0,18.0,71.0,133.0,28.0,8.0,16.0,25.0,64.0,116.0,27.0,5.0,15.0,30.0,76.0,104.0,26.0,12.0,22.0,33.0,53.0,110.0,26.0,2.0,11.0,35.0,72.0,108.0,28.0,5.0,13.0,45.0,65.0,99.0,29.0,3.0,11.0,37.0,100.0,73.0,32.0,11.0,17.0,61.0,74.0,61.0,32.0,10.0,14.0,22.0,75.0,122.0,13.0,3.0,11.0,30.0,114.0,84.0,14.0,4.500629190145991,3.878727378207259,4.141652243747376,3.601490932842717,4.430503685213626,3.8496877529891207,3.988631537347101,3.6957569635938854,4.0081161523005,4.112853609002196
_,_,_,_,"Le, Kim-Phuong",2433.0,832.0,25.0,33.0,89.0,218.0,214.0,253.0,24.0,25.0,96.0,214.0,219.0,254.0,29.0,44.0,131.0,194.0,180.0,254.0,21.0,11.0,67.0,197.0,281.0,255.0,28.0,25.0,110.0,176.0,166.0,327.0,33.0,43.0,117.0,201.0,183.0,255.0,78.0,86.0,149.0,248.0,140.0,131.0,129.0,137.0,183.0,169.0,82.0,132.0,57.0,63.0,110.0,201.0,204.0,197.0,255.0,139.0,184.0,129.0,73.0,52.0,4.04923095703125,3.9776489257812497,3.8155517578125,4.00185546875,3.82713623046875,3.9713623046875,3.7065673828124996,3.1279052734375004,3.911553955078125,3.067138671875
_,_,_,_,"Cullerton, Denise",175.0,76.0,1.0,1.0,8.0,18.0,46.0,2.0,1.0,1.0,7.0,18.0,46.0,3.0,1.0,2.0,14.0,20.0,37.0,2.0,1.0,0.0,7.0,19.0,47.0,2.0,1.0,0.0,10.0,10.0,26.0,29.0,1.0,0.0,12.0,22.0,38.0,3.0,7.0,8.0,24.0,22.0,13.0,2.0,13.0,15.0,17.0,20.0,10.0,1.0,1.0,1.0,12.0,18.0,42.0,2.0,18.0,14.0,23.0,17.0,3.0,1.0,4.425,4.45,4.225,4.5,4.275,4.300000000000001,3.35,2.95,4.324999999999999,2.6500000000000004
_,_,_,_,"Dismukes, Gerard",38.0,16.0,0.0,3.0,3.0,8.0,2.0,0.0,0.0,4.0,7.0,4.0,1.0,0.0,3.0,1.0,5.0,4.0,3.0,0.0,0.0,2.0,6.0,6.0,2.0,0.0,0.0,3.0,3.0,8.0,2.0,0.0,3.0,2.0,6.0,3.0,2.0,0.0,0.0,1.0,5.0,6.0,4.0,0.0,1.0,1.0,2.0,7.0,5.0,0.0,3.0,5.0,2.0,4.0,2.0,0.0,4.0,4.0,2.0,3.0,3.0,0.0,3.7,3.3499999999999996,3.4,3.8,3.9,3.15,4.0,4.05,3.15,3.2
_,_,_,_,"Asefa, Tewodros",46.0,18.0,0.0,0.0,0.0,8.0,10.0,0.0,0.0,0.0,0.0,6.0,12.0,0.0,0.0,0.0,1.0,4.0,13.0,0.0,0.0,0.0,0.0,4.0,14.0,0.0,0.0,0.0,1.0,4.0,13.0,0.0,0.0,0.0,1.0,5.0,12.0,0.0,0.0,0.0,2.0,6.0,10.0,0.0,0.0,0.0,3.0,5.0,10.0,0.0,0.0,0.0,0.0,6.0,12.0,0.0,0.0,0.0,3.0,4.0,11.0,0.0,4.7,4.825,4.775,4.875,4.825,4.75,4.574999999999999,4.425,4.775,4.6
_,_,_,_,"Greenblatt, Martha",207.0,69.0,9.0,15.0,19.0,13.0,6.0,7.0,22.0,11.0,13.0,9.0,5.0,9.0,20.0,12.0,13.0,13.0,5.0,6.0,19.0,14.0,15.0,10.0,4.0,7.0,8.0,9.0,21.0,17.0,6.0,8.0,25.0,13.0,15.0,7.0,3.0,6.0,7.0,11.0,20.0,19.0,5.0,7.0,7.0,6.0,10.0,29.0,10.0,7.0,29.0,12.0,11.0,10.0,5.0,2.0,19.0,12.0,19.0,13.0,4.0,2.0,2.9328125,2.5453125,2.6875,2.65546875,3.25546875,2.3453125,3.48984375,3.77734375,2.51640625,2.5374999999999996
_,_,_,_,"Li, Jing",11.0,9.0,0.0,0.0,1.0,1.0,7.0,0.0,0.0,1.0,0.0,2.0,6.0,0.0,0.0,1.0,1.0,2.0,5.0,0.0,0.0,1.0,0.0,2.0,6.0,0.0,0.0,0.0,0.0,1.0,8.0,0.0,0.0,1.0,1.0,1.0,6.0,0.0,0.0,0.0,0.0,4.0,5.0,0.0,0.0,0.0,0.0,1.0,8.0,0.0,0.0,1.0,1.0,2.0,5.0,0.0,0.0,1.0,0.0,3.0,5.0,0.0,4.8,4.65,4.5,4.65,4.95,4.55,4.7,4.95,4.5,4.55
_,_,_,_,"Waldie, Kate",139.0,89.0,0.0,0.0,0.0,23.0,61.0,5.0,0.0,0.0,2.0,24.0,58.0,5.0,3.0,3.0,13.0,27.0,38.0,5.0,0.0,0.0,2.0,27.0,55.0,5.0,0.0,1.0,6.0,16.0,61.0,5.0,3.0,2.0,7.0,30.0,42.0,5.0,0.0,0.0,4.0,25.0,55.0,5.0,1.0,3.0,13.0,29.0,37.0,6.0,0.0,5.0,8.0,20.0,55.0,1.0,0.0,2.0,6.0,30.0,49.0,2.0,4.7,4.65,4.225,4.65,4.625,4.35,4.612500000000001,4.2875,4.45,4.5
_,_,_,_,"Ebright, Richard",96.0,38.0,0.0,1.0,0.0,4.0,30.0,3.0,0.0,0.0,1.0,3.0,31.0,3.0,0.0,0.0,1.0,7.0,27.0,3.0,0.0,0.0,1.0,4.0,29.0,4.0,0.0,1.0,4.0,3.0,20.0,10.0,0.0,0.0,4.0,12.0,19.0,3.0,0.0,0.0,4.0,7.0,23.0,4.0,1.0,0.0,10.0,10.0,13.0,4.0,0.0,0.0,2.0,10.0,25.0,1.0,0.0,0.0,2.0,9.0,25.0,2.0,4.94375,4.95,4.9125,4.91875,4.80625,4.612500000000001,4.74375,4.1125,4.80625,4.78125
_,_,_,_,"Lipke, Mark",141.0,57.0,1.0,0.0,2.0,12.0,35.0,7.0,1.0,0.0,3.0,13.0,33.0,7.0,1.0,1.0,2.0,15.0,30.0,8.0,1.0,0.0,0.0,12.0,35.0,9.0,1.0,1.0,2.0,17.0,28.0,8.0,1.0,0.0,2.0,18.0,29.0,7.0,0.0,0.0,3.0,19.0,27.0,8.0,1.0,3.0,9.0,14.0,22.0,8.0,0.0,1.0,1.0,19.0,33.0,3.0,0.0,1.0,4.0,21.0,27.0,4.0,4.4578125,4.40625,4.309374999999999,4.5890625,4.2984375,4.396875,4.3734375,3.7624999999999997,4.4125,4.3328125
_,_,_,_,Remsing Richard,2.0,2.0,0.0,0.0,0.0,0.0,2.0,0.0,0.0,0.0,0.0,0.0,2.0,0.0,0.0,0.0,0.0,0.0,2.0,0.0,0.0,0.0,0.0,0.0,2.0,0.0,0.0,0.0,0.0,0.0,1.0,1.0,0.0,0.0,0.0,0.0,2.0,0.0,0.0,0.0,0.0,1.0,1.0,0.0,0.0,0.0,0.0,1.0,1.0,0.0,0.0,0.0,0.0,0.0,2.0,0.0,0.0,0.0,0.0,0.0,2.0,0.0,5.0,5.0,5.0,5.0,5.0,5.0,4.5,4.5,5.0,5.0
_,_,_,_,"Shin, Yeung-Gyo",2103.0,1018.0,56.0,124.0,151.0,245.0,223.0,219.0,54.0,103.0,155.0,249.0,239.0,218.0,54.0,73.0,164.0,247.0,260.0,220.0,36.0,26.0,107.0,282.0,343.0,224.0,33.0,24.0,165.0,263.0,274.0,259.0,71.0,82.0,166.0,220.0,250.0,229.0,51.0,92.0,188.0,320.0,214.0,153.0,72.0,120.0,236.0,261.0,175.0,154.0,156.0,126.0,180.0,221.0,223.0,112.0,184.0,150.0,227.0,255.0,145.0,57.0,3.846338112896774,3.6321728607232213,3.8513922875688875,4.1092673358711185,4.1308755235979335,3.825729606472305,3.953811147963279,3.690432762994897,3.4169930005358764,3.086942107390496
_,_,_,_,"Vargas, Cecilia",86.0,41.0,1.0,0.0,0.0,17.0,17.0,6.0,1.0,0.0,0.0,17.0,17.0,6.0,1.0,0.0,4.0,19.0,11.0,6.0,1.0,1.0,1.0,17.0,15.0,6.0,1.0,0.0,3.0,13.0,14.0,10.0,1.0,0.0,1.0,19.0,14.0,6.0,2.0,5.0,6.0,17.0,11.0,0.0,6.0,13.0,8.0,10.0,4.0,0.0,1.0,0.0,4.0,16.0,14.0,6.0,5.0,4.0,10.0,16.0,6.0,0.0,4.5,4.4,4.2,4.300000000000001,4.4,4.4,3.8,2.5,4.25,3.3499999999999996
_,_,_,_,"Bandyopadhyay, Rajoshree",194.0,79.0,7.0,9.0,18.0,20.0,17.0,8.0,3.0,4.0,20.0,24.0,20.0,8.0,4.0,9.0,20.0,21.0,17.0,8.0,4.0,4.0,18.0,23.0,22.0,8.0,1.0,2.0,11.0,28.0,25.0,12.0,3.0,4.0,22.0,25.0,17.0,8.0,3.0,8.0,24.0,24.0,17.0,3.0,6.0,15.0,27.0,15.0,13.0,3.0,6.0,10.0,20.0,20.0,18.0,5.0,13.0,9.0,25.0,22.0,8.0,2.0,3.484375,3.625,3.378125,3.6500000000000004,4.44375,3.615625,3.4499999999999997,3.0375,3.4937500000000004,2.834375
_,_,_,_,"Maranhao, Jack",248.0,106.0,0.0,0.0,6.0,25.0,61.0,14.0,0.0,0.0,3.0,26.0,63.0,14.0,0.0,0.0,6.0,31.0,54.0,15.0,0.0,0.0,1.0,22.0,69.0,14.0,0.0,2.0,2.0,24.0,64.0,14.0,0.0,0.0,3.0,33.0,56.0,14.0,2.0,11.0,21.0,37.0,29.0,6.0,10.0,16.0,27.0,26.0,21.0,6.0,0.0,1.0,0.0,25.0,69.0,11.0,19.0,15.0,21.0,27.0,23.0,1.0,4.574999999999999,4.653125,4.51875,4.731249999999999,4.653125,4.56875,3.7906250000000004,3.1812500000000004,4.625,3.159375
_,_,_,_,"Bassolino, Donna",173.0,67.0,5.0,16.0,16.0,19.0,9.0,2.0,4.0,12.0,15.0,23.0,10.0,3.0,2.0,10.0,18.0,24.0,11.0,2.0,1.0,3.0,13.0,30.0,17.0,3.0,1.0,5.0,14.0,23.0,18.0,6.0,2.0,10.0,19.0,25.0,9.0,2.0,14.0,12.0,16.0,16.0,8.0,1.0,12.0,12.0,17.0,17.0,8.0,1.0,8.0,10.0,12.0,26.0,9.0,2.0,25.0,6.0,13.0,16.0,6.0,1.0,3.2,3.35,3.5,3.9,3.85,3.45,2.9000000000000004,2.95,3.25,2.55
_,_,_,_,"Urakath, Rijo",401.0,155.0,0.0,1.0,6.0,29.0,117.0,2.0,0.0,0.0,4.0,20.0,129.0,2.0,0.0,1.0,9.0,41.0,101.0,3.0,0.0,1.0,3.0,28.0,119.0,4.0,0.0,0.0,3.0,34.0,116.0,2.0,0.0,0.0,7.0,42.0,104.0,2.0,0.0,5.0,17.0,79.0,51.0,3.0,2.0,21.0,42.0,50.0,36.0,4.0,0.0,2.0,1.0,25.0,125.0,2.0,1.0,1.0,11.0,66.0,72.0,4.0,4.77158203125,4.857853698730469,4.557678985595703,4.834231567382813,4.776564025878907,4.571186828613281,4.217237091064453,3.5979339599609377,4.88887939453125,4.394242858886718
_,_,_,_,"Khadr, Arwa",274.0,92.0,0.0,0.0,0.0,29.0,63.0,0.0,0.0,1.0,3.0,27.0,61.0,0.0,1.0,2.0,17.0,31.0,41.0,0.0,1.0,2.0,6.0,34.0,49.0,0.0,0.0,2.0,5.0,28.0,57.0,0.0,0.0,2.0,12.0,29.0,47.0,2.0,2.0,2.0,11.0,39.0,38.0,0.0,4.0,11.0,30.0,22.0,25.0,0.0,1.0,0.0,6.0,30.0,55.0,0.0,2.0,4.0,7.0,39.0,40.0,0.0,4.631005859375,4.542578125,4.014697265625,4.217333984375,4.571435546875,4.22373046875,4.112841796875,3.509716796875,4.471875000000001,4.24072265625
_,_,_,_,"Zhang, Jianyuan",471.0,185.0,8.0,20.0,37.0,65.0,39.0,16.0,11.0,17.0,48.0,55.0,36.0,18.0,16.0,20.0,52.0,43.0,37.0,17.0,7.0,8.0,33.0,71.0,50.0,16.0,11.0,18.0,47.0,47.0,39.0,23.0,20.0,28.0,50.0,44.0,24.0,19.0,13.0,19.0,39.0,52.0,43.0,19.0,20.0,33.0,41.0,45.0,26.0,20.0,30.0,24.0,46.0,51.0,24.0,10.0,45.0,32.0,34.0,45.0,19.0,10.0,4.3625,4.35,4.1625,4.5,4.375,4.05,4.3375,3.95,4.075,3.9375
_,_,_,_,"Nieuwkoop, Andrew",34.0,11.0,0.0,0.0,0.0,8.0,3.0,0.0,0.0,0.0,0.0,7.0,4.0,0.0,0.0,0.0,0.0,6.0,5.0,0.0,0.0,0.0,0.0,7.0,4.0,0.0,0.0,0.0,0.0,5.0,4.0,2.0,0.0,0.0,0.0,7.0,4.0,0.0,0.0,1.0,2.0,7.0,1.0,0.0,0.0,3.0,1.0,5.0,2.0,0.0,0.0,0.0,2.0,4.0,5.0,0.0,2.0,1.0,2.0,4.0,2.0,0.0,4.3,4.4,4.5,4.4,4.4,4.4,3.7,3.6,4.3,3.3
_,_,_,_,"O'Carroll, Deirdre",101.0,38.0,0.0,0.0,2.0,13.0,18.0,5.0,0.0,0.0,4.0,11.0,18.0,5.0,0.0,2.0,4.0,12.0,15.0,5.0,0.0,0.0,3.0,11.0,19.0,5.0,0.0,1.0,4.0,6.0,16.0,11.0,0.0,0.0,7.0,13.0,13.0,5.0,1.0,3.0,6.0,13.0,9.0,6.0,2.0,3.0,4.0,12.0,11.0,6.0,1.0,0.0,8.0,9.0,19.0,1.0,2.0,2.0,8.0,16.0,9.0,1.0,4.6,4.550000000000001,4.475,4.6,4.525,4.45,4.175,4.025,4.525,3.9499999999999997
_,_,_,_,"Case, David",46.0,26.0,0.0,0.0,0.0,6.0,20.0,0.0,0.0,0.0,0.0,4.0,22.0,0.0,0.0,0.0,3.0,4.0,19.0,0.0,0.0,0.0,0.0,3.0,23.0,0.0,0.0,0.0,1.0,2.0,22.0,1.0,0.0,0.0,1.0,5.0,20.0,0.0,0.0,0.0,3.0,8.0,15.0,0.0,0.0,0.0,3.0,10.0,13.0,0.0,0.0,0.0,1.0,5.0,20.0,0.0,0.0,0.0,1.0,8.0,17.0,0.0,4.775,4.875,4.625,4.875,4.85,4.725,4.475,4.425000000000001,4.75,4.625
_,_,_,_,"Kimmel, Jane",259.0,103.0,12.0,11.0,26.0,18.0,9.0,27.0,9.0,10.0,20.0,27.0,10.0,27.0,11.0,11.0,25.0,19.0,9.0,28.0,4.0,2.0,20.0,35.0,14.0,28.0,6.0,4.0,16.0,22.0,13.0,42.0,14.0,11.0,25.0,18.0,8.0,27.0,5.0,2.0,11.0,42.0,35.0,8.0,10.0,15.0,19.0,30.0,18.0,11.0,23.0,13.0,22.0,17.0,7.0,21.0,10.0,10.0,22.0,34.0,24.0,3.0,3.0390625,3.24140625,3.105078125,3.697265625,3.675,3.0546875,4.212890625,3.30078125,2.691796875,3.626171875
_,_,_,_,"Foroughiasl, Sara",152.0,60.0,0.0,2.0,5.0,13.0,17.0,23.0,0.0,1.0,4.0,13.0,19.0,23.0,1.0,1.0,7.0,14.0,14.0,23.0,0.0,1.0,4.0,15.0,17.0,23.0,0.0,1.0,5.0,16.0,15.0,23.0,0.0,0.0,10.0,12.0,14.0,24.0,1.0,0.0,6.0,18.0,15.0,20.0,4.0,3.0,10.0,10.0,13.0,20.0,0.0,3.0,8.0,19.0,21.0,9.0,0.0,4.0,8.0,22.0,21.0,5.0,4.484375,4.6125,4.293749999999999,4.449999999999999,4.425,4.39375,4.24375,3.709375,4.346875,4.053125
_,_,_,_,"Bean, Brynn",514.0,209.0,0.0,0.0,3.0,27.0,137.0,42.0,0.0,2.0,4.0,31.0,128.0,44.0,0.0,1.0,13.0,48.0,104.0,43.0,0.0,0.0,9.0,42.0,116.0,42.0,3.0,2.0,7.0,42.0,113.0,42.0,0.0,2.0,11.0,44.0,110.0,42.0,4.0,2.0,26.0,77.0,57.0,43.0,5.0,14.0,55.0,52.0,38.0,45.0,0.0,2.0,11.0,42.0,143.0,11.0,4.0,6.0,22.0,73.0,92.0,12.0,4.870809507369994,4.802004194259643,4.46849455833435,4.658025932312012,4.3827784061431885,4.3951500415802,4.069309663772582,3.5603239059448244,4.599275016784668,4.30995454788208
_,_,_,_,"Jorgensen, Qi",48.0,20.0,0.0,0.0,1.0,7.0,6.0,6.0,0.0,0.0,1.0,5.0,8.0,6.0,0.0,0.0,5.0,4.0,5.0,6.0,0.0,0.0,1.0,4.0,9.0,6.0,0.0,0.0,1.0,5.0,8.0,6.0,0.0,0.0,4.0,4.0,6.0,6.0,0.0,0.0,3.0,8.0,3.0,6.0,0.0,3.0,5.0,3.0,3.0,6.0,0.0,1.0,1.0,10.0,7.0,1.0,0.0,1.0,3.0,7.0,9.0,0.0,4.300000000000001,4.4,4.0,4.5,4.45,4.1,4.05,3.45,4.25,4.25
_,_,_,_,"Mummidi Manuraj, Bhavani Nandhini",71.0,31.0,0.0,1.0,0.0,6.0,19.0,5.0,0.0,0.0,0.0,8.0,18.0,5.0,0.0,0.0,5.0,5.0,16.0,5.0,0.0,0.0,0.0,7.0,19.0,5.0,0.0,0.0,1.0,3.0,22.0,5.0,0.0,0.0,3.0,6.0,17.0,5.0,0.0,1.0,2.0,9.0,14.0,5.0,0.0,3.0,4.0,8.0,11.0,5.0,0.0,1.0,1.0,8.0,21.0,0.0,0.0,1.0,3.0,8.0,19.0,0.0,4.725,4.725,4.4,4.775,4.800000000000001,4.550000000000001,4.35,4.0,4.6,4.375
_,_,_,_,"Baker, John",19.0,6.0,0.0,1.0,0.0,2.0,3.0,0.0,0.0,1.0,0.0,1.0,4.0,0.0,0.0,0.0,1.0,3.0,2.0,0.0,0.0,0.0,0.0,1.0,5.0,0.0,0.0,1.0,0.0,3.0,2.0,0.0,0.0,0.0,1.0,3.0,2.0,0.0,0.0,0.0,2.0,3.0,1.0,0.0,1.0,0.0,2.0,2.0,1.0,0.0,0.0,0.0,1.0,2.0,3.0,0.0,0.0,1.0,1.0,3.0,1.0,0.0,4.2,4.3,4.2,4.8,4.0,4.2,3.8,3.3,4.3,3.7
_,_,_,_,"Jones, Taro",44.0,10.0,0.0,0.0,1.0,3.0,4.0,2.0,0.0,0.0,0.0,3.0,5.0,2.0,0.0,0.0,1.0,4.0,3.0,2.0,0.0,0.0,0.0,3.0,5.0,2.0,0.0,0.0,1.0,3.0,4.0,2.0,0.0,0.0,0.0,4.0,4.0,2.0,0.0,0.0,1.0,6.0,1.0,2.0,0.0,3.0,3.0,2.0,0.0,2.0,0.0,1.0,0.0,4.0,4.0,1.0,0.0,0.0,2.0,7.0,0.0,1.0,4.45,4.55,4.15,4.55,4.25,4.449999999999999,4.0,3.05,4.15,3.75
_,_,_,_,"Lee, Tai-Sung",58.0,21.0,0.0,0.0,0.0,3.0,18.0,0.0,0.0,0.0,0.0,6.0,15.0,0.0,0.0,0.0,1.0,3.0,17.0,0.0,0.0,0.0,0.0,3.0,18.0,0.0,0.0,0.0,0.0,3.0,18.0,0.0,0.0,1.0,0.0,4.0,16.0,0.0,0.0,0.0,0.0,6.0,15.0,0.0,2.0,1.0,3.0,9.0,6.0,0.0,0.0,0.0,1.0,4.0,16.0,0.0,0.0,0.0,2.0,6.0,13.0,0.0,4.85,4.75,4.75,4.85,4.9,4.65,4.75,3.675,4.699999999999999,4.55
_,_,_,_,"Khare, Sagar",28.0,14.0,0.0,0.0,0.0,4.0,7.0,3.0,0.0,0.0,0.0,3.0,7.0,4.0,0.0,0.0,1.0,2.0,7.0,4.0,0.0,0.0,0.0,2.0,8.0,4.0,0.0,0.0,2.0,2.0,5.0,5.0,0.0,0.0,1.0,3.0,6.0,4.0,0.0,0.0,1.0,5.0,5.0,3.0,0.0,1.0,1.0,2.0,6.0,4.0,0.0,0.0,0.0,3.0,9.0,2.0,0.0,0.0,0.0,5.0,7.0,2.0,4.65,4.75,4.6,4.8,4.45,4.5,4.35,4.25,4.75,4.6
_,_,_,_,"Brennan, John",26.0,7.0,0.0,0.0,0.0,0.0,6.0,1.0,0.0,0.0,0.0,0.0,6.0,1.0,0.0,0.0,0.0,0.0,4.0,3.0,0.0,0.0,0.0,0.0,5.0,2.0,0.0,0.0,0.0,0.0,5.0,2.0,0.0,0.0,0.0,0.0,6.0,1.0,0.0,0.0,2.0,1.0,3.0,1.0,0.0,0.0,1.0,1.0,3.0,2.0,0.0,0.0,0.0,2.0,5.0,0.0,0.0,0.0,0.0,1.0,5.0,1.0,5.0,5.0,5.0,5.0,5.0,5.0,3.7,4.25,4.65,4.9
_,_,_,_,"Marvasti, Setareh",177.0,64.0,2.0,2.0,3.0,22.0,21.0,14.0,1.0,3.0,2.0,15.0,28.0,15.0,1.0,4.0,6.0,18.0,21.0,14.0,1.0,1.0,2.0,17.0,29.0,14.0,1.0,2.0,3.0,20.0,21.0,17.0,3.0,1.0,4.0,17.0,25.0,14.0,7.0,4.0,7.0,21.0,13.0,12.0,4.0,8.0,21.0,10.0,9.0,12.0,5.0,0.0,6.0,19.0,25.0,9.0,11.0,5.0,19.0,11.0,12.0,6.0,4.15,4.35,4.05,4.45,4.25,4.2,3.55,3.2,4.050000000000001,3.1500000000000004
_,_,_,_,"Lee, Joon",139.0,79.0,1.0,0.0,0.0,16.0,56.0,6.0,2.0,0.0,0.0,18.0,53.0,6.0,1.0,0.0,2.0,27.0,43.0,6.0,1.0,2.0,4.0,16.0,49.0,7.0,2.0,0.0,2.0,17.0,52.0,6.0,1.0,1.0,4.0,17.0,48.0,8.0,1.0,0.0,8.0,38.0,25.0,7.0,2.0,3.0,18.0,26.0,24.0,6.0,1.0,0.0,2.0,17.0,58.0,1.0,1.0,0.0,3.0,35.0,36.0,4.0,4.771875,4.684375,4.6125,4.5093749999999995,4.621874999999999,4.521875,4.1625,3.9,4.725,4.346875
_,_,_,_,"Knapp, Spencer",477.0,170.0,9.0,15.0,29.0,45.0,22.0,50.0,6.0,16.0,28.0,46.0,22.0,52.0,8.0,10.0,35.0,42.0,22.0,53.0,4.0,5.0,26.0,51.0,31.0,53.0,4.0,1.0,26.0,41.0,14.0,84.0,5.0,12.0,35.0,41.0,21.0,56.0,11.0,18.0,29.0,53.0,30.0,29.0,23.0,33.0,33.0,34.0,18.0,29.0,12.0,25.0,40.0,38.0,21.0,34.0,45.0,32.0,44.0,27.0,13.0,9.0,3.8874999999999997,3.965625,3.8625,4.13125,3.840625,3.9375,3.825,3.1500000000000004,3.4749999999999996,2.85625
_,_,_,_,"Narayanan, Buvaneswari",60.0,21.0,0.0,0.0,1.0,7.0,6.0,7.0,0.0,0.0,2.0,7.0,6.0,6.0,0.0,0.0,2.0,5.0,7.0,7.0,0.0,0.0,1.0,8.0,6.0,6.0,0.0,0.0,3.0,5.0,7.0,6.0,0.0,0.0,1.0,8.0,6.0,6.0,0.0,0.0,0.0,9.0,7.0,5.0,1.0,2.0,4.0,4.0,5.0,5.0,0.0,0.0,1.0,6.0,6.0,8.0,0.0,1.0,1.0,4.0,12.0,3.0,4.4,4.3,4.4,4.3,4.3,4.3,4.4,3.6,4.4,4.5
_,_,_,_,"Gu, Yuwei",82.0,40.0,0.0,0.0,0.0,3.0,32.0,5.0,0.0,0.0,0.0,5.0,30.0,5.0,0.0,1.0,1.0,7.0,26.0,5.0,0.0,0.0,0.0,5.0,29.0,6.0,0.0,1.0,1.0,4.0,29.0,5.0,0.0,1.0,1.0,7.0,25.0,6.0,1.0,0.0,1.0,8.0,25.0,5.0,0.0,5.0,7.0,8.0,15.0,5.0,0.0,0.0,0.0,11.0,28.0,1.0,1.0,1.0,3.0,10.0,24.0,1.0,4.95,4.9,4.75,4.9,4.8,4.699999999999999,4.7,4.05,4.8,4.550000000000001
_,_,_,_,"Arnold, Eddy",6.0,1.0,0.0,0.0,0.0,0.0,1.0,0.0,0.0,0.0,0.0,0.0,1.0,0.0,0.0,0.0,0.0,0.0,1.0,0.0,0.0,0.0,0.0,0.0,1.0,0.0,0.0,0.0,0.0,0.0,1.0,0.0,0.0,0.0,0.0,0.0,1.0,0.0,0.0,0.0,0.0,0.0,1.0,0.0,0.0,0.0,0.0,0.0,1.0,0.0,0.0,0.0,0.0,0.0,1.0,0.0,0.0,0.0,0.0,0.0,1.0,0.0,5.0,5.0,5.0,5.0,5.0,5.0,5.0,5.0,5.0,5.0
_,_,_,_,"Sousa, Maria",19.0,8.0,0.0,0.0,1.0,3.0,4.0,0.0,0.0,0.0,1.0,2.0,5.0,0.0,0.0,0.0,3.0,3.0,2.0,0.0,0.0,0.0,1.0,3.0,4.0,0.0,0.0,0.0,3.0,1.0,4.0,0.0,0.0,0.0,2.0,3.0,3.0,0.0,0.0,0.0,5.0,2.0,1.0,0.0,0.0,0.0,4.0,2.0,2.0,0.0,0.0,0.0,2.0,2.0,4.0,0.0,0.0,0.0,3.0,4.0,1.0,0.0,4.4,4.5,3.9,4.4,4.1,4.1,3.5,3.8,4.3,3.8
_,_,_,_,"Lee, KiBum",13.0,10.0,0.0,0.0,0.0,0.0,10.0,0.0,0.0,0.0,0.0,0.0,10.0,0.0,0.0,0.0,0.0,1.0,9.0,0.0,0.0,0.0,0.0,0.0,10.0,0.0,0.0,0.0,0.0,1.0,8.0,1.0,0.0,0.0,0.0,2.0,8.0,0.0,0.0,0.0,1.0,1.0,8.0,0.0,0.0,0.0,1.0,2.0,7.0,0.0,0.0,0.0,0.0,1.0,9.0,0.0,0.0,0.0,0.0,3.0,7.0,0.0,5.0,5.0,4.9,5.0,4.9,4.8,4.7,4.6,4.9,4.7
_,_,_,_,"Goldman, Alan",32.0,20.0,0.0,0.0,1.0,6.0,13.0,0.0,0.0,0.0,0.0,7.0,13.0,0.0,0.0,0.0,1.0,6.0,13.0,0.0,0.0,0.0,0.0,5.0,15.0,0.0,0.0,0.0,1.0,5.0,14.0,0.0,0.0,0.0,0.0,8.0,12.0,0.0,0.0,0.0,0.0,8.0,12.0,0.0,0.0,1.0,5.0,3.0,11.0,0.0,0.0,0.0,0.0,8.0,12.0,0.0,0.0,0.0,0.0,9.0,11.0,0.0,4.475,4.5,4.475,4.55,4.675000000000001,4.65,4.5,4.0,4.65,4.449999999999999
_,_,_,_,"Izgu, Enver",340.0,109.0,6.0,3.0,12.0,51.0,33.0,4.0,6.0,1.0,15.0,46.0,32.0,9.0,6.0,7.0,19.0,35.0,37.0,5.0,3.0,2.0,13.0,38.0,48.0,5.0,4.0,3.0,13.0,39.0,33.0,17.0,6.0,4.0,19.0,41.0,32.0,7.0,8.0,12.0,25.0,36.0,25.0,3.0,18.0,22.0,27.0,28.0,11.0,3.0,9.0,6.0,19.0,36.0,32.0,7.0,20.0,11.0,23.0,37.0,16.0,2.0,4.4,4.375,4.425,4.550000000000001,4.4,4.325,4.225,3.65,4.25,4.075
_,_,_,_,"Khan, Rohan",315.0,107.0,1.0,2.0,2.0,20.0,79.0,3.0,1.0,2.0,3.0,13.0,86.0,2.0,1.0,1.0,3.0,19.0,80.0,3.0,1.0,2.0,1.0,11.0,90.0,2.0,2.0,1.0,8.0,12.0,66.0,18.0,1.0,3.0,4.0,15.0,82.0,2.0,7.0,10.0,14.0,41.0,34.0,1.0,11.0,18.0,37.0,26.0,14.0,1.0,2.0,2.0,4.0,17.0,79.0,3.0,21.0,11.0,21.0,35.0,18.0,1.0,4.5,4.575,4.4125,4.550000000000001,4.0625,4.4,3.7375,3.0374999999999996,4.375,2.95
_,_,_,_,"Young, Steven",107.0,36.0,0.0,0.0,1.0,2.0,27.0,6.0,0.0,0.0,0.0,3.0,27.0,6.0,0.0,1.0,0.0,6.0,23.0,6.0,0.0,0.0,0.0,4.0,26.0,6.0,0.0,1.0,0.0,3.0,24.0,8.0,0.0,0.0,1.0,5.0,24.0,6.0,1.0,3.0,5.0,16.0,11.0,0.0,1.0,4.0,14.0,7.0,10.0,0.0,0.0,1.0,0.0,2.0,27.0,6.0,4.0,5.0,6.0,11.0,10.0,0.0,4.875,4.925000000000001,4.6875,4.875,4.6375,4.75,3.8,3.4375,4.762499999999999,3.0625
_,_,_,_,"Remsing, Rick",42.0,24.0,0.0,0.0,0.0,2.0,22.0,0.0,0.0,0.0,0.0,2.0,22.0,0.0,0.0,0.0,0.0,2.0,22.0,0.0,0.0,0.0,0.0,1.0,23.0,0.0,0.0,0.0,0.0,1.0,23.0,0.0,0.0,0.0,0.0,1.0,23.0,0.0,0.0,0.0,0.0,5.0,19.0,0.0,0.0,4.0,6.0,2.0,12.0,0.0,0.0,0.0,0.0,0.0,24.0,0.0,0.0,0.0,0.0,6.0,18.0,0.0,4.9,4.9,4.9,5.0,5.0,5.0,4.8,3.9,5.0,4.8
_,_,_,_,"Khan, Sara",56.0,11.0,0.0,0.0,2.0,3.0,5.0,1.0,0.0,0.0,2.0,3.0,5.0,1.0,0.0,0.0,2.0,3.0,5.0,1.0,0.0,0.0,2.0,2.0,5.0,2.0,0.0,0.0,2.0,3.0,5.0,1.0,0.0,0.0,2.0,3.0,5.0,1.0,0.0,0.0,2.0,3.0,5.0,1.0,0.0,1.0,4.0,3.0,2.0,1.0,0.0,0.0,2.0,4.0,4.0,1.0,0.0,0.0,2.0,3.0,5.0,1.0,4.3,4.3,4.3,4.3,4.3,4.3,4.3,3.6,4.2,4.3
_,_,_,_,"Lee, Ki Bum",25.0,14.0,0.0,0.0,1.0,0.0,12.0,1.0,0.0,0.0,0.0,3.0,10.0,1.0,0.0,0.0,1.0,1.0,11.0,1.0,0.0,0.0,0.0,3.0,10.0,1.0,0.0,0.0,1.0,3.0,7.0,3.0,0.0,0.0,1.0,1.0,11.0,1.0,0.0,0.0,1.0,3.0,9.0,1.0,0.0,0.0,0.0,3.0,10.0,1.0,0.0,0.0,1.0,1.0,11.0,1.0,0.0,0.0,1.0,2.0,10.0,1.0,4.85,4.75,4.8,4.75,4.55,4.75,4.65,4.8,4.75,4.7
_,_,_,_,"Depaolo, Patrick",115.0,47.0,0.0,2.0,4.0,15.0,16.0,10.0,0.0,1.0,3.0,12.0,21.0,10.0,0.0,1.0,4.0,9.0,23.0,10.0,0.0,0.0,2.0,7.0,27.0,11.0,0.0,1.0,2.0,9.0,25.0,10.0,1.0,0.0,4.0,8.0,24.0,10.0,4.0,5.0,7.0,10.0,13.0,8.0,4.0,7.0,6.0,15.0,7.0,8.0,2.0,2.0,3.0,17.0,16.0,7.0,10.0,9.0,8.0,8.0,8.0,4.0,4.225,4.4625,4.5,4.725,4.625,4.550000000000001,3.6375,3.4250000000000003,4.025,2.8625
_,_,_,_,"Gbolade, Omolade",58.0,20.0,0.0,0.0,1.0,2.0,11.0,6.0,0.0,0.0,1.0,2.0,11.0,6.0,0.0,0.0,1.0,2.0,11.0,6.0,0.0,0.0,1.0,2.0,11.0,6.0,0.0,0.0,1.0,2.0,11.0,6.0,0.0,0.0,1.0,2.0,11.0,6.0,0.0,0.0,1.0,4.0,10.0,5.0,0.0,0.0,2.0,3.0,9.0,6.0,0.0,0.0,0.0,4.0,13.0,3.0,0.0,0.0,1.0,3.0,14.0,2.0,4.7,4.7,4.7,4.7,4.7,4.7,4.6,4.5,4.8,4.7
_,_,_,_,"Rivera Rios, Jean",11.0,5.0,0.0,0.0,0.0,1.0,3.0,1.0,0.0,0.0,0.0,1.0,3.0,1.0,0.0,0.0,0.0,1.0,3.0,1.0,0.0,0.0,0.0,1.0,3.0,1.0,0.0,0.0,0.0,0.0,4.0,1.0,0.0,0.0,0.0,1.0,3.0,1.0,0.0,0.0,0.0,2.0,2.0,1.0,0.0,1.0,1.0,0.0,2.0,1.0,0.0,0.0,0.0,1.0,4.0,0.0,0.0,0.0,0.0,2.0,3.0,0.0,4.8,4.8,4.8,4.8,5.0,4.8,4.5,3.8,4.8,4.6
