_,_,01:198:110:01,Intro Computers&appl,"Trees, Frances",358.0,165.0,0.0,3.0,10.0,58.0,64.0,30.0,1.0,2.0,20.0,49.0,62.0,31.0,0.0,3.0,19.0,56.0,57.0,30.0,0.0,3.0,9.0,62.0,59.0,32.0,0.0,4.0,11.0,57.0,63.0,30.0,0.0,6.0,21.0,58.0,49.0,31.0,2.0,7.0,19.0,68.0,54.0,15.0,8.0,7.0,28.0,59.0,49.0,14.0,2.0,6.0,19.0,57.0,61.0,20.0,3.0,3.0,22.0,79.0,52.0,6.0,4.449999999999999,4.35,4.35,4.4,4.262499999999999,4.225,4.05,3.8375,4.25,4.0625
_,_,01:198:110:01,Intro Computers&appl,"Belowich, Alan",1116.0,606.0,2.0,6.0,29.0,205.0,256.0,108.0,3.0,10.0,44.0,194.0,243.0,112.0,8.0,13.0,57.0,188.0,227.0,113.0,4.0,5.0,45.0,189.0,251.0,112.0,4.0,5.0,43.0,195.0,238.0,121.0,6.0,13.0,61.0,204.0,208.0,114.0,7.0,13.0,74.0,236.0,213.0,63.0,17.0,34.0,107.0,200.0,185.0,63.0,9.0,12.0,45.0,185.0,273.0,82.0,16.0,10.0,60.0,263.0,232.0,25.0,4.339404296874999,4.186083984374999,4.10361328125,4.163037109375,4.259716796875001,4.000244140625,3.97255859375,3.644970703125,4.118896484375,4.06083984375
_,_,01:198:110:34,Intro Computers&appl,"Chirco, Jt",122.0,77.0,0.0,0.0,7.0,26.0,43.0,1.0,0.0,3.0,11.0,29.0,34.0,0.0,0.0,2.0,15.0,27.0,33.0,0.0,1.0,1.0,10.0,32.0,33.0,0.0,0.0,2.0,13.0,23.0,34.0,5.0,1.0,0.0,15.0,29.0,31.0,1.0,2.0,4.0,11.0,29.0,29.0,2.0,4.0,13.0,19.0,20.0,21.0,0.0,1.0,4.0,12.0,25.0,35.0,0.0,0.0,7.0,14.0,28.0,28.0,0.0,4.525,4.325,4.25,4.35,4.25,4.225,3.8499999999999996,3.5,4.25,3.9
_,_,01:198:111:01,Intro Computer Science,Centeno Ana Paula,650.0,335.0,4.0,2.0,29.0,107.0,131.0,62.0,4.0,11.0,32.0,94.0,135.0,59.0,4.0,7.0,41.0,98.0,123.0,62.0,4.0,4.0,27.0,93.0,145.0,62.0,10.0,23.0,51.0,90.0,102.0,59.0,8.0,12.0,46.0,92.0,118.0,59.0,13.0,19.0,56.0,138.0,103.0,6.0,11.0,11.0,38.0,141.0,125.0,9.0,6.0,14.0,41.0,100.0,114.0,60.0,22.0,28.0,60.0,134.0,83.0,8.0,4.3,4.275,4.225,4.375,3.95,4.1,3.9499999999999997,4.125,4.1,3.775
_,_,01:198:111:19,Intro Computer Sci,"Gunawardena, Ananda",526.0,254.0,3.0,6.0,36.0,107.0,82.0,20.0,1.0,2.0,38.0,98.0,94.0,21.0,2.0,4.0,31.0,93.0,102.0,22.0,1.0,0.0,18.0,94.0,121.0,20.0,1.0,1.0,32.0,88.0,83.0,49.0,4.0,6.0,32.0,103.0,87.0,22.0,7.0,16.0,43.0,104.0,64.0,20.0,1.0,8.0,23.0,87.0,114.0,21.0,3.0,14.0,41.0,95.0,90.0,11.0,5.0,15.0,54.0,101.0,70.0,9.0,4.1,4.1875,4.275,4.475,4.2625,4.1875,3.8,4.3625,4.1,3.95
_,_,01:198:111:35,Intro Computer Sci,"Zhai, Juan",907.0,390.0,15.0,27.0,117.0,144.0,69.0,18.0,22.0,65.0,118.0,118.0,50.0,17.0,24.0,77.0,129.0,93.0,51.0,16.0,11.0,14.0,130.0,142.0,73.0,20.0,12.0,9.0,97.0,143.0,70.0,59.0,30.0,64.0,136.0,90.0,51.0,19.0,20.0,42.0,111.0,144.0,65.0,8.0,13.0,25.0,53.0,155.0,137.0,7.0,60.0,79.0,103.0,83.0,47.0,18.0,40.0,51.0,105.0,132.0,54.0,8.0,3.8,3.475,3.2875,3.8,3.875,3.3875,3.65,3.9625000000000004,3.15,3.5124999999999997
_,_,01:198:111:50,Intro Computer Sci,"Trees, Frances",1360.0,614.0,7.0,32.0,102.0,237.0,195.0,41.0,18.0,34.0,119.0,220.0,183.0,40.0,24.0,44.0,147.0,198.0,160.0,41.0,14.0,18.0,107.0,253.0,182.0,40.0,13.0,13.0,109.0,215.0,185.0,79.0,23.0,38.0,138.0,210.0,158.0,47.0,24.0,37.0,107.0,239.0,163.0,44.0,19.0,23.0,97.0,211.0,221.0,43.0,39.0,45.0,149.0,192.0,169.0,20.0,43.0,43.0,140.0,228.0,140.0,20.0,4.115625,3.8812499999999996,3.796875,4.0625,4.0375,3.8031249999999996,3.9,3.9281249999999996,3.7562499999999996,3.734375
_,_,01:198:112:01,Data Structures,"Menendez, David",156.0,50.0,1.0,2.0,6.0,25.0,14.0,2.0,2.0,5.0,8.0,22.0,11.0,2.0,4.0,2.0,16.0,12.0,14.0,2.0,2.0,6.0,8.0,21.0,11.0,2.0,1.0,4.0,16.0,14.0,9.0,6.0,2.0,5.0,17.0,13.0,11.0,2.0,3.0,0.0,7.0,23.0,17.0,0.0,2.0,2.0,6.0,19.0,21.0,0.0,3.0,6.0,15.0,13.0,10.0,3.0,3.0,5.0,19.0,13.0,9.0,1.0,4.0,3.7,3.6,3.7,3.6,3.5,4.0,4.1,3.5,3.4
_,_,01:198:112:10,Data Structures,"Zhai, Juan",627.0,272.0,8.0,16.0,62.0,109.0,62.0,15.0,10.0,18.0,78.0,94.0,53.0,19.0,17.0,25.0,92.0,74.0,49.0,15.0,6.0,9.0,72.0,105.0,63.0,17.0,3.0,6.0,67.0,85.0,69.0,42.0,15.0,25.0,85.0,81.0,46.0,20.0,5.0,13.0,35.0,112.0,104.0,3.0,6.0,10.0,40.0,104.0,110.0,2.0,21.0,29.0,73.0,89.0,42.0,18.0,14.0,20.0,58.0,112.0,66.0,2.0,3.7,3.6625,3.5250000000000004,3.775,3.9375,3.475,4.0875,4.0875,3.4375,3.8
_,_,01:198:112:10,Data Structures,"Venugopal, Seshadri",255.0,115.0,0.0,2.0,6.0,14.0,64.0,29.0,0.0,1.0,8.0,20.0,55.0,31.0,2.0,2.0,7.0,25.0,49.0,30.0,0.0,2.0,9.0,23.0,50.0,31.0,1.0,6.0,10.0,23.0,42.0,33.0,2.0,2.0,10.0,28.0,43.0,30.0,1.0,3.0,14.0,39.0,57.0,1.0,3.0,7.0,15.0,31.0,57.0,2.0,2.0,2.0,5.0,23.0,54.0,29.0,7.0,5.0,25.0,30.0,46.0,2.0,4.550000000000001,4.5,4.35,4.4,4.2,4.25,4.3,4.2,4.4,3.95
_,_,01:198:170:01,Comp Apps-Business,"Nesci, Danielle",237.0,211.0,4.0,21.0,44.0,83.0,57.0,2.0,4.0,21.0,31.0,89.0,63.0,3.0,6.0,19.0,48.0,80.0,56.0,2.0,1.0,5.0,28.0,79.0,94.0,4.0,2.0,3.0,24.0,83.0,90.0,9.0,4.0,21.0,56.0,71.0,57.0,2.0,1.0,8.0,28.0,100.0,71.0,3.0,19.0,44.0,53.0,57.0,36.0,2.0,10.0,17.0,53.0,78.0,50.0,3.0,7.0,8.0,49.0,94.0,50.0,3.0,3.8,3.9,3.8,4.3,4.3,3.8,4.1,3.2,3.7,3.8
_,_,01:198:170:01,Comp Apps-Business,"Trees, Frances",580.0,280.0,1.0,6.0,26.0,77.0,66.0,104.0,1.0,5.0,37.0,71.0,63.0,103.0,2.0,8.0,37.0,71.0,58.0,104.0,1.0,1.0,32.0,70.0,72.0,104.0,1.0,4.0,35.0,64.0,66.0,110.0,1.0,7.0,38.0,72.0,55.0,107.0,3.0,13.0,34.0,123.0,103.0,4.0,22.0,53.0,69.0,78.0,57.0,1.0,2.0,4.0,45.0,67.0,54.0,108.0,11.0,19.0,57.0,112.0,81.0,0.0,4.0,3.95,3.925,4.025,3.9749999999999996,3.875,4.05,3.275,3.9,3.7
_,_,01:198:170:30,Comp Apps-Business,"Fuentes, Guillermo",1915.0,1105.0,43.0,110.0,264.0,347.0,205.0,136.0,55.0,115.0,310.0,303.0,178.0,144.0,104.0,161.0,275.0,242.0,180.0,143.0,33.0,57.0,269.0,398.0,207.0,141.0,23.0,40.0,213.0,401.0,225.0,203.0,88.0,160.0,320.0,236.0,154.0,147.0,29.0,70.0,207.0,417.0,252.0,130.0,122.0,227.0,269.0,205.0,146.0,136.0,170.0,175.0,289.0,261.0,160.0,50.0,101.0,131.0,288.0,344.0,197.0,44.0,3.5984375,3.5265625,3.26953125,3.76953125,3.8609375,3.25078125,3.8125,3.01328125,3.19140625,3.38046875
_,_,01:198:205:04,Intr Discret Strct I,"Moshkovitz, Guy",154.0,91.0,4.0,1.0,7.0,31.0,48.0,0.0,3.0,8.0,10.0,31.0,39.0,0.0,5.0,7.0,21.0,28.0,30.0,0.0,2.0,8.0,13.0,29.0,39.0,0.0,10.0,12.0,21.0,25.0,23.0,0.0,2.0,7.0,23.0,26.0,28.0,5.0,4.0,2.0,23.0,35.0,26.0,1.0,9.0,15.0,34.0,20.0,12.0,1.0,9.0,8.0,12.0,31.0,30.0,1.0,4.0,12.0,22.0,30.0,22.0,1.0,4.3,4.0,3.8,4.0,3.4,3.8,3.9,3.1,3.7,3.6
_,_,01:198:205:07,Intr Discret Strct I,"Gunawardena, Ananda",1188.0,434.0,7.0,32.0,59.0,160.0,120.0,56.0,6.0,15.0,66.0,159.0,132.0,56.0,5.0,19.0,64.0,138.0,149.0,59.0,2.0,6.0,33.0,156.0,179.0,58.0,8.0,10.0,54.0,166.0,133.0,63.0,8.0,17.0,67.0,162.0,121.0,59.0,6.0,19.0,61.0,168.0,119.0,61.0,9.0,48.0,111.0,124.0,81.0,61.0,12.0,18.0,72.0,179.0,133.0,20.0,21.0,25.0,78.0,185.0,94.0,31.0,3.921875,3.996875,4.059375,4.328125,4.0375,3.934375,3.965625,3.54375,3.9875,3.753125
_,_,01:198:206:01,Introduction To Discrete Structures II,"Gholizadeh Hamidi, Samaneh",2024.0,1764.0,63.0,86.0,186.0,637.0,685.0,107.0,99.0,134.0,300.0,602.0,521.0,108.0,99.0,126.0,337.0,544.0,547.0,111.0,112.0,156.0,294.0,532.0,560.0,110.0,130.0,172.0,339.0,522.0,480.0,121.0,117.0,142.0,299.0,532.0,558.0,116.0,48.0,88.0,267.0,769.0,493.0,99.0,81.0,253.0,552.0,491.0,283.0,104.0,162.0,165.0,263.0,586.0,553.0,35.0,151.0,160.0,355.0,672.0,380.0,46.0,4.1461181640625,3.8097412109375,3.8360839843749996,3.76697998046875,3.58421630859375,3.8027832031249997,3.8701049804687497,3.4279418945312496,3.8083129882812496,3.57764892578125
_,_,01:198:206:05,Introduction To Discrete Structures II,"Michmizos, Konstantinos",637.0,346.0,2.0,2.0,16.0,82.0,232.0,12.0,2.0,6.0,28.0,86.0,212.0,12.0,1.0,7.0,15.0,66.0,244.0,13.0,1.0,2.0,12.0,55.0,264.0,12.0,2.0,5.0,19.0,75.0,228.0,17.0,3.0,2.0,27.0,66.0,237.0,11.0,1.0,4.0,25.0,138.0,162.0,16.0,12.0,41.0,110.0,92.0,74.0,17.0,1.0,7.0,17.0,84.0,229.0,8.0,5.0,5.0,23.0,123.0,178.0,12.0,4.6875,4.5375,4.6125,4.725,4.6125,4.637499999999999,4.4125,3.4875,4.612500000000001,4.4
_,_,01:198:211:01,Computer Architectur,"Menendez, David",1685.0,535.0,28.0,44.0,102.0,182.0,115.0,64.0,58.0,71.0,100.0,146.0,95.0,65.0,51.0,58.0,113.0,143.0,105.0,65.0,51.0,59.0,116.0,149.0,95.0,65.0,22.0,27.0,103.0,178.0,133.0,72.0,47.0,64.0,135.0,134.0,86.0,69.0,29.0,38.0,101.0,179.0,123.0,65.0,19.0,47.0,128.0,154.0,119.0,68.0,78.0,77.0,118.0,142.0,94.0,26.0,76.0,64.0,128.0,148.0,77.0,42.0,3.7808593750000004,3.608203125,3.57890625,3.646875,3.8714843749999996,3.540234375,3.8671875,3.623828125,3.3871093749999996,3.335546875
_,_,01:198:211:05,Computer Architectur,"Nagarakatte, Santosh",534.0,359.0,6.0,6.0,26.0,95.0,216.0,10.0,10.0,13.0,48.0,122.0,156.0,10.0,6.0,15.0,46.0,108.0,173.0,11.0,8.0,17.0,60.0,101.0,160.0,13.0,11.0,19.0,53.0,116.0,147.0,13.0,8.0,21.0,53.0,121.0,144.0,12.0,4.0,5.0,34.0,116.0,186.0,14.0,11.0,33.0,85.0,118.0,99.0,13.0,11.0,17.0,40.0,109.0,175.0,7.0,11.0,24.0,58.0,126.0,129.0,11.0,4.5,4.125,4.225,4.075,3.975,4.074999999999999,4.35,3.775,4.1499999999999995,3.875
_,_,01:198:213:01,Software Methodology,"Venugopal, Seshadri",543.0,115.0,1.0,3.0,7.0,38.0,63.0,3.0,3.0,2.0,13.0,33.0,56.0,8.0,3.0,6.0,14.0,33.0,55.0,4.0,3.0,2.0,9.0,34.0,60.0,7.0,1.0,3.0,13.0,42.0,50.0,6.0,1.0,3.0,15.0,38.0,53.0,5.0,2.0,0.0,10.0,32.0,67.0,4.0,0.0,2.0,10.0,40.0,60.0,3.0,2.0,5.0,9.0,37.0,58.0,4.0,2.0,3.0,12.0,40.0,55.0,3.0,4.45,4.325,4.225,4.3500000000000005,4.300000000000001,4.325,4.5249999999999995,4.425,4.325,4.300000000000001
_,_,01:198:214:05,Systems Programming,"Hidalgo, Daniel",98.0,39.0,0.0,1.0,6.0,6.0,20.0,6.0,0.0,0.0,4.0,6.0,23.0,6.0,0.0,1.0,5.0,8.0,18.0,7.0,0.0,0.0,4.0,6.0,22.0,7.0,0.0,0.0,5.0,5.0,20.0,9.0,0.0,0.0,6.0,7.0,20.0,6.0,3.0,1.0,9.0,16.0,8.0,2.0,2.0,3.0,6.0,17.0,9.0,2.0,0.0,1.0,5.0,8.0,19.0,6.0,9.0,8.0,5.0,10.0,5.0,2.0,4.4,4.6,4.3,4.6,4.5,4.4,3.7,3.8,4.4,2.8
_,_,01:198:294:01,Indep Study Computer Science,Centeno Ana Paula,20.0,11.0,0.0,0.0,1.0,2.0,8.0,0.0,0.0,0.0,0.0,1.0,10.0,0.0,0.0,0.0,0.0,0.0,11.0,0.0,0.0,0.0,0.0,0.0,11.0,0.0,0.0,0.0,0.0,2.0,8.0,1.0,0.0,0.0,0.0,2.0,9.0,0.0,0.0,0.0,3.0,4.0,4.0,0.0,0.0,1.0,2.0,5.0,3.0,0.0,0.0,0.0,0.0,1.0,10.0,0.0,0.0,0.0,0.0,5.0,6.0,0.0,4.6,4.9,5.0,5.0,4.8,4.8,4.1,3.9,4.9,4.6
_,_,01:198:314:01,Prin Prog Languages,"Menendez, David",520.0,147.0,8.0,11.0,19.0,60.0,39.0,10.0,14.0,12.0,34.0,45.0,30.0,12.0,13.0,12.0,31.0,52.0,29.0,10.0,13.0,5.0,28.0,57.0,32.0,12.0,9.0,13.0,24.0,56.0,34.0,11.0,15.0,11.0,39.0,43.0,27.0,12.0,7.0,8.0,32.0,57.0,29.0,14.0,8.0,12.0,39.0,51.0,25.0,12.0,16.0,15.0,36.0,44.0,30.0,6.0,17.0,18.0,30.0,48.0,26.0,8.0,3.9,3.5250000000000004,3.6625,3.7625,3.7625,3.5125,3.8375,3.5375,3.5374999999999996,3.45
_,_,01:198:323:01,Numer Anal Computing,"Steiger, William",96.0,35.0,6.0,9.0,12.0,6.0,2.0,0.0,4.0,6.0,14.0,5.0,6.0,0.0,10.0,8.0,7.0,7.0,3.0,0.0,3.0,0.0,12.0,15.0,5.0,0.0,2.0,2.0,8.0,12.0,6.0,5.0,11.0,8.0,8.0,4.0,3.0,1.0,4.0,13.0,9.0,5.0,3.0,1.0,3.0,8.0,11.0,7.0,5.0,1.0,12.0,10.0,7.0,3.0,3.0,0.0,11.0,10.0,8.0,2.0,3.0,1.0,2.7,3.1,2.6,3.5,3.6,2.4,2.7,3.1,2.3,2.3
_,_,01:198:336:01,Prin Info & Data Mgt,"Balouek-Thomert, Daniel",144.0,57.0,0.0,0.0,11.0,20.0,26.0,0.0,1.0,3.0,11.0,16.0,25.0,1.0,3.0,4.0,19.0,15.0,16.0,0.0,0.0,1.0,6.0,25.0,25.0,0.0,1.0,5.0,8.0,19.0,24.0,0.0,1.0,3.0,14.0,28.0,11.0,0.0,0.0,5.0,9.0,26.0,15.0,2.0,1.0,5.0,12.0,22.0,16.0,1.0,1.0,2.0,17.0,23.0,13.0,1.0,1.0,4.0,14.0,29.0,8.0,1.0,4.3,4.1,3.7,4.3,4.1,3.8,3.9,3.8,3.8,3.7
_,_,01:198:336:03,Prin Info & Data Mgt,"Miranda Garcia, Antonio",1792.0,510.0,15.0,15.0,53.0,168.0,189.0,70.0,34.0,46.0,78.0,132.0,151.0,69.0,19.0,30.0,82.0,156.0,153.0,70.0,14.0,9.0,54.0,169.0,192.0,72.0,9.0,15.0,72.0,174.0,163.0,77.0,17.0,25.0,94.0,152.0,149.0,73.0,7.0,14.0,41.0,204.0,170.0,74.0,6.0,16.0,94.0,169.0,148.0,77.0,26.0,27.0,77.0,181.0,176.0,23.0,24.0,27.0,77.0,209.0,150.0,23.0,4.2203125,3.759375,3.8796875,4.190625000000001,4.0609375,3.9546875,4.1578124999999995,3.9515624999999996,4.0015624999999995,3.9546875
_,_,01:198:344:01,Dsgn&anal Comp Algor,"Assadi, Sepehr",604.0,206.0,1.0,1.0,8.0,26.0,167.0,3.0,0.0,2.0,7.0,27.0,166.0,4.0,1.0,2.0,17.0,41.0,139.0,6.0,1.0,1.0,7.0,31.0,162.0,4.0,1.0,1.0,9.0,38.0,152.0,5.0,2.0,2.0,11.0,39.0,149.0,3.0,1.0,2.0,20.0,51.0,129.0,3.0,5.0,13.0,58.0,57.0,71.0,2.0,1.0,2.0,11.0,27.0,162.0,3.0,1.0,3.0,11.0,56.0,134.0,1.0,4.725,4.775,4.6,4.725,4.7,4.65,4.45,3.875,4.75,4.55
_,_,01:198:352:01,Internet Technology,"Chang, Lily",106.0,35.0,1.0,1.0,2.0,10.0,20.0,1.0,1.0,1.0,4.0,8.0,21.0,0.0,3.0,0.0,8.0,8.0,16.0,0.0,1.0,0.0,4.0,7.0,23.0,0.0,1.0,0.0,4.0,7.0,22.0,1.0,1.0,1.0,8.0,10.0,15.0,0.0,1.0,0.0,7.0,14.0,13.0,0.0,1.0,0.0,9.0,16.0,9.0,0.0,2.0,0.0,4.0,13.0,15.0,1.0,2.0,1.0,3.0,15.0,14.0,0.0,4.4,4.3,4.0,4.5,4.4,4.1,4.1,3.9,4.2,4.1
_,_,01:198:352:03,Internet Technology,"Zhang, Desheng",295.0,82.0,1.0,0.0,6.0,17.0,56.0,2.0,1.0,1.0,9.0,25.0,44.0,2.0,1.0,7.0,10.0,28.0,34.0,2.0,1.0,1.0,4.0,20.0,54.0,2.0,1.0,0.0,5.0,23.0,50.0,3.0,1.0,4.0,10.0,29.0,36.0,2.0,1.0,4.0,9.0,30.0,37.0,1.0,3.0,8.0,25.0,25.0,20.0,1.0,2.0,3.0,10.0,25.0,40.0,2.0,1.0,5.0,11.0,37.0,27.0,1.0,4.6,4.4,4.15,4.6,4.55,4.199999999999999,4.199999999999999,3.7,4.3,4.1
_,_,01:198:416:01,Oper System Design,"Nath, Badri",236.0,68.0,0.0,3.0,7.0,22.0,32.0,4.0,2.0,6.0,6.0,21.0,29.0,4.0,1.0,5.0,6.0,23.0,29.0,4.0,1.0,1.0,7.0,25.0,30.0,4.0,1.0,2.0,8.0,22.0,28.0,7.0,1.0,6.0,8.0,24.0,25.0,4.0,0.0,3.0,6.0,25.0,30.0,4.0,2.0,3.0,13.0,21.0,24.0,5.0,3.0,2.0,8.0,26.0,28.0,1.0,4.0,1.0,11.0,28.0,23.0,1.0,4.300000000000001,4.074999999999999,4.199999999999999,4.325,4.2625,4.0625,4.35,3.75,4.2625,4.0375
_,_,01:198:419:01,Computer Security,"Krzyzanowski, Paul",426.0,129.0,2.0,3.0,3.0,35.0,73.0,13.0,2.0,6.0,4.0,32.0,73.0,12.0,2.0,7.0,9.0,34.0,65.0,12.0,2.0,5.0,2.0,33.0,75.0,12.0,4.0,5.0,11.0,26.0,70.0,13.0,5.0,8.0,4.0,41.0,60.0,11.0,2.0,3.0,8.0,33.0,71.0,12.0,0.0,3.0,14.0,38.0,62.0,12.0,3.0,5.0,9.0,39.0,63.0,10.0,5.0,4.0,9.0,45.0,59.0,7.0,4.5,4.4375,4.375,4.4875,4.35,4.2875,4.4625,4.4375,4.3125,4.25
_,_,01:198:431:01,Software Engineering,"Chang, Lily",176.0,59.0,0.0,2.0,1.0,16.0,34.0,6.0,0.0,3.0,4.0,14.0,32.0,6.0,2.0,5.0,7.0,14.0,25.0,6.0,0.0,1.0,1.0,16.0,35.0,6.0,1.0,1.0,6.0,17.0,28.0,6.0,1.0,4.0,6.0,17.0,25.0,6.0,1.0,1.0,2.0,22.0,27.0,6.0,0.0,2.0,5.0,10.0,36.0,6.0,3.0,2.0,4.0,13.0,34.0,3.0,2.0,3.0,2.0,21.0,28.0,3.0,4.6375,4.5375,4.3375,4.7375,4.475,4.35,4.387499999999999,4.475,4.4625,4.3375
_,_,01:198:439:01,Intro Data Science,"Gunawardena, Ananda",1530.0,497.0,11.0,28.0,62.0,193.0,146.0,57.0,16.0,20.0,69.0,194.0,141.0,57.0,9.0,25.0,58.0,177.0,170.0,58.0,9.0,5.0,40.0,199.0,188.0,56.0,8.0,13.0,69.0,191.0,153.0,63.0,14.0,19.0,80.0,187.0,141.0,56.0,6.0,11.0,67.0,188.0,163.0,62.0,2.0,16.0,66.0,183.0,167.0,63.0,20.0,23.0,86.0,181.0,158.0,29.0,18.0,31.0,79.0,193.0,138.0,38.0,3.922265625,3.9318359375,4.01953125,4.2998046875,4.092578124999999,3.9197265624999997,4.0482421875,4.118359375,3.839453125,3.7890625
_,_,01:198:440:01,Introduction To Artificial Intelligence,"Boularias, Abdeslam",676.0,188.0,0.0,7.0,13.0,54.0,90.0,24.0,2.0,0.0,11.0,50.0,101.0,24.0,1.0,2.0,13.0,56.0,92.0,24.0,2.0,1.0,7.0,53.0,101.0,24.0,0.0,0.0,15.0,42.0,107.0,24.0,2.0,3.0,12.0,52.0,95.0,24.0,1.0,1.0,11.0,63.0,89.0,23.0,0.0,1.0,10.0,69.0,85.0,23.0,3.0,10.0,11.0,52.0,102.0,10.0,2.0,10.0,18.0,64.0,85.0,9.0,4.325,4.4375,4.4,4.425,4.5125,4.387499999999999,4.4125000000000005,4.4375,4.2625,4.1625
_,_,01:198:442:01,Topics In Comp Sci: Probablistic Algorithms,"Steiger, William",30.0,5.0,1.0,0.0,2.0,0.0,1.0,1.0,1.0,1.0,1.0,0.0,1.0,1.0,1.0,1.0,0.0,1.0,1.0,1.0,1.0,0.0,1.0,1.0,1.0,1.0,1.0,2.0,0.0,0.0,1.0,1.0,1.0,0.0,2.0,0.0,1.0,1.0,2.0,1.0,0.0,0.0,1.0,1.0,1.0,0.0,1.0,0.0,2.0,1.0,1.0,1.0,1.0,0.0,1.0,1.0,2.0,1.0,0.0,0.0,1.0,1.0,3.0,2.8,3.0,3.3,2.5,3.0,2.3,3.5,2.8,2.3
_,_,01:198:443:01,Tpcs In Computer Sci: Advanced Topics In Cognitive,"Stone, Matthew",26.0,8.0,2.0,2.0,3.0,1.0,0.0,0.0,1.0,0.0,2.0,5.0,0.0,0.0,1.0,0.0,3.0,3.0,0.0,1.0,0.0,0.0,0.0,5.0,3.0,0.0,3.0,1.0,2.0,0.0,0.0,2.0,2.0,1.0,2.0,2.0,0.0,1.0,1.0,3.0,3.0,1.0,0.0,0.0,1.0,0.0,1.0,2.0,4.0,0.0,2.0,2.0,3.0,1.0,0.0,0.0,3.0,1.0,3.0,0.0,0.0,1.0,2.4,3.4,3.1,4.4,1.8,2.6,2.5,4.0,2.4,2.0
_,_,01:198:460:01,Intro Comp Robotics,"Yu, Jingjin",118.0,27.0,1.0,1.0,3.0,8.0,14.0,0.0,2.0,1.0,1.0,10.0,13.0,0.0,2.0,0.0,3.0,8.0,14.0,0.0,2.0,1.0,1.0,10.0,13.0,0.0,2.0,0.0,2.0,8.0,14.0,1.0,4.0,0.0,2.0,6.0,15.0,0.0,1.0,2.0,2.0,9.0,13.0,0.0,0.0,1.0,5.0,9.0,12.0,0.0,4.0,0.0,3.0,7.0,12.0,1.0,2.0,2.0,4.0,8.0,11.0,0.0,4.15,4.1,4.15,4.15,4.199999999999999,4.05,4.1,4.199999999999999,3.8499999999999996,3.8499999999999996
_,_,01:198:105:01,Great Insights In Computer Science,"Kulikowski, Casimir",85.0,26.0,1.0,2.0,5.0,4.0,10.0,4.0,1.0,3.0,4.0,5.0,9.0,4.0,4.0,0.0,4.0,4.0,10.0,4.0,1.0,0.0,4.0,5.0,12.0,4.0,1.0,2.0,3.0,5.0,11.0,4.0,4.0,0.0,3.0,4.0,11.0,4.0,3.0,1.0,2.0,6.0,9.0,5.0,2.0,0.0,4.0,6.0,9.0,5.0,5.0,2.0,3.0,4.0,12.0,0.0,4.0,3.0,3.0,5.0,10.0,1.0,4.2625,4.125,4.0625,4.425000000000001,4.3375,4.1625000000000005,4.275,4.225,3.9625000000000004,4.0
_,_,01:198:107:01,Comput Math & Scienc,"Motto, Douglas",190.0,78.0,0.0,2.0,10.0,23.0,33.0,10.0,2.0,2.0,8.0,27.0,29.0,10.0,2.0,8.0,17.0,19.0,22.0,10.0,2.0,0.0,13.0,28.0,25.0,10.0,0.0,2.0,8.0,29.0,29.0,10.0,1.0,3.0,18.0,20.0,26.0,10.0,0.0,4.0,17.0,26.0,19.0,12.0,5.0,9.0,19.0,19.0,15.0,11.0,3.0,3.0,11.0,29.0,30.0,2.0,3.0,4.0,15.0,31.0,22.0,3.0,4.1265625,3.859375,3.609375,3.903125,4.171875,3.7578125,3.796875,3.4078125,3.9109375,3.8765625
_,_,01:198:111:01,Intro Computer Sci: Grey: Students With No Programming Exp,"Centeno, Ana",344.0,147.0,2.0,1.0,11.0,50.0,81.0,2.0,2.0,1.0,12.0,45.0,86.0,1.0,2.0,2.0,15.0,40.0,87.0,1.0,2.0,0.0,8.0,37.0,99.0,1.0,2.0,3.0,11.0,41.0,83.0,7.0,2.0,2.0,10.0,47.0,84.0,2.0,1.0,3.0,22.0,58.0,59.0,4.0,3.0,8.0,28.0,43.0,61.0,4.0,2.0,3.0,9.0,44.0,87.0,2.0,3.0,8.0,24.0,52.0,53.0,7.0,4.4,4.5,4.4,4.6,4.4,4.4,4.2,4.1,4.5,4.0
_,_,01:198:112:01,Data Structures,"Chang, Lily",1576.0,628.0,6.0,20.0,98.0,243.0,174.0,87.0,9.0,33.0,103.0,227.0,165.0,91.0,17.0,33.0,131.0,210.0,147.0,90.0,5.0,9.0,89.0,230.0,202.0,93.0,6.0,9.0,91.0,203.0,187.0,132.0,12.0,28.0,131.0,226.0,140.0,91.0,9.0,23.0,77.0,235.0,207.0,77.0,10.0,14.0,81.0,245.0,199.0,79.0,22.0,43.0,137.0,229.0,158.0,39.0,23.0,41.0,124.0,243.0,166.0,31.0,4.003125,3.96875,3.8,4.109375,4.021875,3.8640625,4.0609375,4.0265625,3.8078125,3.725
_,_,01:198:112:21,Data Structures,"Centeno, Ana",482.0,228.0,2.0,3.0,15.0,94.0,108.0,6.0,2.0,6.0,20.0,81.0,116.0,3.0,3.0,4.0,25.0,89.0,103.0,4.0,2.0,2.0,10.0,77.0,133.0,4.0,2.0,4.0,33.0,91.0,92.0,6.0,5.0,2.0,22.0,98.0,96.0,5.0,2.0,5.0,19.0,80.0,112.0,10.0,3.0,6.0,26.0,89.0,95.0,9.0,3.0,4.0,19.0,94.0,103.0,5.0,8.0,6.0,32.0,102.0,72.0,8.0,4.35,4.35,4.25,4.5,4.25,4.25,4.35,4.25,4.3,4.05
_,_,01:198:142:01,Data 101,"Marian, Amelie",456.0,161.0,1.0,11.0,20.0,66.0,60.0,3.0,0.0,9.0,21.0,65.0,62.0,4.0,5.0,15.0,25.0,61.0,53.0,2.0,2.0,1.0,21.0,70.0,64.0,3.0,2.0,5.0,19.0,68.0,60.0,7.0,7.0,10.0,31.0,65.0,44.0,4.0,6.0,13.0,28.0,81.0,32.0,1.0,4.0,16.0,46.0,61.0,32.0,2.0,6.0,16.0,30.0,54.0,52.0,3.0,7.0,16.0,36.0,65.0,36.0,1.0,4.1,4.15,3.9,4.25,4.2,3.8,3.75,3.6,3.8499999999999996,3.6500000000000004
_,_,01:198:170:01,Computer Applications For Business,"Lau, Arnold",1635.0,914.0,10.0,21.0,92.0,345.0,327.0,119.0,13.0,16.0,103.0,326.0,330.0,126.0,16.0,37.0,157.0,304.0,277.0,123.0,6.0,8.0,78.0,320.0,377.0,125.0,8.0,15.0,79.0,327.0,329.0,156.0,12.0,46.0,143.0,318.0,269.0,126.0,10.0,32.0,118.0,366.0,268.0,120.0,81.0,181.0,222.0,192.0,115.0,123.0,22.0,39.0,155.0,329.0,326.0,43.0,31.0,47.0,176.0,394.0,222.0,44.0,4.0546875,4.03125,3.8296875000000004,4.2453125,4.18125,3.78125,3.9234375,2.9984374999999996,3.8703125,3.634375
_,_,01:198:170:A1,Computer Applications For Business,"Hajdu, John",1828.0,948.0,14.0,29.0,126.0,367.0,262.0,150.0,22.0,41.0,179.0,309.0,218.0,179.0,26.0,55.0,158.0,335.0,228.0,146.0,15.0,24.0,141.0,356.0,250.0,162.0,17.0,29.0,131.0,352.0,234.0,185.0,33.0,38.0,171.0,347.0,205.0,154.0,28.0,32.0,138.0,370.0,242.0,138.0,108.0,174.0,219.0,194.0,119.0,134.0,38.0,48.0,162.0,377.0,274.0,49.0,67.0,73.0,177.0,379.0,212.0,40.0,4.067187499999999,3.809375,3.9203125,3.9953125000000003,3.99375,3.86875,3.95,2.984375,3.8703125,3.6515625
_,_,01:198:205:01,Intr Discret Strct I,"Yu, Jingjin",140.0,47.0,1.0,0.0,7.0,21.0,17.0,1.0,1.0,2.0,5.0,20.0,17.0,2.0,1.0,2.0,12.0,19.0,12.0,1.0,1.0,1.0,8.0,21.0,16.0,0.0,0.0,1.0,4.0,24.0,17.0,1.0,0.0,1.0,13.0,19.0,13.0,1.0,0.0,0.0,10.0,21.0,16.0,0.0,0.0,5.0,18.0,12.0,12.0,0.0,0.0,3.0,7.0,19.0,17.0,1.0,0.0,1.0,9.0,22.0,15.0,0.0,4.2,4.1,3.9,4.1,4.2,4.0,4.1,3.7,4.1,4.1
_,_,01:198:205:04,Intr Discret Strct I,"Gao, Jie",407.0,142.0,0.0,0.0,5.0,43.0,93.0,1.0,0.0,1.0,6.0,42.0,90.0,3.0,0.0,3.0,11.0,44.0,81.0,3.0,0.0,0.0,4.0,44.0,92.0,2.0,0.0,2.0,11.0,40.0,87.0,2.0,0.0,3.0,10.0,43.0,83.0,3.0,1.0,2.0,15.0,59.0,63.0,2.0,1.0,16.0,40.0,43.0,40.0,2.0,0.0,2.0,10.0,38.0,90.0,2.0,0.0,4.0,17.0,54.0,65.0,2.0,4.65,4.6,4.5,4.65,4.550000000000001,4.5,4.3,3.8,4.55,4.300000000000001
_,_,01:198:206:01,Introduction To Discrete Structures II,"Cowan, Charles",498.0,171.0,1.0,3.0,11.0,45.0,111.0,0.0,1.0,4.0,12.0,23.0,130.0,1.0,3.0,8.0,15.0,36.0,109.0,0.0,1.0,1.0,6.0,34.0,128.0,1.0,7.0,10.0,16.0,44.0,91.0,3.0,5.0,6.0,14.0,44.0,102.0,0.0,4.0,8.0,19.0,61.0,75.0,4.0,15.0,24.0,52.0,44.0,32.0,4.0,4.0,8.0,12.0,44.0,102.0,1.0,9.0,12.0,20.0,56.0,71.0,3.0,4.525,4.6,4.375,4.699999999999999,4.199999999999999,4.324999999999999,4.15,3.25,4.35,4.0
_,_,01:198:210:01,Data Management For Data Science,"Venugopal, Seshadri",360.0,90.0,2.0,2.0,10.0,35.0,40.0,1.0,5.0,5.0,12.0,33.0,35.0,0.0,5.0,3.0,20.0,34.0,27.0,1.0,2.0,4.0,12.0,33.0,37.0,2.0,8.0,10.0,15.0,25.0,27.0,5.0,5.0,6.0,17.0,30.0,30.0,2.0,3.0,4.0,13.0,38.0,30.0,2.0,0.0,2.0,14.0,43.0,29.0,2.0,7.0,6.0,16.0,29.0,32.0,0.0,9.0,9.0,20.0,26.0,24.0,2.0,4.25,4.0,3.8,4.15,3.7,3.8499999999999996,4.05,4.15,3.85,3.55
_,_,01:198:211:12,Computer Architecture,"Francisco, John-Austen",487.0,153.0,5.0,17.0,23.0,39.0,44.0,25.0,2.0,7.0,20.0,49.0,49.0,26.0,5.0,14.0,17.0,43.0,49.0,25.0,3.0,7.0,16.0,44.0,57.0,26.0,3.0,9.0,30.0,37.0,47.0,27.0,4.0,9.0,32.0,43.0,38.0,27.0,4.0,14.0,25.0,50.0,34.0,26.0,4.0,14.0,30.0,39.0,40.0,26.0,16.0,15.0,24.0,47.0,41.0,10.0,17.0,14.0,30.0,47.0,36.0,9.0,3.7249999999999996,3.9250000000000003,3.775,4.05,3.8,3.7249999999999996,3.675,3.625,3.45,3.4
_,_,01:198:213:05,Software Methodology,"Chang, Lily",1405.0,422.0,5.0,11.0,38.0,149.0,164.0,55.0,5.0,26.0,50.0,136.0,147.0,58.0,14.0,23.0,64.0,138.0,127.0,56.0,7.0,12.0,48.0,136.0,162.0,57.0,11.0,14.0,55.0,130.0,155.0,57.0,15.0,21.0,73.0,134.0,123.0,56.0,6.0,8.0,48.0,148.0,157.0,55.0,3.0,9.0,45.0,152.0,157.0,56.0,19.0,23.0,70.0,143.0,143.0,24.0,10.0,27.0,63.0,167.0,129.0,26.0,4.27578125,4.1796875,3.9765625,4.11953125,4.074999999999999,3.915625,4.278124999999999,4.2953125,3.840625,3.90390625
_,_,01:198:314:05,Prin Prog Languages,"Zhang, Zheng",492.0,156.0,6.0,9.0,21.0,47.0,41.0,32.0,10.0,11.0,19.0,45.0,39.0,32.0,14.0,13.0,26.0,39.0,31.0,33.0,8.0,2.0,23.0,47.0,44.0,32.0,11.0,6.0,24.0,47.0,33.0,35.0,11.0,15.0,30.0,38.0,30.0,32.0,6.0,14.0,22.0,53.0,30.0,31.0,7.0,19.0,39.0,33.0,28.0,30.0,19.0,9.0,32.0,42.0,36.0,18.0,20.0,13.0,32.0,46.0,28.0,17.0,3.875,3.725,3.45,3.925,3.7,3.45,3.7249999999999996,3.4250000000000003,3.5,3.325
_,_,01:198:334:01,Introduction To Imaging And Multimedia,"Elgammal, Ahmed",282.0,66.0,4.0,2.0,12.0,30.0,14.0,4.0,2.0,3.0,14.0,25.0,17.0,5.0,4.0,9.0,17.0,15.0,16.0,5.0,2.0,5.0,10.0,26.0,19.0,4.0,3.0,1.0,16.0,23.0,18.0,5.0,3.0,7.0,16.0,19.0,17.0,4.0,2.0,6.0,13.0,24.0,17.0,4.0,1.0,10.0,17.0,17.0,16.0,5.0,6.0,3.0,14.0,26.0,14.0,3.0,5.0,8.0,11.0,23.0,16.0,3.0,3.9,3.95,3.675,3.975,3.95,3.775,3.875,3.575,3.75,3.7
_,_,01:198:336:01,Prin Info & Data Mgt,"Imielinski, Tomasz",362.0,111.0,6.0,8.0,11.0,40.0,45.0,1.0,3.0,7.0,12.0,37.0,51.0,1.0,6.0,5.0,10.0,40.0,47.0,3.0,1.0,2.0,11.0,33.0,63.0,1.0,4.0,8.0,12.0,33.0,49.0,5.0,5.0,7.0,19.0,34.0,45.0,1.0,0.0,1.0,14.0,39.0,53.0,4.0,0.0,2.0,24.0,39.0,45.0,1.0,3.0,8.0,12.0,36.0,51.0,1.0,5.0,6.0,10.0,39.0,50.0,1.0,4.0,4.15,4.05,4.4,4.1,3.95,4.35,4.15,4.1,4.15
_,_,01:198:344:01,Dsgn&anal Comp Algor,"Zhang, Yongfeng",747.0,227.0,0.0,3.0,18.0,66.0,118.0,22.0,1.0,6.0,27.0,62.0,108.0,23.0,1.0,5.0,36.0,66.0,95.0,24.0,1.0,2.0,16.0,74.0,111.0,23.0,2.0,5.0,14.0,57.0,124.0,25.0,1.0,6.0,25.0,73.0,100.0,22.0,0.0,3.0,23.0,85.0,96.0,20.0,3.0,8.0,47.0,77.0,72.0,20.0,1.0,8.0,21.0,67.0,118.0,12.0,1.0,5.0,27.0,84.0,102.0,8.0,4.45,4.325,4.225,4.475,4.5,4.325,4.300000000000001,3.9749999999999996,4.375,4.275
_,_,01:198:344:05,Dsgn&anal Comp Algor,"Farach-Colton, Martin",195.0,42.0,4.0,3.0,6.0,14.0,15.0,0.0,4.0,3.0,8.0,13.0,14.0,0.0,6.0,3.0,10.0,8.0,13.0,2.0,4.0,5.0,9.0,11.0,13.0,0.0,3.0,3.0,8.0,12.0,16.0,0.0,7.0,5.0,11.0,6.0,12.0,1.0,4.0,8.0,6.0,11.0,12.0,1.0,4.0,5.0,12.0,11.0,9.0,1.0,10.0,3.0,9.0,8.0,10.0,2.0,3.0,10.0,11.0,5.0,11.0,2.0,3.8,3.7,3.5,3.6,3.8,3.3,3.5,3.4,3.1,3.3
_,_,01:198:352:01,Internet Technology,"Martin, Richard",284.0,88.0,18.0,20.0,17.0,15.0,8.0,10.0,23.0,16.0,19.0,13.0,6.0,11.0,20.0,15.0,18.0,17.0,9.0,9.0,19.0,8.0,22.0,19.0,8.0,12.0,11.0,3.0,19.0,29.0,14.0,12.0,22.0,11.0,19.0,18.0,8.0,10.0,14.0,13.0,17.0,21.0,12.0,11.0,5.0,5.0,18.0,30.0,19.0,11.0,34.0,10.0,19.0,12.0,7.0,6.0,21.0,18.0,21.0,11.0,10.0,7.0,2.65,2.45,2.75,2.8,3.45,2.75,3.05,3.7,2.3,2.5999999999999996
_,_,01:198:417:01,Distributed Systems: Concepts And Design,"Krzyzanowski, Paul",159.0,45.0,1.0,0.0,1.0,10.0,30.0,3.0,1.0,2.0,2.0,11.0,27.0,2.0,1.0,2.0,3.0,10.0,27.0,2.0,1.0,0.0,4.0,8.0,30.0,2.0,0.0,1.0,0.0,14.0,28.0,2.0,3.0,0.0,3.0,11.0,26.0,2.0,0.0,3.0,1.0,12.0,27.0,2.0,0.0,1.0,7.0,10.0,25.0,2.0,1.0,1.0,4.0,9.0,30.0,0.0,3.0,0.0,2.0,14.0,24.0,2.0,4.575,4.362500000000001,4.3375,4.525,4.575,4.25,4.425,4.3374999999999995,4.4,4.225
_,_,01:198:419:90,Computer Security,"Ma, Shiqing",31.0,9.0,0.0,1.0,3.0,2.0,2.0,1.0,0.0,1.0,3.0,3.0,1.0,1.0,0.0,2.0,2.0,2.0,2.0,1.0,0.0,1.0,1.0,3.0,3.0,1.0,0.0,1.0,1.0,2.0,3.0,2.0,0.0,2.0,3.0,1.0,1.0,2.0,1.0,0.0,3.0,2.0,2.0,1.0,0.0,1.0,1.0,3.0,3.0,1.0,2.0,1.0,1.0,3.0,1.0,1.0,2.0,2.0,0.0,2.0,2.0,1.0,3.6,3.5,3.5,4.0,4.0,3.1,3.5,4.0,3.0,3.0
_,_,01:198:428:90,Introduction To Computer Graphics,"Kapadia, Mubbasir",44.0,9.0,0.0,1.0,3.0,3.0,2.0,0.0,0.0,1.0,2.0,2.0,2.0,2.0,1.0,0.0,5.0,2.0,1.0,0.0,0.0,1.0,3.0,2.0,3.0,0.0,0.0,0.0,3.0,2.0,3.0,1.0,0.0,1.0,3.0,3.0,2.0,0.0,1.0,0.0,1.0,4.0,3.0,0.0,0.0,0.0,3.0,4.0,2.0,0.0,1.0,0.0,4.0,3.0,1.0,0.0,0.0,1.0,2.0,4.0,2.0,0.0,3.7,3.7,3.2,3.8,4.0,3.7,3.9,3.9,3.3,3.8
_,_,01:198:437:01,Database Systems Implementation,"Deng, Dong",8.0,1.0,0.0,0.0,0.0,0.0,1.0,0.0,0.0,0.0,0.0,0.0,1.0,0.0,0.0,0.0,0.0,0.0,1.0,0.0,0.0,0.0,0.0,0.0,1.0,0.0,0.0,0.0,0.0,0.0,1.0,0.0,0.0,0.0,0.0,0.0,1.0,0.0,0.0,0.0,0.0,0.0,1.0,0.0,0.0,0.0,0.0,0.0,1.0,0.0,0.0,0.0,0.0,0.0,1.0,0.0,0.0,0.0,0.0,0.0,1.0,0.0,5.0,5.0,5.0,5.0,5.0,5.0,5.0,5.0,5.0,5.0
_,_,01:198:452:01,Formal Lang&automata,"Allender, Eric",60.0,19.0,0.0,0.0,2.0,4.0,13.0,0.0,0.0,0.0,2.0,4.0,13.0,0.0,0.0,0.0,2.0,5.0,12.0,0.0,0.0,0.0,1.0,3.0,14.0,1.0,0.0,0.0,1.0,4.0,13.0,1.0,0.0,0.0,2.0,7.0,10.0,0.0,0.0,1.0,2.0,4.0,12.0,0.0,0.0,1.0,7.0,4.0,6.0,1.0,0.0,0.0,1.0,7.0,11.0,0.0,0.0,0.0,2.0,8.0,9.0,0.0,4.55,4.550000000000001,4.5,4.75,4.65,4.449999999999999,4.45,3.8499999999999996,4.55,4.4
_,_,01:198:460:01,Introduction to Computational Robotics,"Bekris, Kostas",93.0,22.0,0.0,1.0,2.0,9.0,9.0,1.0,0.0,0.0,2.0,9.0,9.0,2.0,0.0,3.0,0.0,9.0,9.0,1.0,0.0,0.0,6.0,5.0,9.0,2.0,0.0,3.0,4.0,6.0,7.0,2.0,0.0,1.0,6.0,4.0,10.0,1.0,0.0,2.0,3.0,5.0,11.0,1.0,0.0,0.0,5.0,1.0,15.0,1.0,2.0,2.0,3.0,6.0,8.0,1.0,2.0,3.0,4.0,3.0,9.0,1.0,4.25,4.35,4.15,4.15,3.85,4.1,4.2,4.5,3.75,3.65
_,_,01:198:461:01,Machine Learning Principles,"Lee, Jang Sun",35.0,22.0,0.0,0.0,1.0,8.0,12.0,1.0,0.0,0.0,1.0,5.0,15.0,1.0,0.0,0.0,2.0,5.0,14.0,1.0,0.0,0.0,1.0,2.0,18.0,1.0,0.0,0.0,0.0,2.0,18.0,2.0,0.0,0.0,1.0,3.0,17.0,1.0,0.0,0.0,0.0,5.0,17.0,0.0,0.0,0.0,2.0,6.0,14.0,0.0,0.0,1.0,0.0,7.0,13.0,1.0,0.0,1.0,1.0,5.0,15.0,0.0,4.5,4.7,4.6,4.8,4.9,4.8,4.8,4.6,4.5,4.6
_,_,01:198:111:01,Intro Computer Sci,"Centeno, Ana Paula",812.0,396.0,4.0,2.0,23.0,112.0,189.0,66.0,3.0,3.0,27.0,98.0,199.0,66.0,3.0,3.0,29.0,96.0,200.0,65.0,2.0,2.0,14.0,80.0,233.0,65.0,4.0,4.0,34.0,99.0,177.0,78.0,3.0,4.0,27.0,102.0,194.0,66.0,4.0,4.0,52.0,124.0,144.0,68.0,5.0,11.0,65.0,101.0,146.0,68.0,3.0,4.0,30.0,105.0,233.0,21.0,7.0,13.0,49.0,142.0,163.0,22.0,4.425000000000001,4.5,4.45,4.625,4.4,4.475,4.225,4.1,4.5,4.175
_,_,01:198:112:01,Data Structures,"Centeno, Ana Paula",1526.0,643.0,6.0,6.0,23.0,181.0,336.0,91.0,6.0,6.0,32.0,171.0,337.0,91.0,6.0,6.0,42.0,172.0,325.0,92.0,4.0,2.0,18.0,138.0,387.0,94.0,5.0,17.0,39.0,174.0,307.0,101.0,6.0,3.0,46.0,171.0,325.0,92.0,4.0,9.0,40.0,191.0,306.0,93.0,8.0,17.0,88.0,185.0,251.0,94.0,5.0,13.0,43.0,163.0,395.0,24.0,9.0,21.0,68.0,247.0,273.0,25.0,4.5125,4.46875,4.425,4.6499999999999995,4.3375,4.456250000000001,4.44375,4.15625,4.5062500000000005,4.231249999999999
_,_,01:198:142:10,Data 101,"Gholizadeh Hamidi, Samaneh",229.0,167.0,47.0,45.0,33.0,32.0,9.0,1.0,39.0,41.0,36.0,42.0,8.0,1.0,48.0,44.0,40.0,27.0,7.0,1.0,37.0,30.0,46.0,40.0,13.0,1.0,27.0,27.0,45.0,54.0,12.0,2.0,55.0,42.0,40.0,22.0,7.0,1.0,26.0,25.0,48.0,55.0,11.0,2.0,8.0,15.0,47.0,59.0,36.0,2.0,78.0,31.0,34.0,13.0,10.0,1.0,62.0,31.0,33.0,31.0,8.0,2.0,2.475,2.6,2.425,2.8,2.975,2.35,3.05,3.6500000000000004,2.125,2.4
_,_,01:198:205:07,Introduction To Discrete Structures I,"Farach-Colton, Martin",151.0,46.0,0.0,0.0,8.0,18.0,19.0,1.0,0.0,1.0,4.0,17.0,23.0,1.0,0.0,0.0,4.0,15.0,26.0,1.0,0.0,1.0,5.0,12.0,27.0,1.0,0.0,1.0,11.0,15.0,16.0,3.0,0.0,1.0,5.0,13.0,26.0,1.0,0.0,2.0,5.0,20.0,19.0,0.0,1.0,5.0,8.0,15.0,16.0,1.0,0.0,0.0,9.0,12.0,24.0,1.0,0.0,3.0,7.0,18.0,18.0,0.0,4.2,4.4,4.5,4.4,4.1,4.4,4.2,3.9,4.3,4.1
_,_,01:198:213:01,Software Methodology,"Venugopal, Sesh",669.0,197.0,3.0,5.0,18.0,64.0,80.0,27.0,7.0,6.0,29.0,61.0,67.0,27.0,9.0,16.0,31.0,53.0,61.0,27.0,7.0,11.0,26.0,64.0,61.0,28.0,9.0,14.0,25.0,65.0,51.0,33.0,8.0,13.0,29.0,63.0,56.0,28.0,3.0,8.0,16.0,65.0,74.0,31.0,3.0,4.0,24.0,66.0,69.0,31.0,10.0,12.0,32.0,55.0,75.0,13.0,8.0,16.0,34.0,62.0,63.0,14.0,4.237500000000001,4.0125,3.8625,4.0,3.8,3.8625,4.25,4.1375,4.012499999999999,3.9124999999999996
_,_,01:198:294:01,Indep Study Comp Sci,"Centeno, Ana Paula",55.0,34.0,0.0,1.0,2.0,8.0,17.0,6.0,0.0,0.0,2.0,5.0,21.0,6.0,0.0,0.0,1.0,5.0,22.0,6.0,0.0,0.0,0.0,6.0,22.0,6.0,0.0,0.0,0.0,9.0,19.0,6.0,0.0,0.0,0.0,8.0,19.0,7.0,0.0,0.0,6.0,12.0,12.0,4.0,0.0,0.0,4.0,15.0,10.0,5.0,1.0,1.0,0.0,7.0,18.0,7.0,0.0,1.0,1.0,11.0,16.0,5.0,4.3,4.6,4.699999999999999,4.75,4.65,4.65,4.25,4.2,4.3,4.4
_,_,01:198:310:01,Data Science Capstone Project,"Imielinski, Tomasz",160.0,64.0,0.0,5.0,16.0,18.0,9.0,16.0,0.0,7.0,16.0,12.0,13.0,16.0,0.0,5.0,15.0,14.0,13.0,17.0,0.0,5.0,11.0,14.0,16.0,18.0,0.0,2.0,13.0,11.0,17.0,21.0,0.0,5.0,14.0,14.0,14.0,17.0,3.0,4.0,14.0,19.0,10.0,14.0,0.0,1.0,12.0,17.0,21.0,13.0,1.0,4.0,14.0,13.0,21.0,11.0,3.0,5.0,19.0,20.0,13.0,4.0,3.621875,3.5718750000000004,3.803125,3.8468750000000003,3.925,3.734375,3.515625,4.203125,3.9218749999999996,3.565625
_,_,01:198:323:01,Numer Anal Computing,"Zhang, Peng",258.0,102.0,2.0,3.0,17.0,39.0,28.0,13.0,4.0,3.0,18.0,35.0,27.0,15.0,9.0,6.0,20.0,31.0,22.0,14.0,3.0,1.0,13.0,33.0,38.0,14.0,2.0,2.0,14.0,38.0,31.0,15.0,7.0,4.0,24.0,28.0,24.0,15.0,1.0,7.0,17.0,46.0,17.0,14.0,4.0,15.0,24.0,34.0,12.0,13.0,6.0,10.0,18.0,37.0,24.0,7.0,7.0,6.0,24.0,34.0,22.0,9.0,4.0,3.95,3.5999999999999996,4.15,4.1,3.6500000000000004,3.8,3.4,3.7,3.7
_,_,01:198:344:05,Design And Analysis Of Computer Algorithms,"Bernstein, Aaron",458.0,157.0,1.0,1.0,0.0,45.0,109.0,1.0,1.0,0.0,3.0,35.0,117.0,1.0,1.0,1.0,14.0,42.0,95.0,4.0,1.0,0.0,4.0,41.0,108.0,3.0,2.0,1.0,2.0,42.0,107.0,3.0,1.0,1.0,11.0,45.0,98.0,1.0,0.0,0.0,11.0,57.0,88.0,1.0,3.0,11.0,33.0,49.0,61.0,0.0,0.0,1.0,3.0,37.0,115.0,1.0,0.0,2.0,10.0,56.0,87.0,2.0,4.7,4.7,4.5,4.65,4.6,4.5,4.5,4.0,4.75,4.5
_,_,01:198:352:01,Internet Technology,"Narayana Ganapathy, Srinivas",471.0,235.0,0.0,0.0,4.0,37.0,180.0,14.0,1.0,0.0,5.0,42.0,174.0,13.0,0.0,1.0,11.0,51.0,158.0,14.0,0.0,0.0,3.0,47.0,170.0,15.0,1.0,1.0,13.0,51.0,152.0,17.0,0.0,0.0,8.0,58.0,155.0,14.0,0.0,0.0,8.0,66.0,148.0,13.0,0.0,8.0,42.0,87.0,82.0,16.0,0.0,1.0,6.0,42.0,175.0,11.0,1.0,0.0,14.0,68.0,140.0,12.0,4.775,4.775,4.65,4.775,4.65,4.675000000000001,4.625,4.15,4.775,4.55
_,_,01:198:352:04,Internet Technology,"Francisco, John-Austen",12.0,1.0,0.0,0.0,0.0,0.0,1.0,0.0,0.0,0.0,0.0,0.0,1.0,0.0,0.0,0.0,0.0,0.0,1.0,0.0,0.0,0.0,0.0,0.0,1.0,0.0,0.0,0.0,0.0,0.0,1.0,0.0,0.0,0.0,0.0,0.0,1.0,0.0,0.0,0.0,0.0,1.0,0.0,0.0,0.0,0.0,1.0,0.0,0.0,0.0,0.0,0.0,0.0,0.0,1.0,0.0,0.0,0.0,0.0,1.0,0.0,0.0,5.0,5.0,5.0,5.0,5.0,5.0,4.0,3.0,5.0,4.0
_,_,01:198:416:01,Operating Systems Design,"Francisco, John-Austen",52.0,15.0,0.0,1.0,0.0,5.0,8.0,1.0,0.0,2.0,1.0,4.0,7.0,1.0,0.0,2.0,0.0,4.0,8.0,1.0,0.0,1.0,3.0,3.0,7.0,1.0,0.0,0.0,4.0,4.0,6.0,1.0,0.0,2.0,3.0,2.0,7.0,1.0,0.0,0.0,2.0,5.0,7.0,1.0,0.0,1.0,2.0,5.0,6.0,1.0,1.0,0.0,2.0,4.0,7.0,1.0,0.0,0.0,3.0,4.0,7.0,1.0,4.6,4.4,4.5,4.4,4.25,4.3,4.5,4.1,4.4,4.5
_,_,01:198:440:01,Introduction To Artificial Intelligence,"Bekris, Kostas",172.0,46.0,1.0,3.0,2.0,18.0,22.0,0.0,2.0,1.0,4.0,17.0,22.0,0.0,2.0,3.0,8.0,13.0,20.0,0.0,1.0,1.0,2.0,16.0,26.0,0.0,2.0,0.0,7.0,17.0,20.0,0.0,2.0,4.0,6.0,16.0,18.0,0.0,1.0,4.0,4.0,22.0,15.0,0.0,2.0,2.0,6.0,19.0,17.0,0.0,2.0,3.0,7.0,14.0,20.0,0.0,5.0,2.0,7.0,15.0,17.0,0.0,4.2,4.1,4.0,4.4,4.05,3.95,4.0,4.1,4.0,3.7
_,_,01:198:443:01,Tpcs In Computer Sci: Quantum Computing: Programs And Systems,"Huang, Yipeng",58.0,19.0,0.0,0.0,0.0,0.0,18.0,1.0,0.0,0.0,0.0,1.0,17.0,1.0,0.0,0.0,0.0,1.0,17.0,1.0,0.0,0.0,0.0,0.0,18.0,1.0,0.0,0.0,0.0,2.0,16.0,1.0,0.0,0.0,0.0,3.0,15.0,1.0,0.0,0.0,1.0,1.0,16.0,1.0,0.0,0.0,1.0,3.0,14.0,1.0,0.0,0.0,0.0,1.0,17.0,1.0,0.0,0.0,0.0,3.0,15.0,1.0,5.0,4.9,4.95,5.0,4.95,4.7,4.9,4.8,4.95,4.85
_,_,01:198:445:01,Topics In Computer Science: Algorithms In The Wild,"Marian, Amelie",48.0,12.0,0.0,0.0,0.0,6.0,6.0,0.0,0.0,0.0,1.0,3.0,8.0,0.0,0.0,0.0,3.0,4.0,5.0,0.0,0.0,0.0,1.0,5.0,6.0,0.0,1.0,2.0,1.0,4.0,4.0,0.0,0.0,0.0,2.0,8.0,2.0,0.0,0.0,0.0,2.0,6.0,4.0,0.0,0.0,0.0,4.0,6.0,2.0,0.0,0.0,0.0,2.0,6.0,4.0,0.0,0.0,2.0,1.0,6.0,3.0,0.0,4.5,4.6,4.2,4.4,3.7,4.0,4.2,3.8,4.2,3.8
_,_,01:198:461:01,Machine Learning Principles,"Cowan, Charles",99.0,20.0,0.0,0.0,0.0,4.0,16.0,0.0,0.0,0.0,1.0,3.0,16.0,0.0,0.0,0.0,0.0,4.0,16.0,0.0,0.0,0.0,1.0,4.0,15.0,0.0,0.0,0.0,0.0,3.0,12.0,5.0,0.0,0.0,2.0,2.0,16.0,0.0,0.0,0.0,0.0,4.0,16.0,0.0,0.0,0.0,0.0,4.0,16.0,0.0,0.0,0.0,0.0,4.0,16.0,0.0,0.0,0.0,0.0,6.0,14.0,0.0,4.8,4.75,4.800000000000001,4.699999999999999,4.85,4.699999999999999,4.8,4.8,4.8,4.7
_,_,01:198:495:01,Computer Science Honors Capstone        Program,"Venugopal, Sesh",21.0,4.0,0.0,0.0,0.0,1.0,2.0,1.0,0.0,0.0,0.0,1.0,2.0,1.0,0.0,0.0,0.0,1.0,2.0,1.0,0.0,0.0,0.0,0.0,3.0,1.0,0.0,0.0,0.0,0.0,3.0,1.0,0.0,0.0,0.0,0.0,3.0,1.0,0.0,0.0,0.0,2.0,1.0,1.0,0.0,0.0,0.0,2.0,1.0,1.0,0.0,0.0,0.0,1.0,2.0,1.0,0.0,0.0,0.0,2.0,1.0,1.0,4.5,4.5,4.75,5.0,5.0,5.0,4.25,4.25,4.5,4.25
_,_,01:198:110:01,Principles Of Computer Science,"Srinivasa Raghavan, Anirudh",41.0,19.0,0.0,0.0,1.0,4.0,8.0,6.0,0.0,0.0,1.0,4.0,8.0,6.0,0.0,0.0,3.0,3.0,7.0,6.0,0.0,0.0,1.0,3.0,9.0,6.0,0.0,0.0,2.0,4.0,7.0,6.0,0.0,0.0,3.0,3.0,7.0,6.0,1.0,0.0,3.0,4.0,6.0,5.0,1.0,1.0,1.0,3.0,8.0,5.0,0.0,1.0,2.0,6.0,9.0,1.0,2.0,0.0,2.0,5.0,9.0,1.0,4.550000000000001,4.550000000000001,4.3,4.65,4.4,4.3,4.05,4.15,4.4,4.15
_,_,01:198:111:4A,Intro Computer Sci,"Karmakar, Arnab",153.0,72.0,8.0,8.0,11.0,12.0,9.0,24.0,5.0,11.0,10.0,14.0,8.0,24.0,5.0,5.0,12.0,12.0,13.0,25.0,5.0,1.0,9.0,14.0,19.0,24.0,1.0,3.0,14.0,14.0,11.0,29.0,7.0,5.0,10.0,13.0,13.0,24.0,4.0,4.0,10.0,22.0,9.0,23.0,1.0,5.0,3.0,18.0,22.0,23.0,22.0,6.0,12.0,15.0,9.0,8.0,8.0,9.0,14.0,26.0,8.0,7.0,3.1,3.2,3.5,3.9,3.7,3.4,3.6,4.1,2.7,3.3
_,_,01:198:142:01,Data 101: Data Literacy,"Imielinski, Tomasz",1061.0,459.0,45.0,59.0,84.0,140.0,78.0,53.0,37.0,48.0,89.0,133.0,99.0,53.0,44.0,41.0,70.0,108.0,142.0,54.0,35.0,34.0,66.0,126.0,142.0,56.0,52.0,57.0,86.0,106.0,90.0,68.0,45.0,51.0,79.0,129.0,101.0,54.0,31.0,47.0,77.0,151.0,99.0,54.0,13.0,18.0,89.0,174.0,111.0,54.0,99.0,57.0,77.0,125.0,87.0,14.0,94.0,53.0,90.0,126.0,76.0,20.0,3.34375,3.5,3.5,3.61875,3.225,3.375,3.5250000000000004,3.7625,3.0625,3.14375
_,_,01:198:142:10,Data 101: Data Literacy,"Mardekian, Jack",391.0,196.0,11.0,16.0,41.0,55.0,45.0,28.0,10.0,18.0,31.0,64.0,46.0,27.0,17.0,28.0,36.0,40.0,48.0,27.0,9.0,17.0,36.0,59.0,48.0,27.0,10.0,18.0,32.0,58.0,49.0,29.0,17.0,25.0,40.0,46.0,39.0,29.0,9.0,20.0,47.0,53.0,35.0,32.0,2.0,15.0,39.0,73.0,35.0,32.0,34.0,25.0,43.0,32.0,45.0,17.0,26.0,24.0,45.0,58.0,28.0,15.0,3.6500000000000004,3.725,3.425,3.7250000000000005,3.725,3.425,3.5250000000000004,3.775,3.175,3.225
_,_,01:198:205:01,Introduction To Discrete Structures I,"Miranda Garcia, Antonio",397.0,140.0,3.0,11.0,22.0,38.0,46.0,20.0,9.0,10.0,22.0,39.0,40.0,20.0,8.0,9.0,26.0,40.0,37.0,20.0,2.0,2.0,25.0,47.0,44.0,20.0,4.0,14.0,35.0,33.0,33.0,21.0,4.0,12.0,30.0,39.0,34.0,21.0,3.0,7.0,20.0,52.0,37.0,21.0,4.0,12.0,38.0,40.0,25.0,21.0,13.0,9.0,28.0,42.0,44.0,4.0,17.0,12.0,32.0,40.0,34.0,5.0,3.9,3.8,3.75,4.05,3.6,3.7,3.9,3.6,3.65,3.5
_,_,01:198:213:03,Software Methodology,"Kanade, Sanchay",77.0,24.0,0.0,0.0,1.0,5.0,2.0,16.0,0.0,0.0,1.0,5.0,2.0,16.0,1.0,0.0,0.0,5.0,2.0,16.0,0.0,1.0,0.0,4.0,2.0,17.0,1.0,0.0,0.0,5.0,2.0,16.0,1.0,0.0,0.0,5.0,2.0,16.0,0.0,2.0,1.0,4.0,10.0,7.0,0.0,0.0,0.0,8.0,9.0,7.0,1.0,0.0,1.0,3.0,5.0,14.0,2.0,2.0,2.0,6.0,8.0,4.0,4.05,4.05,3.95,4.0,3.95,3.95,4.5,4.449999999999999,4.15,4.0
_,_,01:198:214:01,Systems Programming,"Menendez, David",1415.0,473.0,26.0,34.0,68.0,152.0,113.0,80.0,41.0,41.0,67.0,134.0,110.0,80.0,27.0,36.0,86.0,127.0,115.0,82.0,18.0,31.0,82.0,140.0,122.0,80.0,38.0,36.0,93.0,81.0,91.0,134.0,35.0,33.0,107.0,119.0,96.0,83.0,20.0,22.0,73.0,150.0,126.0,82.0,10.0,42.0,98.0,139.0,97.0,87.0,47.0,54.0,88.0,140.0,111.0,33.0,59.0,48.0,116.0,125.0,90.0,35.0,3.6546875,3.3125,3.5703125,3.7421875,3.025,3.2515625000000004,3.6953125,3.6031250000000004,3.284375,3.0374999999999996
_,_,01:198:314:05,Principles Of Programming Languages,"Zhu, He",321.0,97.0,1.0,4.0,9.0,36.0,40.0,7.0,1.0,7.0,8.0,38.0,36.0,7.0,3.0,8.0,16.0,29.0,34.0,7.0,2.0,3.0,8.0,36.0,41.0,7.0,2.0,5.0,5.0,36.0,40.0,9.0,3.0,6.0,16.0,31.0,33.0,8.0,2.0,4.0,19.0,28.0,38.0,6.0,2.0,8.0,27.0,30.0,24.0,6.0,3.0,5.0,17.0,33.0,37.0,2.0,5.0,4.0,22.0,31.0,34.0,1.0,4.25,4.2,3.95,4.3,4.3,4.0,4.1,3.7,4.05,3.9
_,_,01:198:323:01,Numer Anal Computing,"Aanjaneya, Mridul",467.0,137.0,2.0,5.0,8.0,41.0,57.0,24.0,2.0,6.0,14.0,39.0,52.0,24.0,3.0,8.0,15.0,42.0,44.0,25.0,2.0,5.0,15.0,35.0,55.0,25.0,1.0,0.0,7.0,39.0,62.0,28.0,4.0,3.0,16.0,41.0,47.0,26.0,3.0,8.0,14.0,49.0,37.0,26.0,10.0,19.0,30.0,32.0,20.0,26.0,4.0,7.0,13.0,47.0,52.0,14.0,5.0,7.0,25.0,45.0,38.0,17.0,4.325,4.225,4.05,4.25,4.5,4.175,4.0,3.375,4.175,3.95
_,_,01:198:344:01,Design And Analysis Of Computer Algorithms,"Gao, Jie",243.0,76.0,0.0,2.0,11.0,16.0,32.0,15.0,0.0,4.0,5.0,17.0,34.0,16.0,1.0,4.0,8.0,19.0,29.0,15.0,0.0,0.0,3.0,19.0,39.0,15.0,2.0,3.0,7.0,15.0,34.0,15.0,1.0,1.0,13.0,17.0,29.0,15.0,0.0,3.0,5.0,28.0,25.0,15.0,0.0,7.0,19.0,20.0,15.0,15.0,0.0,4.0,11.0,17.0,36.0,8.0,2.0,3.0,15.0,21.0,28.0,7.0,4.3,4.4,4.2,4.6,4.3,4.2,4.2,3.7,4.3,4.0
_,_,01:198:344:05,Design And Analysis Of Computer Algorithms,"Gholizadeh Hamidi, Samaneh",163.0,127.0,20.0,20.0,23.0,41.0,15.0,8.0,22.0,25.0,22.0,33.0,18.0,7.0,14.0,27.0,24.0,38.0,16.0,8.0,20.0,13.0,28.0,37.0,22.0,7.0,16.0,15.0,35.0,41.0,10.0,10.0,19.0,23.0,21.0,36.0,21.0,7.0,9.0,16.0,28.0,53.0,12.0,9.0,9.0,15.0,28.0,48.0,17.0,10.0,31.0,23.0,31.0,26.0,12.0,4.0,26.0,20.0,36.0,32.0,9.0,4.0,3.1,3.0,3.1,3.2,3.1,3.1,3.4,3.4,2.7,2.8
_,_,01:198:345:01,Algorithms In Society,"Marian, Amelie",48.0,20.0,0.0,0.0,0.0,5.0,12.0,3.0,0.0,0.0,1.0,3.0,13.0,3.0,0.0,0.0,0.0,4.0,13.0,3.0,0.0,0.0,0.0,3.0,13.0,4.0,0.0,0.0,2.0,3.0,12.0,3.0,0.0,0.0,0.0,5.0,12.0,3.0,0.0,1.0,0.0,6.0,10.0,3.0,0.0,0.0,2.0,8.0,7.0,3.0,0.0,1.0,0.0,5.0,13.0,1.0,0.0,1.0,2.0,4.0,12.0,1.0,4.7,4.7,4.8,4.8,4.6,4.7,4.5,4.3,4.6,4.4
_,_,01:198:416:01,Operating Systems Design,"Narayana Ganapathy, Srinivas",94.0,23.0,0.0,1.0,2.0,10.0,7.0,3.0,0.0,1.0,4.0,7.0,8.0,3.0,1.0,0.0,3.0,7.0,9.0,3.0,0.0,0.0,4.0,7.0,9.0,3.0,0.0,1.0,4.0,7.0,7.0,4.0,2.0,0.0,3.0,7.0,8.0,3.0,0.0,1.0,3.0,10.0,7.0,2.0,0.0,0.0,5.0,8.0,8.0,2.0,1.0,0.0,3.0,7.0,9.0,3.0,1.0,2.0,4.0,6.0,8.0,2.0,4.2,4.1,4.2,4.3,4.1,4.0,4.1,4.1,4.2,3.9
_,_,01:198:440:01,Introduction To Artificial Intelligence,"Cowan, Charles",146.0,46.0,0.0,0.0,1.0,7.0,32.0,6.0,0.0,0.0,2.0,7.0,31.0,6.0,0.0,0.0,2.0,5.0,33.0,6.0,0.0,0.0,2.0,8.0,30.0,6.0,0.0,2.0,1.0,8.0,29.0,6.0,0.0,0.0,2.0,8.0,30.0,6.0,0.0,0.0,1.0,10.0,29.0,6.0,0.0,0.0,3.0,13.0,24.0,6.0,0.0,0.0,1.0,5.0,38.0,2.0,0.0,1.0,0.0,11.0,30.0,4.0,4.8,4.7,4.8,4.7,4.6,4.7,4.7,4.5,4.8,4.7
_,_,01:198:452:01,Formal Lang&automata,"Srikanta, Karthik",26.0,10.0,0.0,0.0,1.0,3.0,2.0,4.0,0.0,0.0,1.0,2.0,3.0,4.0,1.0,0.0,0.0,2.0,3.0,4.0,0.0,0.0,1.0,2.0,3.0,4.0,0.0,0.0,0.0,2.0,4.0,4.0,1.0,0.0,1.0,2.0,2.0,4.0,0.0,0.0,0.0,1.0,5.0,4.0,0.0,0.0,1.0,3.0,2.0,4.0,0.0,1.0,2.0,2.0,3.0,2.0,0.0,0.0,3.0,5.0,0.0,2.0,4.2,4.3,4.0,4.3,4.7,3.7,4.8,4.2,3.9,3.6
_,_,01:198:461:01,Machine Learning Principles,"Stratos, Karl",86.0,30.0,3.0,1.0,6.0,11.0,5.0,4.0,4.0,5.0,6.0,7.0,4.0,4.0,2.0,2.0,5.0,8.0,9.0,4.0,2.0,5.0,7.0,9.0,3.0,4.0,3.0,1.0,8.0,12.0,2.0,4.0,4.0,3.0,8.0,7.0,4.0,4.0,0.0,1.0,5.0,13.0,7.0,4.0,0.0,0.0,2.0,8.0,16.0,4.0,5.0,5.0,7.0,10.0,3.0,0.0,5.0,5.0,8.0,8.0,4.0,0.0,3.5,3.1,3.8,3.2,3.4,3.2,4.0,4.5,3.0,3.0
_,_,01:198:111:4A,Intro Computer Sci,"Russo, Mark",297.0,125.0,0.0,1.0,7.0,28.0,58.0,31.0,0.0,1.0,7.0,25.0,61.0,31.0,0.0,1.0,12.0,32.0,48.0,32.0,0.0,0.0,6.0,28.0,60.0,31.0,0.0,0.0,10.0,23.0,54.0,38.0,0.0,0.0,12.0,30.0,52.0,31.0,2.0,0.0,17.0,38.0,39.0,29.0,4.0,1.0,14.0,36.0,40.0,30.0,0.0,2.0,15.0,35.0,56.0,17.0,1.0,3.0,18.0,44.0,47.0,12.0,4.55,4.6,4.4,4.6,4.5,4.4,4.199999999999999,4.1,4.35,4.2
_,_,01:198:112:18,Data Structures,"Miranda Garcia, Antonio",545.0,211.0,6.0,14.0,37.0,58.0,32.0,64.0,5.0,17.0,33.0,54.0,38.0,64.0,8.0,23.0,43.0,43.0,30.0,64.0,4.0,6.0,29.0,66.0,40.0,66.0,3.0,6.0,38.0,54.0,33.0,77.0,7.0,13.0,39.0,57.0,30.0,65.0,3.0,10.0,29.0,61.0,45.0,63.0,0.0,5.0,25.0,58.0,56.0,67.0,16.0,24.0,40.0,65.0,32.0,34.0,5.0,22.0,48.0,76.0,33.0,27.0,3.65,3.7,3.45,3.9,3.85,3.6,3.9,4.15,3.4000000000000004,3.5999999999999996
_,_,01:198:170:03,Computer Applications For Business,"Behl, Jhanavi",43.0,23.0,0.0,0.0,1.0,3.0,1.0,18.0,0.0,0.0,1.0,3.0,1.0,18.0,0.0,0.0,1.0,3.0,1.0,18.0,0.0,0.0,1.0,3.0,1.0,18.0,0.0,0.0,1.0,3.0,1.0,18.0,0.0,0.0,1.0,3.0,1.0,18.0,1.0,1.0,3.0,7.0,2.0,9.0,1.0,5.0,4.0,3.0,1.0,9.0,1.0,1.0,3.0,1.0,5.0,12.0,2.0,1.0,6.0,5.0,6.0,3.0,4.0,4.0,4.0,4.0,4.0,4.0,3.6,2.9,3.7,3.6
_,_,01:198:170:06,Computer Applications For Business,"Pise, Neeraj Nitin",46.0,38.0,0.0,0.0,1.0,5.0,21.0,11.0,0.0,0.0,1.0,4.0,22.0,11.0,0.0,0.0,2.0,5.0,20.0,11.0,0.0,0.0,2.0,2.0,23.0,11.0,0.0,0.0,2.0,6.0,19.0,11.0,0.0,0.0,2.0,5.0,20.0,11.0,0.0,1.0,2.0,11.0,13.0,11.0,1.0,5.0,11.0,5.0,5.0,11.0,0.0,1.0,1.0,10.0,23.0,3.0,0.0,2.0,3.0,19.0,12.0,2.0,4.8,4.85,4.75,4.85,4.7,4.75,4.45,3.25,4.65,4.15
_,_,01:198:170:16,Computer Applications For Business,"Anvekar, Aniket",63.0,22.0,0.0,0.0,4.0,5.0,8.0,5.0,0.0,1.0,0.0,11.0,5.0,5.0,0.0,3.0,3.0,6.0,5.0,5.0,0.0,0.0,2.0,9.0,6.0,5.0,0.0,1.0,5.0,3.0,8.0,5.0,0.0,2.0,2.0,9.0,4.0,5.0,1.0,0.0,1.0,9.0,5.0,6.0,2.0,4.0,4.0,3.0,3.0,6.0,0.0,3.0,6.0,5.0,7.0,1.0,1.0,1.0,9.0,6.0,4.0,1.0,4.2,4.2,3.8,4.2,4.1,3.9,4.1,3.1,3.8,3.5
_,_,01:198:170:19,Computer Applications For Business,"Landge, Sahil",48.0,35.0,0.0,1.0,3.0,10.0,10.0,11.0,0.0,0.0,5.0,7.0,13.0,10.0,1.0,1.0,6.0,8.0,9.0,10.0,0.0,1.0,4.0,8.0,12.0,10.0,0.0,1.0,2.0,7.0,15.0,10.0,0.0,3.0,5.0,9.0,8.0,10.0,1.0,1.0,5.0,10.0,8.0,10.0,6.0,5.0,5.0,2.0,7.0,10.0,1.0,2.0,5.0,13.0,12.0,2.0,3.0,2.0,3.0,15.0,10.0,2.0,4.2,4.3,3.9,4.2,4.4,3.9,3.9,3.0,4.0,3.8
_,_,01:198:170:30,Computer Applications For Business,"Chavan, Pranav Suklal",41.0,23.0,0.0,0.0,0.0,10.0,5.0,8.0,0.0,1.0,1.0,8.0,5.0,8.0,0.0,2.0,4.0,5.0,4.0,8.0,1.0,1.0,2.0,7.0,4.0,8.0,0.0,0.0,0.0,6.0,9.0,8.0,0.0,2.0,4.0,6.0,3.0,8.0,0.0,2.0,1.0,6.0,7.0,7.0,1.0,5.0,0.0,6.0,4.0,7.0,2.0,1.0,5.0,8.0,5.0,2.0,2.0,5.0,5.0,6.0,3.0,2.0,4.3,4.1,3.7,3.8,4.6,3.7,4.1,3.4,3.6,3.1
_,_,01:198:205:01,Introduction To Discrete Structures I,"Gholizadeh Hamidi, Samaneh",203.0,137.0,37.0,34.0,28.0,18.0,10.0,10.0,50.0,36.0,24.0,11.0,6.0,10.0,46.0,31.0,26.0,17.0,6.0,11.0,49.0,26.0,31.0,11.0,10.0,10.0,43.0,25.0,37.0,16.0,6.0,10.0,46.0,26.0,26.0,19.0,10.0,10.0,18.0,22.0,42.0,35.0,9.0,11.0,18.0,24.0,33.0,37.0,14.0,11.0,75.0,25.0,15.0,10.0,7.0,5.0,73.0,29.0,18.0,8.0,4.0,5.0,2.5,2.1,2.3,2.3,2.4,2.4,3.0,3.0,1.9,1.8
_,_,01:198:205:05,Introduction To Discrete Structures I,"Cowan, Charles",278.0,83.0,1.0,3.0,4.0,24.0,26.0,25.0,1.0,1.0,6.0,16.0,34.0,25.0,1.0,1.0,10.0,12.0,34.0,25.0,1.0,0.0,7.0,13.0,37.0,25.0,2.0,4.0,11.0,17.0,24.0,25.0,2.0,2.0,9.0,19.0,26.0,25.0,1.0,6.0,16.0,21.0,17.0,22.0,5.0,11.0,15.0,20.0,10.0,22.0,4.0,3.0,10.0,24.0,32.0,10.0,5.0,8.0,13.0,21.0,8.0,28.0,4.2,4.4,4.3,4.5,4.0,4.1,3.8,3.3,4.1,3.4
_,_,01:198:205:09,Introduction To Discrete Structures I,"Schoepflin, Daniel",151.0,56.0,0.0,1.0,5.0,9.0,21.0,20.0,0.0,2.0,1.0,10.0,23.0,20.0,0.0,2.0,2.0,12.0,20.0,20.0,1.0,1.0,0.0,9.0,25.0,20.0,0.0,2.0,2.0,12.0,20.0,20.0,0.0,1.0,3.0,11.0,21.0,20.0,0.0,0.0,5.0,13.0,18.0,20.0,0.0,6.0,10.0,9.0,11.0,20.0,2.0,1.0,4.0,14.0,31.0,4.0,2.0,2.0,10.0,18.0,17.0,7.0,4.4,4.5,4.4,4.6,4.4,4.4,4.4,3.7,4.4,3.9
_,_,01:198:206:01,Introduction To Discrete Structures II,"Geft, Zvi Gregori",220.0,76.0,4.0,8.0,15.0,21.0,12.0,16.0,5.0,3.0,9.0,28.0,14.0,17.0,5.0,3.0,14.0,21.0,17.0,16.0,1.0,4.0,12.0,26.0,17.0,16.0,0.0,7.0,15.0,21.0,16.0,17.0,5.0,9.0,14.0,18.0,14.0,16.0,2.0,6.0,16.0,23.0,13.0,16.0,4.0,9.0,19.0,19.0,9.0,16.0,11.0,9.0,12.0,17.0,19.0,8.0,11.0,11.0,9.0,20.0,16.0,9.0,3.5,3.7,3.7,3.9,3.8,3.5,3.7,3.3,3.4,3.3
_,_,01:198:206:08,Introduction To Discrete Structures II,"Carver, Noah",52.0,48.0,1.0,2.0,1.0,9.0,30.0,5.0,1.0,2.0,1.0,8.0,31.0,5.0,1.0,0.0,2.0,4.0,36.0,5.0,1.0,0.0,0.0,8.0,32.0,7.0,1.0,2.0,0.0,5.0,35.0,5.0,1.0,1.0,2.0,5.0,33.0,6.0,1.0,1.0,6.0,17.0,19.0,4.0,2.0,7.0,15.0,14.0,6.0,4.0,1.0,1.0,1.0,7.0,36.0,2.0,1.0,3.0,9.0,20.0,14.0,1.0,4.5,4.5,4.7,4.7,4.7,4.6,4.2,3.3,4.7,3.9
_,_,01:198:210:01,Data Management For Data Science,"Marian, Amelie",204.0,58.0,2.0,3.0,4.0,19.0,14.0,16.0,2.0,3.0,6.0,15.0,16.0,16.0,4.0,3.0,5.0,18.0,12.0,16.0,3.0,2.0,7.0,17.0,14.0,15.0,6.0,4.0,8.0,13.0,11.0,16.0,7.0,1.0,9.0,16.0,10.0,15.0,1.0,4.0,6.0,19.0,13.0,15.0,0.0,3.0,5.0,17.0,18.0,15.0,9.0,1.0,11.0,17.0,12.0,8.0,9.0,4.0,11.0,12.0,15.0,7.0,4.0,4.0,3.7,3.9,3.5,3.5,3.9,4.2,3.4,3.4
_,_,01:198:210:05,Data Management For Data Science,"Gunawardena, Ananda",202.0,178.0,3.0,3.0,16.0,61.0,82.0,13.0,1.0,3.0,15.0,61.0,84.0,14.0,1.0,2.0,12.0,52.0,98.0,13.0,1.0,1.0,10.0,47.0,104.0,15.0,0.0,2.0,14.0,50.0,99.0,13.0,1.0,1.0,14.0,51.0,97.0,14.0,0.0,2.0,17.0,76.0,68.0,15.0,1.0,5.0,24.0,72.0,61.0,15.0,2.0,3.0,11.0,58.0,95.0,9.0,1.0,5.0,26.0,58.0,79.0,9.0,4.3,4.4,4.5,4.6,4.5,4.5,4.3,4.2,4.4,4.2
_,_,01:198:210:09,Data Management For Data Science,"Abello Monedero, James",196.0,90.0,13.0,12.0,16.0,19.0,13.0,17.0,16.0,12.0,19.0,13.0,14.0,16.0,15.0,7.0,19.0,17.0,15.0,17.0,13.0,10.0,17.0,22.0,11.0,17.0,13.0,9.0,22.0,13.0,14.0,19.0,14.0,9.0,22.0,17.0,11.0,17.0,4.0,9.0,18.0,25.0,12.0,22.0,0.0,3.0,19.0,31.0,15.0,22.0,24.0,17.0,13.0,16.0,11.0,9.0,22.0,14.0,17.0,18.0,9.0,10.0,3.1,3.0,3.1,3.1,3.1,3.0,3.5,3.9,2.7,2.7
_,_,01:198:211:05,Computer Architecture,"Gavva, Surya Teja",218.0,63.0,1.0,0.0,2.0,9.0,31.0,20.0,0.0,0.0,3.0,10.0,30.0,20.0,0.0,0.0,2.0,9.0,32.0,20.0,0.0,0.0,0.0,7.0,35.0,21.0,0.0,0.0,1.0,6.0,36.0,20.0,0.0,0.0,1.0,10.0,32.0,20.0,0.0,1.0,3.0,14.0,25.0,20.0,0.0,2.0,6.0,12.0,22.0,21.0,0.0,1.0,4.0,16.0,38.0,4.0,1.0,1.0,5.0,14.0,37.0,5.0,4.6,4.6,4.7,4.8,4.8,4.7,4.5,4.3,4.5,4.5
_,_,01:198:336:04,Principles Of Information And Data Management,"Deng, Dong",148.0,45.0,0.0,3.0,9.0,9.0,10.0,14.0,2.0,3.0,11.0,7.0,8.0,14.0,1.0,4.0,11.0,5.0,9.0,15.0,0.0,3.0,7.0,10.0,10.0,15.0,0.0,2.0,9.0,5.0,13.0,16.0,0.0,4.0,13.0,6.0,8.0,14.0,1.0,1.0,8.0,12.0,10.0,13.0,1.0,3.0,8.0,13.0,7.0,13.0,1.0,8.0,8.0,13.0,9.0,6.0,2.0,4.0,11.0,14.0,9.0,5.0,3.8,3.5,3.6,3.9,4.0,3.6,3.9,3.7,3.5,3.6
_,_,01:198:336:09,Principles Of Information And Data Management,"Gale, Abraham",118.0,36.0,4.0,6.0,5.0,10.0,4.0,7.0,3.0,2.0,3.0,11.0,10.0,7.0,2.0,2.0,5.0,11.0,9.0,7.0,1.0,0.0,5.0,5.0,18.0,7.0,1.0,0.0,6.0,5.0,17.0,7.0,4.0,2.0,6.0,9.0,8.0,7.0,1.0,4.0,3.0,11.0,10.0,7.0,0.0,3.0,2.0,15.0,9.0,7.0,8.0,2.0,2.0,12.0,9.0,3.0,5.0,4.0,4.0,12.0,7.0,4.0,3.2,3.8,3.75,4.35,4.300000000000001,3.5,3.8,4.05,3.3499999999999996,3.4
_,_,01:198:344:01,Design And Analysis Of Computer Algorithms,"Gavva, Surya Teja",416.0,153.0,2.0,1.0,11.0,32.0,73.0,34.0,1.0,3.0,7.0,33.0,75.0,34.0,1.0,2.0,8.0,32.0,75.0,35.0,1.0,0.0,0.0,27.0,90.0,35.0,1.0,1.0,4.0,22.0,91.0,34.0,1.0,2.0,9.0,21.0,85.0,35.0,0.0,3.0,11.0,42.0,61.0,36.0,3.0,8.0,22.0,42.0,41.0,37.0,4.0,5.0,11.0,34.0,84.0,15.0,2.0,5.0,16.0,43.0,69.0,18.0,4.475,4.55,4.574999999999999,4.75,4.725,4.6499999999999995,4.4,4.025,4.375,4.275
_,_,01:198:344:06,Design And Analysis Of Computer Algorithms,"Szegedy, Mario",606.0,193.0,23.0,34.0,37.0,40.0,18.0,41.0,11.0,18.0,41.0,50.0,30.0,43.0,20.0,21.0,36.0,42.0,33.0,41.0,6.0,8.0,45.0,48.0,43.0,43.0,5.0,8.0,41.0,55.0,31.0,53.0,20.0,24.0,36.0,43.0,29.0,41.0,8.0,12.0,32.0,63.0,35.0,43.0,6.0,11.0,37.0,62.0,34.0,43.0,42.0,26.0,38.0,39.0,33.0,15.0,24.0,25.0,48.0,52.0,28.0,16.0,2.95,3.4749999999999996,3.325,3.75,3.7,3.225,3.725,3.7,2.95,3.2
_,_,01:198:352:05,Internet Technology,"Gale, Abraham",75.0,16.0,1.0,1.0,3.0,4.0,1.0,6.0,0.0,0.0,1.0,6.0,3.0,6.0,0.0,0.0,3.0,4.0,3.0,6.0,0.0,0.0,1.0,3.0,6.0,6.0,0.0,0.0,1.0,5.0,4.0,6.0,0.0,0.0,2.0,5.0,3.0,6.0,0.0,0.0,3.0,5.0,2.0,6.0,0.0,2.0,2.0,4.0,2.0,6.0,1.0,1.0,3.0,8.0,1.0,2.0,0.0,1.0,5.0,7.0,1.0,2.0,3.4,4.25,4.1,4.5,4.35,4.15,4.0,3.65,3.55,3.65
_,_,01:198:416:01,Operating Systems Design,"Kannan, Sudarsun",218.0,68.0,0.0,3.0,4.0,14.0,33.0,14.0,0.0,0.0,5.0,14.0,35.0,14.0,1.0,0.0,5.0,13.0,35.0,14.0,0.0,1.0,4.0,11.0,38.0,14.0,1.0,0.0,5.0,13.0,35.0,14.0,1.0,1.0,6.0,11.0,35.0,14.0,1.0,0.0,3.0,15.0,34.0,15.0,0.0,2.0,7.0,16.0,29.0,14.0,2.0,1.0,7.0,12.0,42.0,4.0,1.0,3.0,6.0,18.0,36.0,4.0,4.4,4.574999999999999,4.475,4.6,4.45,4.449999999999999,4.55,4.375,4.4,4.324999999999999
_,_,01:198:439:01,Introduction To Data Science,"Zhang, Yongfeng",224.0,65.0,0.0,0.0,4.0,16.0,22.0,23.0,1.0,2.0,2.0,17.0,20.0,23.0,0.0,4.0,7.0,15.0,16.0,23.0,1.0,1.0,1.0,21.0,18.0,23.0,0.0,0.0,5.0,17.0,20.0,23.0,1.0,3.0,5.0,16.0,17.0,23.0,0.0,2.0,7.0,17.0,17.0,22.0,0.0,1.0,7.0,11.0,24.0,22.0,2.0,3.0,7.0,22.0,21.0,10.0,3.0,2.0,14.0,20.0,17.0,9.0,4.4,4.3,4.0,4.3,4.4,4.1,4.1,4.4,4.0,3.8
_,_,01:198:439:04,Introduction To Data Science,"Thatikonda, Sai Samhith",59.0,15.0,0.0,0.0,1.0,3.0,3.0,8.0,0.0,0.0,1.0,3.0,3.0,8.0,0.0,0.0,2.0,2.0,3.0,8.0,0.0,0.0,1.0,3.0,3.0,8.0,0.0,0.0,2.0,2.0,3.0,8.0,0.0,0.0,2.0,2.0,3.0,8.0,0.0,0.0,0.0,5.0,4.0,6.0,0.0,0.0,2.0,4.0,3.0,6.0,0.0,0.0,3.0,3.0,5.0,4.0,0.0,0.0,2.0,7.0,4.0,2.0,4.3,4.3,4.1,4.3,4.1,4.1,4.4,4.1,4.2,4.2
_,_,01:198:440:01,Introduction To Artificial Intelligence,"Wang, Xintong",163.0,53.0,0.0,0.0,3.0,13.0,26.0,11.0,0.0,2.0,4.0,6.0,30.0,11.0,2.0,1.0,4.0,13.0,22.0,11.0,0.0,1.0,2.0,13.0,26.0,11.0,0.0,2.0,4.0,7.0,26.0,14.0,1.0,0.0,7.0,13.0,20.0,12.0,1.0,2.0,2.0,10.0,26.0,12.0,0.0,0.0,4.0,14.0,23.0,12.0,2.0,3.0,2.0,17.0,26.0,3.0,1.0,2.0,5.0,17.0,26.0,2.0,4.6,4.5,4.2,4.5,4.5,4.2,4.4,4.5,4.2,4.3
_,_,01:198:461:01,Machine Learning Principles,"Kim, Diana",114.0,34.0,1.0,1.0,5.0,11.0,5.0,11.0,2.0,0.0,5.0,7.0,9.0,11.0,1.0,3.0,5.0,10.0,4.0,11.0,1.0,0.0,2.0,9.0,11.0,11.0,1.0,1.0,5.0,5.0,11.0,11.0,1.0,4.0,5.0,5.0,7.0,12.0,1.0,2.0,5.0,6.0,9.0,11.0,2.0,1.0,4.0,7.0,9.0,11.0,3.0,5.0,10.0,4.0,6.0,6.0,3.0,4.0,9.0,8.0,5.0,5.0,3.8,3.9,3.6,4.3,4.0,3.6,3.9,3.9,3.2,3.3
_,_,01:198:462:01,Introduction To Deep Learning,"Wang, Hao",148.0,106.0,2.0,3.0,8.0,29.0,56.0,8.0,5.0,2.0,12.0,22.0,56.0,9.0,3.0,8.0,10.0,22.0,55.0,8.0,2.0,3.0,12.0,26.0,54.0,9.0,1.0,2.0,5.0,27.0,60.0,11.0,2.0,9.0,15.0,22.0,50.0,8.0,3.0,5.0,11.0,38.0,40.0,9.0,2.0,4.0,9.0,29.0,50.0,12.0,7.0,6.0,12.0,27.0,48.0,6.0,2.0,9.0,11.0,33.0,44.0,7.0,4.325,4.225,4.1,4.25,4.475,4.025,4.025,4.300000000000001,3.9,4.0
_,_,01:198:103:01,Introduction To Computer Infrastructure,"Hedrick, Charles",36.0,13.0,0.0,0.0,1.0,7.0,5.0,0.0,0.0,1.0,0.0,8.0,4.0,0.0,0.0,1.0,2.0,8.0,2.0,0.0,0.0,0.0,1.0,6.0,6.0,0.0,0.0,0.0,0.0,7.0,5.0,1.0,0.0,0.0,3.0,6.0,4.0,0.0,0.0,1.0,3.0,9.0,0.0,0.0,0.0,1.0,2.0,9.0,1.0,0.0,0.0,1.0,0.0,7.0,5.0,0.0,0.0,0.0,1.0,8.0,2.0,2.0,4.3,4.2,3.9,4.4,4.4,4.1,3.6,3.8,4.2,4.1
_,_,01:198:170:96,Computer Applications For Business,"Neb, Nabhanya",45.0,31.0,0.0,2.0,4.0,12.0,13.0,0.0,2.0,1.0,2.0,12.0,13.0,1.0,0.0,3.0,5.0,12.0,11.0,0.0,2.0,2.0,2.0,12.0,13.0,0.0,3.0,1.0,5.0,11.0,11.0,0.0,1.0,4.0,2.0,15.0,9.0,0.0,2.0,2.0,5.0,14.0,7.0,1.0,4.0,2.0,14.0,8.0,3.0,0.0,2.0,3.0,4.0,8.0,13.0,1.0,3.0,2.0,11.0,11.0,4.0,0.0,4.2,4.1,4.0,4.0,3.8,3.9,3.7,3.1,3.9,3.4
_,_,01:198:206:01,Introduction To Discrete Structures II,"Kulikowski, Casimir",127.0,51.0,10.0,20.0,10.0,10.0,1.0,0.0,11.0,12.0,6.0,17.0,4.0,1.0,11.0,14.0,10.0,10.0,6.0,0.0,5.0,9.0,4.0,19.0,12.0,2.0,10.0,10.0,18.0,8.0,4.0,1.0,15.0,18.0,9.0,9.0,0.0,0.0,9.0,13.0,16.0,10.0,2.0,1.0,4.0,7.0,18.0,16.0,4.0,2.0,22.0,11.0,10.0,7.0,1.0,0.0,18.0,11.0,11.0,7.0,2.0,2.0,2.5,2.8,2.7,3.5,2.7,2.2,2.7,3.2,2.1,2.3
_,_,01:198:206:07,Introduction To Discrete Structures II,"Do not use, ERROR",47.0,32.0,0.0,1.0,2.0,2.0,1.0,26.0,0.0,0.0,1.0,3.0,2.0,26.0,0.0,1.0,3.0,1.0,1.0,26.0,0.0,0.0,0.0,3.0,3.0,26.0,0.0,0.0,1.0,1.0,2.0,28.0,0.0,1.0,2.0,2.0,1.0,26.0,1.0,1.0,8.0,16.0,5.0,1.0,5.0,3.0,9.0,8.0,6.0,1.0,0.0,1.0,1.0,3.0,1.0,26.0,2.0,6.0,5.0,15.0,3.0,1.0,3.5,4.2,3.3,4.5,4.3,3.5,3.7,3.2,3.7,3.4
_,_,01:198:211:05,Computer Architecture,"Huang, Yipeng",686.0,256.0,1.0,3.0,11.0,60.0,157.0,24.0,3.0,5.0,12.0,69.0,144.0,23.0,2.0,11.0,27.0,54.0,138.0,24.0,3.0,7.0,15.0,57.0,152.0,22.0,3.0,6.0,12.0,60.0,150.0,25.0,3.0,4.0,22.0,68.0,135.0,24.0,2.0,6.0,28.0,74.0,124.0,22.0,5.0,17.0,53.0,87.0,72.0,22.0,4.0,5.0,18.0,57.0,163.0,9.0,3.0,11.0,25.0,89.0,120.0,8.0,4.575,4.425,4.324999999999999,4.425,4.5,4.375,4.35,3.85,4.475,4.225
_,_,01:198:314:01,Principles Of Programming Languages,"Francisco, John-Austen",161.0,39.0,0.0,1.0,12.0,11.0,15.0,0.0,0.0,2.0,6.0,12.0,19.0,0.0,0.0,3.0,7.0,10.0,19.0,0.0,0.0,3.0,4.0,12.0,20.0,0.0,0.0,1.0,8.0,12.0,18.0,0.0,0.0,3.0,9.0,11.0,16.0,0.0,0.0,1.0,11.0,13.0,13.0,1.0,2.0,4.0,12.0,12.0,9.0,0.0,0.0,5.0,8.0,14.0,12.0,0.0,0.0,2.0,12.0,15.0,10.0,0.0,4.0,4.2,4.15,4.25,4.2,4.0,4.0,3.55,3.85,3.8499999999999996
_,_,01:198:323:01,Numer Anal Computing,"Miranda Garcia, Antonio",146.0,28.0,1.0,1.0,2.0,11.0,13.0,0.0,3.0,2.0,2.0,11.0,10.0,0.0,3.0,1.0,5.0,7.0,12.0,0.0,1.0,1.0,3.0,11.0,12.0,0.0,0.0,2.0,2.0,13.0,10.0,1.0,2.0,2.0,3.0,10.0,11.0,0.0,1.0,1.0,3.0,12.0,11.0,0.0,1.0,2.0,7.0,10.0,8.0,0.0,3.0,0.0,5.0,9.0,11.0,0.0,2.0,1.0,3.0,12.0,10.0,0.0,4.2,3.8,3.9,4.1,4.2,3.9,4.1,3.8,3.9,4.0
_,_,01:198:352:01,Internet Technology,"Nath, Badri",248.0,65.0,1.0,9.0,14.0,20.0,20.0,1.0,7.0,11.0,16.0,11.0,18.0,2.0,3.0,5.0,20.0,13.0,20.0,4.0,5.0,10.0,15.0,14.0,19.0,2.0,4.0,10.0,16.0,16.0,16.0,3.0,5.0,9.0,23.0,9.0,18.0,1.0,2.0,1.0,12.0,25.0,22.0,3.0,0.0,8.0,11.0,22.0,20.0,4.0,9.0,5.0,19.0,13.0,17.0,2.0,7.0,6.0,17.0,15.0,17.0,3.0,3.85,3.4,3.75,3.6,3.55,3.45,4.05,3.9,3.45,3.5
_,_,01:198:405:01,Sem Computer&society,"Kulikowski, Casimir",96.0,31.0,0.0,4.0,4.0,8.0,10.0,5.0,4.0,0.0,2.0,8.0,12.0,5.0,4.0,1.0,1.0,7.0,13.0,5.0,0.0,1.0,2.0,10.0,13.0,5.0,1.0,1.0,5.0,7.0,10.0,7.0,3.0,3.0,2.0,6.0,11.0,6.0,3.0,1.0,3.0,10.0,7.0,7.0,1.0,1.0,6.0,11.0,5.0,7.0,2.0,2.0,2.0,11.0,12.0,2.0,2.0,5.0,3.0,7.0,11.0,3.0,3.9,3.95,4.0,4.4,3.9499999999999997,3.75,3.75,3.8,4.0,3.75
_,_,01:198:415:01,Compilers,"Kremer, Ulrich",35.0,13.0,0.0,0.0,1.0,5.0,7.0,0.0,0.0,0.0,0.0,5.0,8.0,0.0,0.0,0.0,2.0,6.0,5.0,0.0,0.0,0.0,0.0,5.0,8.0,0.0,0.0,0.0,4.0,3.0,6.0,0.0,0.0,1.0,2.0,6.0,4.0,0.0,0.0,0.0,3.0,5.0,5.0,0.0,0.0,1.0,4.0,3.0,5.0,0.0,0.0,1.0,0.0,6.0,6.0,0.0,0.0,2.0,0.0,5.0,6.0,0.0,4.5,4.6,4.2,4.6,4.2,4.0,4.2,3.9,4.3,4.2
_,_,01:198:417:01,Distributed Systems: Concepts And Design,"Francisco, John-Austen",11.0,2.0,0.0,0.0,0.0,1.0,1.0,0.0,0.0,0.0,0.0,1.0,1.0,0.0,0.0,0.0,0.0,0.0,2.0,0.0,0.0,0.0,0.0,0.0,2.0,0.0,0.0,0.0,2.0,0.0,0.0,0.0,0.0,0.0,0.0,0.0,2.0,0.0,0.0,0.0,0.0,1.0,1.0,0.0,0.0,0.0,0.0,1.0,1.0,0.0,0.0,0.0,0.0,2.0,0.0,0.0,0.0,0.0,2.0,0.0,0.0,0.0,4.5,4.5,5.0,5.0,3.0,5.0,4.5,4.5,4.0,3.0
_,_,01:198:425:01,Brain-Inspired Computing,"Michmizos, Konstantinos",269.0,114.0,1.0,1.0,4.0,35.0,68.0,5.0,1.0,4.0,6.0,19.0,78.0,6.0,1.0,3.0,5.0,21.0,78.0,6.0,1.0,3.0,2.0,23.0,79.0,6.0,1.0,0.0,5.0,25.0,76.0,7.0,1.0,4.0,7.0,20.0,76.0,6.0,2.0,2.0,6.0,33.0,65.0,6.0,2.0,2.0,15.0,45.0,43.0,7.0,1.0,2.0,4.0,25.0,79.0,3.0,1.0,3.0,4.0,32.0,70.0,4.0,4.6,4.65,4.625,4.675,4.65,4.625,4.550000000000001,4.199999999999999,4.675,4.6
_,_,01:198:428:01,Introduction To Computer Graphics,"Aanjaneya, Mridul",67.0,23.0,0.0,0.0,1.0,7.0,15.0,0.0,0.0,0.0,1.0,6.0,15.0,1.0,0.0,0.0,2.0,8.0,13.0,0.0,0.0,0.0,1.0,7.0,15.0,0.0,0.0,0.0,1.0,10.0,12.0,0.0,0.0,0.0,5.0,9.0,9.0,0.0,0.0,0.0,2.0,12.0,8.0,1.0,0.0,0.0,4.0,11.0,7.0,1.0,0.0,1.0,1.0,10.0,11.0,0.0,0.0,1.0,3.0,11.0,8.0,0.0,4.6,4.6,4.5,4.6,4.5,4.2,4.3,4.1,4.4,4.1
_,_,01:198:110:04,Principles Of Computer Science,"Shah, Anand",24.0,17.0,0.0,0.0,0.0,7.0,6.0,4.0,0.0,0.0,0.0,9.0,4.0,4.0,0.0,0.0,2.0,6.0,5.0,4.0,0.0,0.0,0.0,7.0,6.0,4.0,0.0,0.0,0.0,6.0,7.0,4.0,0.0,0.0,1.0,9.0,3.0,4.0,0.0,0.0,3.0,5.0,8.0,1.0,0.0,1.0,3.0,5.0,6.0,2.0,0.0,0.0,1.0,5.0,7.0,4.0,0.0,0.0,2.0,9.0,5.0,1.0,4.5,4.3,4.2,4.5,4.5,4.2,4.3,4.1,4.5,4.2
_,_,01:198:205:06,Introduction To Discrete Structures I,"Srikanta, Karthik",276.0,114.0,2.0,4.0,7.0,49.0,51.0,1.0,1.0,2.0,10.0,41.0,59.0,1.0,5.0,3.0,9.0,41.0,54.0,2.0,1.0,1.0,12.0,36.0,61.0,3.0,1.0,2.0,10.0,27.0,73.0,1.0,4.0,4.0,10.0,34.0,60.0,2.0,2.0,6.0,19.0,57.0,30.0,0.0,15.0,24.0,41.0,21.0,13.0,0.0,8.0,2.0,10.0,41.0,53.0,0.0,5.0,7.0,16.0,61.0,25.0,0.0,4.3,4.4,4.2,4.4,4.5,4.3,3.9,2.9,4.1,3.8
_,_,01:198:211:08,Computer Architecture,"Bekris, Kostas",54.0,16.0,0.0,0.0,1.0,1.0,2.0,12.0,0.0,0.0,1.0,1.0,2.0,12.0,0.0,0.0,1.0,1.0,2.0,12.0,0.0,0.0,1.0,1.0,2.0,12.0,0.0,0.0,1.0,1.0,2.0,12.0,0.0,0.0,1.0,1.0,2.0,12.0,0.0,0.0,2.0,8.0,6.0,0.0,0.0,1.0,6.0,5.0,4.0,0.0,0.0,0.0,0.0,1.0,2.0,13.0,0.0,0.0,1.0,9.0,6.0,0.0,4.3,4.3,4.3,4.3,4.3,4.3,4.3,3.8,4.7,4.3
_,_,01:198:314:01,Principles Of Programming Languages,"Kremer, Ulrich",200.0,52.0,1.0,0.0,7.0,21.0,21.0,2.0,1.0,2.0,3.0,19.0,25.0,2.0,2.0,0.0,11.0,19.0,18.0,2.0,1.0,1.0,2.0,18.0,28.0,2.0,1.0,0.0,4.0,14.0,29.0,4.0,2.0,1.0,6.0,19.0,22.0,2.0,1.0,0.0,10.0,22.0,17.0,2.0,1.0,6.0,14.0,18.0,11.0,2.0,2.0,1.0,5.0,14.0,28.0,2.0,1.0,2.0,4.0,26.0,17.0,2.0,4.2,4.3,4.0,4.4,4.5,4.2,4.1,3.6,4.3,4.1
_,_,01:198:415:01,Compilers,"Zhang, Zheng",29.0,5.0,0.0,0.0,0.0,3.0,2.0,0.0,0.0,0.0,1.0,3.0,1.0,0.0,0.0,1.0,0.0,3.0,1.0,0.0,0.0,0.0,1.0,3.0,1.0,0.0,0.0,0.0,2.0,3.0,0.0,0.0,0.0,1.0,0.0,2.0,2.0,0.0,0.0,0.0,0.0,3.0,2.0,0.0,0.0,0.0,2.0,0.0,3.0,0.0,0.0,1.0,1.0,3.0,0.0,0.0,0.0,1.0,1.0,3.0,0.0,0.0,4.4,4.0,3.8,4.0,3.6,4.0,4.4,4.2,3.4,3.4
_,_,01:198:419:01,Computer Security,"Fan, Xiong",64.0,15.0,4.0,3.0,2.0,4.0,1.0,1.0,2.0,5.0,2.0,4.0,0.0,2.0,3.0,4.0,3.0,3.0,1.0,1.0,1.0,2.0,5.0,4.0,2.0,1.0,3.0,2.0,5.0,3.0,1.0,1.0,5.0,4.0,1.0,2.0,2.0,1.0,5.0,2.0,3.0,3.0,1.0,1.0,0.0,1.0,0.0,5.0,8.0,1.0,7.0,3.0,2.0,2.0,0.0,1.0,6.0,2.0,5.0,1.0,0.0,1.0,2.6,2.6,2.6,3.3,2.8,2.4,2.5,4.4,1.9,2.1
_,_,01:198:431:01,Software Engineering,"Zhai, Juan",49.0,13.0,2.0,1.0,2.0,2.0,6.0,0.0,2.0,1.0,1.0,5.0,4.0,0.0,2.0,1.0,5.0,2.0,3.0,0.0,2.0,1.0,2.0,4.0,4.0,0.0,4.0,0.0,2.0,4.0,3.0,0.0,2.0,2.0,2.0,3.0,4.0,0.0,1.0,1.0,4.0,5.0,2.0,0.0,0.0,0.0,3.0,5.0,5.0,0.0,4.0,0.0,1.0,7.0,1.0,0.0,3.0,0.0,4.0,3.0,3.0,0.0,3.7,3.6,3.2,3.5,3.2,3.4,3.5,4.2,3.1,3.2
_,_,01:198:461:01,Machine Learning Principles,"Zhang, Qiong",49.0,38.0,0.0,0.0,4.0,15.0,19.0,0.0,0.0,1.0,4.0,15.0,18.0,0.0,0.0,1.0,8.0,8.0,21.0,0.0,0.0,0.0,4.0,11.0,23.0,0.0,0.0,1.0,4.0,10.0,23.0,0.0,0.0,1.0,8.0,13.0,16.0,0.0,0.0,1.0,5.0,12.0,20.0,0.0,0.0,0.0,7.0,14.0,17.0,0.0,0.0,1.0,7.0,16.0,14.0,0.0,0.0,0.0,9.0,14.0,15.0,0.0,4.4,4.3,4.3,4.5,4.5,4.2,4.3,4.3,4.1,4.2
_,_,01:198:462:01,Introduction To Deep Learning,"Elgammal, Ahmed",60.0,15.0,0.0,0.0,3.0,6.0,6.0,0.0,0.0,0.0,4.0,3.0,8.0,0.0,0.0,0.0,5.0,3.0,7.0,0.0,0.0,0.0,2.0,5.0,7.0,1.0,0.0,0.0,4.0,3.0,8.0,0.0,0.0,1.0,3.0,5.0,6.0,0.0,0.0,1.0,3.0,6.0,5.0,0.0,0.0,0.0,3.0,4.0,8.0,0.0,0.0,1.0,4.0,5.0,5.0,0.0,0.0,1.0,4.0,6.0,4.0,0.0,4.2,4.3,4.1,4.4,4.3,4.1,4.0,4.3,3.9,3.9
_,_,01:198:496:01,Computer Science Honors Capstone        Program,"Venugopal, Sesh",20.0,7.0,0.0,0.0,0.0,1.0,5.0,1.0,0.0,0.0,0.0,1.0,5.0,1.0,0.0,0.0,0.0,1.0,5.0,1.0,0.0,0.0,0.0,1.0,5.0,1.0,0.0,0.0,0.0,1.0,4.0,2.0,0.0,0.0,0.0,1.0,5.0,1.0,0.0,0.0,0.0,2.0,4.0,1.0,0.0,0.0,1.0,1.0,4.0,1.0,0.0,0.0,0.0,1.0,5.0,1.0,0.0,0.0,0.0,1.0,5.0,1.0,4.85,4.85,4.85,4.85,4.85,4.85,4.65,4.5,4.85,4.85
_,_,01:198:111:20,Intro Computer Sci,"Wahi, Anjali",184.0,76.0,1.0,5.0,8.0,28.0,14.0,20.0,1.0,3.0,10.0,25.0,17.0,20.0,2.0,7.0,12.0,20.0,15.0,20.0,0.0,2.0,8.0,30.0,16.0,20.0,1.0,2.0,10.0,19.0,16.0,28.0,0.0,9.0,15.0,16.0,16.0,20.0,1.0,5.0,14.0,26.0,13.0,17.0,4.0,5.0,11.0,25.0,14.0,17.0,5.0,7.0,13.0,24.0,19.0,8.0,8.0,6.0,18.0,26.0,14.0,4.0,3.9,4.0,3.7,4.1,4.0,3.7,3.8,3.7,3.7,3.4
_,_,01:198:205:01,Introduction To Discrete Structures I,"Garg, Sumegha",265.0,91.0,3.0,13.0,9.0,32.0,14.0,20.0,4.0,6.0,15.0,31.0,15.0,20.0,5.0,12.0,16.0,28.0,10.0,20.0,3.0,2.0,7.0,38.0,21.0,20.0,3.0,3.0,11.0,36.0,16.0,22.0,6.0,7.0,18.0,27.0,13.0,20.0,2.0,8.0,15.0,34.0,12.0,20.0,5.0,14.0,22.0,21.0,9.0,20.0,11.0,12.0,22.0,29.0,13.0,4.0,9.0,8.0,25.0,31.0,13.0,5.0,3.6,3.7,3.4,4.0,3.9,3.5,3.7,3.2,3.2,3.4
_,_,01:198:210:01,Data Management For Data Science,"Venugopal, Sesh",212.0,76.0,0.0,2.0,6.0,20.0,24.0,24.0,1.0,3.0,8.0,21.0,19.0,24.0,0.0,2.0,13.0,19.0,18.0,24.0,0.0,4.0,13.0,17.0,18.0,24.0,2.0,4.0,9.0,20.0,17.0,24.0,0.0,3.0,11.0,21.0,17.0,24.0,2.0,2.0,9.0,25.0,15.0,23.0,1.0,3.0,5.0,28.0,16.0,23.0,0.0,3.0,16.0,23.0,25.0,9.0,2.0,3.0,19.0,23.0,19.0,10.0,4.3,4.0,4.0,3.9,3.9,4.0,3.9,4.0,4.0,3.8
_,_,01:198:416:02,Operating Systems Design,"Jing, Eric",31.0,8.0,0.0,0.0,0.0,1.0,0.0,7.0,0.0,0.0,0.0,1.0,0.0,7.0,0.0,0.0,0.0,1.0,0.0,7.0,0.0,0.0,0.0,1.0,0.0,7.0,0.0,0.0,0.0,1.0,0.0,7.0,0.0,0.0,0.0,1.0,0.0,7.0,0.0,0.0,0.0,1.0,6.0,1.0,0.0,2.0,0.0,4.0,1.0,1.0,0.0,0.0,0.0,1.0,1.0,6.0,0.0,0.0,0.0,3.0,5.0,0.0,4.0,4.0,4.0,4.0,4.0,4.0,4.9,3.6,4.5,4.6
_,_,01:198:462:01,Introduction To Deep Learning,"Cowan, Charles",160.0,57.0,0.0,2.0,2.0,11.0,36.0,6.0,1.0,1.0,1.0,8.0,40.0,6.0,0.0,1.0,3.0,8.0,39.0,6.0,0.0,0.0,2.0,7.0,42.0,6.0,0.0,0.0,4.0,7.0,38.0,8.0,1.0,1.0,1.0,12.0,36.0,6.0,1.0,2.0,2.0,9.0,35.0,8.0,0.0,2.0,3.0,13.0,30.0,9.0,0.0,1.0,1.0,10.0,39.0,6.0,1.0,6.0,1.0,15.0,28.0,6.0,4.65,4.7,4.699999999999999,4.85,4.8,4.7,4.6,4.45,4.75,4.4
_,_,01:198:463:01,Design And Analysis Of Randomized       Algorithms,"Bernstein, Aaron",40.0,22.0,1.0,0.0,0.0,2.0,18.0,1.0,1.0,0.0,0.0,2.0,18.0,1.0,1.0,0.0,0.0,2.0,18.0,1.0,1.0,0.0,0.0,1.0,19.0,1.0,1.0,0.0,1.0,1.0,18.0,1.0,1.0,0.0,0.0,2.0,18.0,1.0,1.0,0.0,0.0,2.0,16.0,3.0,1.0,0.0,1.0,12.0,5.0,3.0,0.0,0.0,0.0,1.0,19.0,2.0,0.0,0.0,0.0,2.0,18.0,2.0,4.7,4.7,4.7,4.8,4.7,4.7,4.7,4.1,5.0,4.9
